[ PowerStructure(GrpPC) |
    PCGroup(\[ 10, 2, 2, 2, 2, 2, 2, 2, 2, 2, 2, 25925, 7455, 5425, 1365, 58246,
    4496, 7866, 2276, 71687, 2577, 5147, 4517, 1177, 46088, 20178, 2908, 758, 
    25609, 35219, 22429, 10439 ]),

    PCGroup(\[ 10, 2, 2, 2, 2, 2, 2, 2, 2, 2, 2, 963, 20173, 343, 2885, 29535, 
    145, 58246, 2266, 4516, 2006, 2016, 71687, 1307, 8357, 1327, 1817, 46088, 
    10108, 7958, 768, 2398, 25609, 17629, 839, 5649, 1459 ]),

    PCGroup(\[ 10, 2, 2, 2, 2, 2, 2, 2, 2, 2, 2, 963, 12493, 343, 2885, 18015, 
    145, 31366, 2266, 7316, 3686, 20487, 1307, 4527, 2297, 11528, 10108, 5798, 
    2928, 89609, 17629, 3239, 1649 ]),

    PCGroup(\[ 10, 2, 2, 2, 2, 2, 2, 2, 2, 2, 2, 50404, 25214, 36485, 10575, 
    11065, 515, 35846, 8976, 11226, 316, 74888, 2898, 21628, 3998, 6409, 41619, 
    4829, 7639 ]),

    PCGroup(\[ 10, 2, 2, 2, 2, 2, 2, 2, 2, 2, 2, 50404, 25214, 1744, 28805, 
    27855, 5305, 515, 1965, 26886, 33616, 4506, 316, 2706, 17288, 28818, 1468, 
    3998, 4548, 96009, 19219, 20829, 7639, 249 ]),

    PCGroup(\[ 10, 2, 2, 2, 2, 2, 2, 2, 2, 2, 2, 8414, 11924, 30725, 6735, 985, 
    3155, 42566, 4496, 586, 3956, 2006, 53767, 2577, 4507, 2597, 1327, 72008, 
    20178, 7948, 1478, 768, 3209, 35219, 15229, 11239 ]),

    PCGroup(\[ 10, 2, 2, 2, 2, 2, 2, 2, 2, 2, 2, 20163, 10413, 1223, 5073, 3334,
    49925, 1935, 4345, 7355, 2085, 295, 56006, 1136, 5626, 8296, 2566, 206, 
    6437, 8678 ]),

    PCGroup(\[ 10, 2, 2, 2, 2, 2, 2, 2, 2, 2, 2, 643, 183, 404, 124, 4835, 2445,
    31366, 4496, 8986, 3266, 20487, 2577, 14107, 2767, 11528, 20178, 18748, 
    10478, 89609, 35219, 1629, 2039 ]),

    PCGroup(\[ 10, 2, 2, 2, 2, 2, 2, 2, 2, 2, 2, 42804, 10014, 724, 5734, 744, 
    3525, 67206, 2266, 2846, 2156, 626, 20487, 1307, 2287, 697, 397, 11528, 
    21628, 3288, 418, 268 ]),

    PCGroup(\[ 10, 2, 2, 2, 2, 2, 2, 2, 2, 2, 2, 35203, 333, 43604, 214, 28805, 
    22095, 13945, 285, 26886, 22416, 16826, 186, 17288, 43218, 14428, 3998, 
    96009, 9619, 9629, 7639 ]),

    PCGroup(\[ 10, 2, 2, 2, 2, 2, 2, 2, 2, 2, 2, 17283, 333, 21204, 214, 53766, 
    4496, 10106, 8436, 2146, 626, 35847, 2577, 12827, 8037, 1327, 397, 51848, 
    43218, 17308, 7598, 768, 268 ]),

    PCGroup(\[ 10, 2, 2, 2, 2, 2, 2, 2, 2, 2, 2, 38004, 15014, 11924, 2134, 
    48005, 6735, 985, 2675, 58246, 4496, 586, 2276, 1166, 71687, 2577, 4507, 
    4517, 46088, 20178, 7948, 758, 408, 25609, 35219, 15229, 10439 ]),

    PCGroup(\[ 10, 2, 2, 2, 2, 2, 2, 2, 2, 2, 2, 38004, 15014, 11924, 2134, 
    3044, 48005, 6735, 985, 2675, 3765, 58246, 4496, 586, 2276, 3126, 71687, 
    2577, 4507, 4517, 4207, 46088, 20178, 7948, 758, 5088, 25609, 35219, 15229, 
    10439, 2849 ]),

    PCGroup(\[ 10, 2, 2, 2, 2, 2, 2, 2, 2, 2, 2, 643, 5453, 1703, 404, 6614, 
    2224, 40325, 27855, 1465, 525, 40967, 30737, 3867, 207, 12809, 19219, 14429,
    8439 ]),

    PCGroup(\[ 10, 2, 2, 2, 2, 2, 2, 2, 2, 2, 2, 2885, 1935, 745, 395, 5606, 
    1136, 1426, 736, 35857, 5157, 1337, 23058, 10118, 1328, 12819, 1639, 459 ]),

    PCGroup(\[ 10, 2, 2, 2, 2, 2, 2, 2, 2, 2, 2, 2004, 614, 324, 1445, 1215, 
    625, 31366, 12346, 2286, 336, 20487, 10267, 3567, 217, 11528, 20188, 2568, 
    2398, 89609, 3229, 449, 2259 ]),

    PCGroup(\[ 10, 2, 2, 2, 2, 2, 2, 2, 2, 2, 2, 2004, 614, 324, 644, 1445, 
    1215, 625, 415, 31366, 12346, 2286, 336, 20487, 10267, 3567, 217, 11528, 
    20188, 2568, 2398, 89609, 3229, 449, 2259 ]),

    PCGroup(\[ 10, 2, 2, 2, 2, 2, 2, 2, 2, 2, 2, 10604, 614, 144, 31366, 14586, 
    606, 20487, 17947, 367, 11528, 11548, 4008, 89609, 6429, 2849 ]),

    PCGroup(\[ 10, 2, 2, 2, 2, 2, 2, 2, 2, 2, 2, 2004, 614, 324, 244, 1445, 
    1215, 625, 175, 20487, 10267, 2607, 11528, 20188, 2578, 89609, 3229, 849 ]),

    PCGroup(\[ 10, 2, 2, 2, 2, 2, 2, 2, 2, 2, 2, 2885, 12735, 745, 4496, 8436, 
    1036, 626, 2577, 2597, 1657, 397, 43218, 1478, 2218, 268 ]),

    PCGroup(\[ 10, 2, 2, 2, 2, 2, 2, 2, 2, 2, 2, 20204, 614, 44165, 13945, 285, 
    1015, 8966, 16826, 186, 626, 5127, 5147, 4367, 397, 86408, 2908, 4188, 268 
    ]),

    PCGroup(\[ 10, 2, 2, 2, 2, 2, 2, 2, 2, 2, 2, 2885, 12735, 745, 4496, 8436, 
    2156, 626, 2577, 2597, 397, 43218, 1478, 268 ]),

    PCGroup(\[ 10, 2, 2, 2, 2, 2, 2, 2, 2, 2, 2, 20204, 614, 3144, 44165, 13945,
    285, 1015, 8966, 16826, 186, 626, 5127, 5147, 4367, 397, 86408, 2908, 4188, 
    268 ]),

    PCGroup(\[ 10, 2, 2, 2, 2, 2, 2, 2, 2, 2, 2, 20204, 614, 144, 8966, 16826, 
    4246, 626, 5127, 5147, 397, 86408, 2908, 268 ]),

    PCGroup(\[ 10, 2, 2, 2, 2, 2, 2, 2, 2, 2, 2, 20204, 614, 1544, 44165, 13945,
    285, 1015, 8966, 16826, 186, 626, 5127, 5147, 4367, 397, 86408, 2908, 4188, 
    268 ]),

    PCGroup(\[ 10, 2, 2, 2, 2, 2, 2, 2, 2, 2, 2, 20204, 614, 144, 8966, 16826, 
    2006, 626, 5127, 5147, 3247, 397, 86408, 2908, 4368, 268 ]),

    PCGroup(\[ 10, 2, 2, 2, 2, 2, 2, 2, 2, 2, 2, 2885, 12735, 745, 1015, 4496, 
    8436, 2156, 626, 2577, 2597, 397, 43218, 1478, 268 ]),

    PCGroup(\[ 10, 2, 2, 2, 2, 2, 2, 2, 2, 2, 2, 20204, 614, 1644, 44165, 13945,
    285, 1015, 8966, 16826, 186, 626, 5127, 5147, 4367, 397, 86408, 2908, 4188, 
    268 ]),

    PCGroup(\[ 10, 2, 2, 2, 2, 2, 2, 2, 2, 2, 2, 2885, 12735, 745, 1015, 4496, 
    8436, 1036, 626, 2577, 2597, 1657, 397, 43218, 1478, 2218, 268 ]),

    PCGroup(\[ 10, 2, 2, 2, 2, 2, 2, 2, 2, 2, 2, 13443, 11773, 10023, 16404, 
    14914, 12624, 4835, 2445, 35846, 4496, 4506, 4106, 56327, 2577, 8987, 4517, 
    2767, 74888, 20178, 1468, 4188, 6409, 35219, 20829, 6039 ]),

    PCGroup(\[ 10, 2, 2, 2, 2, 2, 2, 2, 2, 2, 2, 3204, 20614, 6024, 2534, 1126, 
    30536, 7586, 3956, 20497, 10267, 1327, 697, 387, 40338, 20188, 768, 418, 
    248, 6419, 3229, 2859 ]),

    PCGroup(\[ 10, 2, 2, 2, 2, 2, 2, 2, 2, 2, 2, 18735, 31366, 4496, 8986, 3966,
    20487, 2577, 14107, 4207, 2137, 11528, 20178, 18748, 4008, 2038, 89609, 
    35219, 1629, 2849 ]),

    PCGroup(\[ 10, 2, 2, 2, 2, 2, 2, 2, 2, 2, 2, 14723, 7213, 18004, 9214, 2435,
    1245, 47046, 4496, 14026, 5076, 1306, 626, 48647, 2577, 9627, 6437, 5007, 
    397, 43208, 43218, 13708, 1118, 4368, 268 ]),

    PCGroup(\[ 10, 2, 2, 2, 2, 2, 2, 2, 2, 2, 2, 39604, 344, 13445, 24015, 2675,
    285, 8966, 29136, 2276, 186, 5127, 35857, 4517, 2127, 40328, 23058, 758, 
    2028, 70409, 12819, 10439, 3849 ]),

    PCGroup(\[ 10, 2, 2, 2, 2, 2, 2, 2, 2, 2, 2, 10083, 753, 21604, 22814, 1424,
    834, 1644, 515, 316, 64007, 10257, 4507, 197, 397, 60488, 5778, 7948, 10298,
    268 ]),

    PCGroup(\[ 10, 2, 2, 2, 2, 2, 2, 2, 2, 2, 2, 46004, 1644, 3845, 27855, 995, 
    1015, 2246, 33616, 6476, 3266, 626, 58887, 10257, 357, 397, 77768, 5778, 
    10478, 268 ]),

    PCGroup(\[ 10, 2, 2, 2, 2, 2, 2, 2, 2, 2, 2, 30004, 8966, 17936, 7876, 466, 
    5127, 28177, 8357, 4367, 40328, 37458, 7958, 4188, 70409, 3219, 5639, 3449 
    ]),

    PCGroup(\[ 10, 2, 2, 2, 2, 2, 2, 2, 2, 2, 2, 14723, 7213, 18004, 9214, 2435,
    1245, 47046, 4496, 14026, 3546, 626, 48647, 2577, 9627, 2447, 397, 43208, 
    43218, 13708, 6878, 268 ]),

    PCGroup(\[ 10, 2, 2, 2, 2, 2, 2, 2, 2, 2, 2, 36323, 3845, 27855, 1945, 4235,
    1015, 2246, 33616, 12906, 2136, 626, 58887, 10257, 667, 6597, 397, 77768, 
    5778, 20908, 8858, 268 ]),

    PCGroup(\[ 10, 2, 2, 2, 2, 2, 2, 2, 2, 2, 2, 31203, 593, 13445, 24015, 5305,
    515, 8966, 29136, 4506, 316, 5127, 35857, 8987, 4197, 40328, 23058, 1468, 
    3998, 70409, 12819, 20829, 7639 ]),

    PCGroup(\[ 10, 2, 2, 2, 2, 2, 2, 2, 2, 2, 2, 30563, 3313, 21604, 22814, 
    1424, 834, 1644, 515, 316, 64007, 10257, 4507, 197, 397, 60488, 5778, 7948, 
    10298, 268 ]),

    PCGroup(\[ 10, 2, 2, 2, 2, 2, 2, 2, 2, 2, 2, 36323, 2673, 3845, 27855, 1945,
    1015, 2246, 33616, 12906, 6476, 626, 58887, 10257, 667, 397, 77768, 5778, 
    20908, 268 ]),

    PCGroup(\[ 10, 2, 2, 2, 2, 2, 2, 2, 2, 2, 2, 36323, 2593, 3845, 27855, 1945,
    395, 1015, 2246, 33616, 12906, 6616, 626, 58887, 10257, 667, 1477, 397, 
    77768, 5778, 20908, 3098, 268 ]),

    PCGroup(\[ 10, 2, 2, 2, 2, 2, 2, 2, 2, 2, 2, 30004, 144, 8966, 17936, 7876, 
    5127, 28177, 8357, 4207, 40328, 37458, 7958, 4008, 70409, 3219, 5639 ]),

    PCGroup(\[ 10, 2, 2, 2, 2, 2, 2, 2, 2, 2, 2, 14723, 7213, 2593, 18004, 9214,
    1644, 2435, 1245, 47046, 4496, 14026, 5076, 1306, 626, 48647, 2577, 9627, 
    6437, 5007, 397, 43208, 43218, 13708, 1118, 4368, 268 ]),

    PCGroup(\[ 10, 2, 2, 2, 2, 2, 2, 2, 2, 2, 2, 36323, 113, 3845, 27855, 1945, 
    4115, 1015, 2246, 33616, 12906, 1996, 626, 58887, 10257, 667, 6437, 397, 
    77768, 5778, 20908, 8678, 268 ]),

    PCGroup(\[ 10, 2, 2, 2, 2, 2, 2, 2, 2, 2, 2, 362, 252, 1204, 114, 985, 285, 
    586, 186, 16667, 4207, 46088, 28818, 15868, 7598, 3828, 25609, 19219, 15229,
    5239 ]),

    PCGroup(\[ 10, 2, 2, 2, 2, 2, 2, 2, 2, 2, 2, 1204, 14014, 7024, 13445, 
    12495, 985, 3875, 8966, 15696, 586, 5356, 5127, 10257, 4507, 6757, 3407, 
    40328, 5778, 7948, 9038, 4548, 70409, 44819, 15229, 439 ]),

    PCGroup(\[ 10, 2, 2, 2, 2, 2, 2, 2, 2, 2, 2, 48965, 22575, 5675, 29136, 
    3386, 2276, 23058, 8668, 758, 12819, 16029, 10439 ]),

    PCGroup(\[ 10, 2, 2, 2, 2, 2, 2, 2, 2, 2, 2, 20004, 7614, 1934, 27855, 
    11065, 515, 2085, 1015, 33616, 2266, 316, 2566, 626, 10257, 1307, 7397, 
    3247, 397, 5778, 21628, 9758, 4368, 268 ]),

    PCGroup(\[ 10, 2, 2, 2, 2, 2, 2, 2, 2, 2, 2, 44004, 5534, 22406, 4496, 
    12346, 3116, 30727, 2577, 10267, 4197, 76809, 35219, 3229, 10039 ]),

    PCGroup(\[ 10, 2, 2, 2, 2, 2, 2, 2, 2, 2, 2, 3845, 1455, 8905, 515, 2246, 
    2816, 9826, 316, 40338, 10118, 2218, 1148, 268 ]),

    PCGroup(\[ 10, 2, 2, 2, 2, 2, 2, 2, 2, 2, 2, 40804, 4624, 31366, 29136, 
    2266, 4236, 20487, 35857, 1307, 2917, 11528, 23058, 10108, 1838, 89609, 
    12819, 17629, 11639 ]),

    PCGroup(\[ 10, 2, 2, 2, 2, 2, 2, 2, 2, 2, 2, 32804, 4624, 24965, 22095, 
    1945, 3635, 1245, 20487, 23057, 667, 3237, 2447, 11528, 43218, 9388, 2198, 
    588, 89609, 9619, 16829, 12039, 5449 ]),

    PCGroup(\[ 10, 2, 2, 2, 2, 2, 2, 2, 2, 2, 2, 42245, 25215, 10825, 5075, 
    47046, 28296, 12066, 6196, 17947, 2607, 11548, 5088, 2578, 1328, 6429, 849 
    ]),

    PCGroup(\[ 10, 2, 2, 2, 2, 2, 2, 2, 2, 2, 2, 1204, 13614, 6124, 2405, 15855,
    7105, 1726, 896, 56327, 14107, 8357, 1647, 857, 397, 74888, 18748, 7958, 
    4368, 2218, 268 ]),

    PCGroup(\[ 10, 2, 2, 2, 2, 2, 2, 2, 2, 2, 2, 10604, 15114, 4734, 24965, 
    18255, 3385, 3875, 31366, 17936, 2266, 5356, 2986, 20487, 28177, 1307, 6757,
    3087, 11528, 37458, 10108, 9038, 4548, 89609, 3219, 17629, 439 ]),

    PCGroup(\[ 10, 2, 2, 2, 2, 2, 2, 2, 2, 2, 2, 9283, 9133, 183, 12004, 11614, 
    124, 4115, 2085, 22406, 4496, 14586, 3676, 4106, 1316, 346, 30727, 2577, 
    17947, 3557, 4367, 1657, 237, 8678, 4368 ]),

    PCGroup(\[ 10, 2, 2, 2, 2, 2, 2, 2, 2, 2, 2, 2243, 4973, 7303, 113, 67206, 
    28016, 4506, 3956, 606, 626, 20487, 19217, 19227, 7717, 367, 397, 11528, 
    27378, 1468, 6518, 5448, 268 ]),

    PCGroup(\[ 10, 2, 2, 2, 2, 2, 2, 2, 2, 2, 2, 47204, 18214, 12224, 3334, 
    48005, 24015, 7225, 4115, 285, 1495, 58246, 29136, 2266, 5076, 186, 1316, 
    346, 71687, 35857, 1307, 6437, 2447, 1657, 237, 4368 ]),

    PCGroup(\[ 10, 2, 2, 2, 2, 2, 2, 2, 2, 2, 2, 40643, 6253, 2353, 3334, 8966, 
    22416, 1706, 3536, 2566, 346, 5127, 23057, 3227, 8517, 3247, 237, 8678 ]),

    PCGroup(\[ 10, 2, 2, 2, 2, 2, 2, 2, 2, 2, 2, 21604, 11814, 9924, 4534, 9605,
    10575, 985, 5555, 2805, 13446, 8976, 586, 5636, 34568, 2898, 7948, 10838, 
    5448, 64009, 41619, 15229, 2439 ]),

    PCGroup(\[ 10, 2, 2, 2, 2, 2, 2, 2, 2, 2, 2, 24965, 1455, 6265, 1835, 31366,
    4496, 14586, 20487, 2577, 17947, 11528, 20178, 11548, 89609, 35219, 6429 ]),

    PCGroup(\[ 10, 2, 2, 2, 2, 2, 2, 2, 2, 2, 2, 18814, 2224, 4734, 55685, 2895,
    1945, 1475, 2085, 1015, 20487, 7697, 667, 997, 3247, 397, 11528, 14418, 
    20908, 11198, 4368, 268 ]),

    PCGroup(\[ 10, 2, 2, 2, 2, 2, 2, 2, 2, 2, 2, 10224, 5334, 144, 71687, 10257,
    17947, 9637, 1327, 46088, 5778, 11548, 6518, 768, 25609, 44819, 6429, 4039, 
    5649 ]),

    PCGroup(\[ 10, 2, 2, 2, 2, 2, 2, 2, 2, 2, 2, 31204, 15614, 1424, 3934, 2844,
    55685, 22095, 13945, 515, 2805, 1015, 67206, 4496, 16826, 316, 606, 626, 
    20487, 2577, 5147, 7397, 367, 397, 11528, 43218, 2908, 9758, 5448, 268 ]),

    PCGroup(\[ 10, 2, 2, 2, 2, 2, 2, 2, 2, 2, 2, 242, 2232, 163, 3053, 6624, 
    3334, 3865, 1955, 22406, 24656, 17666, 6336, 2566, 206, 12827, 6437, 748, 
    398 ]),

    PCGroup(\[ 10, 2, 2, 2, 2, 2, 2, 2, 2, 2, 2, 19227, 1498, 859 ]),

    PCGroup(\[ 10, 2, 2, 2, 2, 2, 2, 2, 2, 2, 2, 34736, 1327, 867, 397, 768, 
    1148, 268 ]),

    PCGroup(\[ 10, 2, 2, 2, 2, 2, 2, 2, 2, 2, 2, 34736, 626, 1327, 397, 768, 268
    ]),

    PCGroup(\[ 10, 2, 2, 2, 2, 2, 2, 2, 2, 2, 2, 28335, 415, 8436, 336, 626, 
    2597, 217, 397, 1478, 2758, 268 ]),

    PCGroup(\[ 10, 2, 2, 2, 2, 2, 2, 2, 2, 2, 2, 30256, 4527, 387, 2928, 248, 
    1649, 1469 ]),

    PCGroup(\[ 10, 2, 2, 2, 2, 2, 2, 2, 2, 2, 2, 34736, 1327, 397, 768, 268 ]),

    PCGroup(\[ 10, 2, 2, 2, 2, 2, 2, 2, 2, 2, 2, 28335, 8436, 336, 626, 2597, 
    217, 397, 1478, 2758, 268 ]),

    PCGroup(\[ 10, 2, 2, 2, 2, 2, 2, 2, 2, 2, 2, 34736, 626, 1327, 867, 397, 
    768, 1148, 268 ]),

    PCGroup(\[ 10, 2, 2, 2, 2, 2, 2, 2, 2, 2, 2, 28335, 175, 2597, 1657, 397, 
    1478, 2218, 268 ]),

    PCGroup(\[ 10, 2, 2, 2, 2, 2, 2, 2, 2, 2, 2, 23014, 144, 33616, 16826, 606, 
    626, 10257, 5147, 367, 397, 5778, 2908, 5448, 268 ]),

    PCGroup(\[ 10, 2, 2, 2, 2, 2, 2, 2, 2, 2, 2, 10814, 144, 8436, 606, 626, 
    2597, 367, 397, 1478, 5448, 268 ]),

    PCGroup(\[ 10, 2, 2, 2, 2, 2, 2, 2, 2, 2, 2, 24414, 144, 2597, 1007, 397, 
    1478, 1848, 268 ]),

    PCGroup(\[ 10, 2, 2, 2, 2, 2, 2, 2, 2, 2, 2, 60486, 24656, 3826, 1596, 
    71687, 5157, 1327, 1337, 46088, 10118, 768, 2578, 1328, 25609, 1639, 5649, 
    459 ]),

    PCGroup(\[ 10, 2, 2, 2, 2, 2, 2, 2, 2, 2, 2, 50804, 12724, 3334, 44806, 
    2266, 466, 1316, 346, 46087, 1307, 3407, 1657, 237, 4368 ]),

    PCGroup(\[ 10, 2, 2, 2, 2, 2, 2, 2, 2, 2, 2, 55685, 27855, 6635, 3525, 
    33616, 1156, 4246, 1036, 626, 10257, 677, 1327, 1657, 397, 5778, 10838, 768,
    2218, 268 ]),

    PCGroup(\[ 10, 2, 2, 2, 2, 2, 2, 2, 2, 2, 2, 41204, 10324, 944, 2085, 22406,
    14586, 5076, 2846, 906, 30727, 17947, 6437, 2927, 867, 237, 4368 ]),

    PCGroup(\[ 10, 2, 2, 2, 2, 2, 2, 2, 2, 2, 2, 19773, 2353, 3334, 29775, 8185,
    995, 1495, 22416, 10106, 8716, 1316, 346, 23057, 12827, 357, 1657, 237, 8678
    ]),

    PCGroup(\[ 10, 2, 2, 2, 2, 2, 2, 2, 2, 2, 2, 6725, 2665, 1355, 885, 336, 
    217, 80648, 20188, 9398, 2568, 268 ]),

    PCGroup(\[ 10, 2, 2, 2, 2, 2, 2, 2, 2, 2, 2, 10093, 5063, 4913, 3334, 22416,
    2266, 5356, 1316, 346, 23057, 1307, 1637, 1657, 237, 8678 ]),

    PCGroup(\[ 10, 2, 2, 2, 2, 2, 2, 2, 2, 2, 2, 32645, 9135, 2315, 2085, 895, 
    11216, 7316, 2566, 896, 906, 15377, 8997, 3247, 857, 867, 237, 2218 ]),

    PCGroup(\[ 10, 2, 2, 2, 2, 2, 2, 2, 2, 2, 2, 20013, 10023, 1393, 3334, 4115,
    22416, 2266, 7596, 1316, 346, 23057, 1307, 4197, 1657, 237, 8678 ]),

    PCGroup(\[ 10, 2, 2, 2, 2, 2, 2, 2, 2, 2, 2, 44004, 22014, 6624, 5534, 2085,
    35847, 17937, 12827, 9637, 2447, 1657, 237, 4368 ]),

    PCGroup(\[ 10, 2, 2, 2, 2, 2, 2, 2, 2, 2, 2, 38004, 19014, 9524, 144, 606, 
    367, 80648, 40338, 18748, 5088, 1318, 268 ]),

    PCGroup(\[ 10, 2, 2, 2, 2, 2, 2, 2, 2, 2, 2, 51845, 22575, 7115, 3285, 1015,
    33616, 1156, 1166, 1316, 626, 10257, 677, 4847, 1177, 397, 5778, 10838, 408,
    2218, 268 ]),

    PCGroup(\[ 10, 2, 2, 2, 2, 2, 2, 2, 2, 2, 2, 16816, 2006, 10257, 17947, 
    1327, 5778, 11548, 768, 44819, 6429, 5649 ]),

    PCGroup(\[ 10, 2, 2, 2, 2, 2, 2, 2, 2, 2, 2, 45125, 5555, 8966, 33616, 1156,
    1316, 626, 5127, 10257, 677, 1657, 397, 86408, 5778, 10838, 2218, 268 ]),

    PCGroup(\[ 10, 2, 2, 2, 2, 2, 2, 2, 2, 2, 2, 25925, 3155, 415, 31366, 29136,
    3956, 336, 20487, 35857, 2597, 217, 11528, 23058, 1478, 1318, 89609, 12819, 
    11239, 2259 ]),

    PCGroup(\[ 10, 2, 2, 2, 2, 2, 2, 2, 2, 2, 2, 45125, 5555, 1015, 8966, 33616,
    1156, 626, 5127, 10257, 677, 397, 86408, 5778, 10838, 268 ]),

    PCGroup(\[ 10, 2, 2, 2, 2, 2, 2, 2, 2, 2, 2, 10214, 9024, 344, 55685, 22095,
    11065, 285, 1015, 67206, 4496, 2266, 186, 626, 20487, 2577, 1307, 3727, 397,
    11528, 43218, 21628, 4908, 268 ]),

    PCGroup(\[ 10, 2, 2, 2, 2, 2, 2, 2, 2, 2, 2, 1706, 7596, 766, 8997, 1327, 
    707, 5798, 768, 1328, 3239, 5649, 269 ]),

    PCGroup(\[ 10, 2, 2, 2, 2, 2, 2, 2, 2, 2, 2, 1455, 14185, 1615, 16826, 1156,
    1736, 626, 5147, 677, 1177, 397, 2908, 10838, 1678, 268 ]),

    PCGroup(\[ 10, 2, 2, 2, 2, 2, 2, 2, 2, 2, 2, 45125, 5555, 8966, 33616, 1156,
    626, 5127, 10257, 677, 397, 86408, 5778, 10838, 268 ]),

    PCGroup(\[ 10, 2, 2, 2, 2, 2, 2, 2, 2, 2, 2, 643, 19373, 9783, 833, 404, 
    24414, 12124, 544, 55685, 29775, 995, 525, 1015, 20487, 12817, 357, 207, 
    397, 11528, 8658, 10478, 5268, 268 ]),

    PCGroup(\[ 10, 2, 2, 2, 2, 2, 2, 2, 2, 2, 2, 45125, 5555, 1015, 8966, 33616,
    1156, 1316, 626, 5127, 10257, 677, 1657, 397, 86408, 5778, 10838, 2218, 268 
    ]),

    PCGroup(\[ 10, 2, 2, 2, 2, 2, 2, 2, 2, 2, 2, 643, 19373, 9783, 3393, 404, 
    24414, 12124, 2144, 55685, 29775, 995, 525, 1015, 20487, 12817, 357, 207, 
    397, 11528, 8658, 10478, 5268, 268 ]),

    PCGroup(\[ 10, 2, 2, 2, 2, 2, 2, 2, 2, 2, 2, 1204, 23014, 1144, 33616, 2266,
    3546, 626, 10257, 1307, 2447, 397, 5778, 21628, 3468, 268 ]),

    PCGroup(\[ 10, 2, 2, 2, 2, 2, 2, 2, 2, 2, 2, 2804, 21214, 11124, 144, 8966, 
    8976, 626, 5127, 38417, 397, 86408, 2898, 268 ]),

    PCGroup(\[ 10, 2, 2, 2, 2, 2, 2, 2, 2, 2, 2, 1455, 14185, 1615, 16826, 1156,
    616, 626, 5147, 677, 2457, 397, 2908, 10838, 238, 268 ]),

    PCGroup(\[ 10, 2, 2, 2, 2, 2, 2, 2, 2, 2, 2, 36483, 333, 183, 1793, 45204, 
    214, 124, 1144, 27855, 14905, 995, 525, 1015, 10257, 6427, 357, 207, 397, 
    5778, 4348, 10478, 5268, 268 ]),

    PCGroup(\[ 10, 2, 2, 2, 2, 2, 2, 2, 2, 2, 2, 234, 155, 3126, 1596, 35857, 
    5147, 3237, 2607, 23058, 2908, 2198, 5088, 12819, 22429, 12039, 849 ]),

    PCGroup(\[ 10, 2, 2, 2, 2, 2, 2, 2, 2, 2, 2, 6023, 12004, 18814, 12624, 
    5234, 2044, 3845, 17295, 12505, 3755, 2085, 295, 2246, 19056, 14026, 2416, 
    2566, 206, 6437, 8678 ]),

    PCGroup(\[ 10, 2, 2, 2, 2, 2, 2, 2, 2, 2, 2, 2503, 113, 48005, 22095, 12985,
    2435, 1845, 3396, 71687, 23057, 19227, 357, 1647, 46088, 43218, 12988, 1118,
    1128, 25609, 9619, 8029, 10839, 6049 ]),

    PCGroup(\[ 10, 2, 2, 2, 2, 2, 2, 2, 2, 2, 2, 12432, 2962, 45604, 23614, 
    2824, 734, 1644, 985, 586, 20487, 11537, 347, 2277, 397, 11528, 7218, 20548,
    3998, 268 ]),

    PCGroup(\[ 10, 2, 2, 2, 2, 2, 2, 2, 2, 2, 2, 3463, 113, 5315, 11206, 34736, 
    5066, 8436, 746, 626, 7687, 11537, 19867, 9957, 527, 397, 89288, 7218, 2188,
    1478, 5628, 268 ]),

    PCGroup(\[ 10, 2, 2, 2, 2, 2, 2, 2, 2, 2, 2, 2634, 2244, 3035, 1375, 26896, 
    7866, 7876, 2846, 1736, 1327, 697, 768, 418, 16019, 22429, 5639, 2049, 659 
    ]),

    PCGroup(\[ 10, 2, 2, 2, 2, 2, 2, 2, 2, 2, 2, 1143, 4993, 1324, 3144, 515, 
    285, 316, 186, 20487, 8977, 5787, 7717, 4367, 397, 11528, 15858, 3628, 7238,
    4188, 268 ]),

    PCGroup(\[ 10, 2, 2, 2, 2, 2, 2, 2, 2, 2, 2, 13373, 45604, 22014, 9024, 434,
    1644, 5555, 67206, 10096, 2266, 176, 626, 20487, 39697, 1307, 7237, 397, 
    11528, 4338, 21628, 9578, 268 ]),

    PCGroup(\[ 10, 2, 2, 2, 2, 2, 2, 2, 2, 2, 2, 8503, 10524, 6515, 3285, 67206,
    4496, 17386, 2276, 626, 20487, 2577, 5787, 9637, 397, 11528, 43218, 3628, 
    758, 268 ]),

    PCGroup(\[ 10, 2, 2, 2, 2, 2, 2, 2, 2, 2, 2, 8253, 113, 6275, 67206, 34736, 
    5066, 3956, 626, 20487, 11537, 19867, 6117, 397, 11528, 7218, 2188, 5438, 
    268 ]),

    PCGroup(\[ 10, 2, 2, 2, 2, 2, 2, 2, 2, 2, 2, 183, 993, 124, 644, 6515, 3285,
    67206, 4496, 17386, 3956, 2846, 626, 20487, 2577, 5787, 7717, 2927, 397, 
    11528, 43218, 3628, 7238, 2568, 268 ]),

    PCGroup(\[ 10, 2, 2, 2, 2, 2, 2, 2, 2, 2, 2, 17213, 4353, 44004, 25214, 
    2624, 234, 1644, 19205, 13455, 3385, 155, 1015, 1156, 677, 8648, 10098, 
    10108, 11378, 268 ]),

    PCGroup(\[ 10, 2, 2, 2, 2, 2, 2, 2, 2, 2, 2, 1143, 4673, 1324, 2944, 515, 
    285, 316, 186, 17927, 12817, 7067, 2917, 1647, 397, 31688, 8658, 5068, 2198,
    948, 268 ]),

    PCGroup(\[ 10, 2, 2, 2, 2, 2, 2, 2, 2, 2, 2, 2832, 5362, 40804, 22014, 2824,
    1334, 1644, 15365, 9615, 265, 1715, 1015, 2266, 1307, 2888, 4338, 18388, 
    5078, 268 ]),

    PCGroup(\[ 10, 2, 2, 2, 2, 2, 2, 2, 2, 2, 2, 7293, 113, 6275, 8966, 5616, 
    5066, 876, 1306, 626, 5127, 3857, 19867, 1637, 5007, 397, 86408, 44658, 
    2188, 758, 588, 268 ]),

    PCGroup(\[ 10, 2, 2, 2, 2, 2, 2, 2, 2, 2, 2, 5604, 10414, 5624, 234, 3845, 
    12015, 7465, 155, 2246, 17376, 7026, 1016, 71687, 10257, 5147, 46088, 5778, 
    2908, 25609, 44819, 22429 ]),

    PCGroup(\[ 10, 2, 2, 2, 2, 2, 2, 2, 2, 2, 2, 1604, 814, 10624, 1434, 965, 
    495, 12985, 1595, 33616, 2266, 1156, 2006, 1036, 626, 10257, 1307, 677, 
    3887, 1977, 397, 5778, 21628, 10838, 3648, 1858, 268 ]),

    PCGroup(\[ 10, 2, 2, 2, 2, 2, 2, 2, 2, 2, 2, 33606, 8426, 4236, 2146, 71687,
    20497, 17947, 5157, 46088, 40338, 11548, 10118, 25609, 6419, 6429, 1639 ]),

    PCGroup(\[ 10, 2, 2, 2, 2, 2, 2, 2, 2, 2, 2, 29763, 7463, 4004, 17214, 
    11424, 234, 1644, 5765, 3855, 13945, 155, 1015, 15367, 1297, 5147, 6917, 
    397, 28808, 41778, 2908, 9218, 268 ]),

    PCGroup(\[ 10, 2, 2, 2, 2, 2, 2, 2, 2, 2, 2, 22814, 11424, 27855, 4825, 
    7475, 1005, 1015, 10257, 19867, 3237, 4687, 397, 5778, 2188, 2198, 228, 268 
    ]),

    PCGroup(\[ 10, 2, 2, 2, 2, 2, 2, 2, 2, 2, 2, 11024, 5534, 4496, 17386, 1436,
    2006, 626, 2577, 5787, 997, 3887, 397, 43218, 3628, 11198, 3648, 268 ]),

    PCGroup(\[ 10, 2, 2, 2, 2, 2, 2, 2, 2, 2, 2, 42404, 21214, 10624, 144, 
    25607, 38417, 11547, 8997, 2927, 17288, 25938, 21628, 5798, 5448, 96009, 
    16019, 4829, 3239, 1249 ]),

    PCGroup(\[ 10, 2, 2, 2, 2, 2, 2, 2, 2, 2, 2, 4903, 3633, 51845, 22095, 985, 
    1835, 1015, 17926, 4496, 586, 5776, 626, 76807, 2577, 14747, 5957, 397, 
    5768, 43218, 19468, 5258, 268 ]),

    PCGroup(\[ 10, 2, 2, 2, 2, 2, 2, 2, 2, 2, 2, 37604, 18814, 9424, 1244, 
    69446, 5616, 5066, 1156, 4246, 626, 23047, 3857, 19867, 677, 1327, 397, 
    14408, 44658, 2188, 10838, 768, 268 ]),

    PCGroup(\[ 10, 2, 2, 2, 2, 2, 2, 2, 2, 2, 2, 29123, 7303, 1713, 25935, 
    13945, 515, 1015, 8976, 16826, 316, 626, 38417, 5147, 7397, 397, 2898, 2908,
    9758, 268 ]),

    PCGroup(\[ 10, 2, 2, 2, 2, 2, 2, 2, 2, 2, 2, 16414, 4134, 344, 24965, 29775,
    3385, 5075, 285, 31366, 31376, 2266, 6196, 186, 20487, 33297, 1307, 5157, 
    1167, 11528, 31698, 10108, 10118, 2028, 89609, 22419, 17629, 1639, 3849 ]),

    PCGroup(\[ 10, 2, 2, 2, 2, 2, 2, 2, 2, 2, 2, 36163, 9063, 113, 67206, 10096,
    4506, 2276, 626, 20487, 39697, 19227, 9637, 397, 11528, 4338, 1468, 758, 268
    ]),

    PCGroup(\[ 10, 2, 2, 2, 2, 2, 2, 2, 2, 2, 2, 7213, 3623, 913, 45604, 10814, 
    4624, 434, 1644, 67206, 16816, 14026, 176, 626, 20487, 32017, 9627, 7237, 
    397, 11528, 30258, 13708, 9578, 268 ]),

    PCGroup(\[ 10, 2, 2, 2, 2, 2, 2, 2, 2, 2, 2, 20404, 5124, 944, 55685, 18255,
    525, 1015, 20487, 28177, 207, 397, 11528, 37458, 5268, 268 ]),

    PCGroup(\[ 10, 2, 2, 2, 2, 2, 2, 2, 2, 2, 2, 14415, 7225, 3635, 1615, 38417,
    6427, 5797, 1327, 2457, 25938, 4348, 10838, 768, 1678, 16019, 24029, 2439, 
    5649, 1059 ]),

    PCGroup(\[ 10, 2, 2, 2, 2, 2, 2, 2, 2, 2, 2, 27203, 13613, 6823, 353, 5765, 
    27855, 1945, 4955, 1015, 15367, 10257, 667, 5637, 397, 28808, 5778, 20908, 
    4898, 268 ]),

    PCGroup(\[ 10, 2, 2, 2, 2, 2, 2, 2, 2, 2, 2, 37604, 18814, 9424, 2944, 
    69446, 5616, 5066, 1156, 1166, 626, 23047, 3857, 19867, 677, 4847, 397, 
    14408, 44658, 2188, 10838, 408, 268 ]),

    PCGroup(\[ 10, 2, 2, 2, 2, 2, 2, 2, 2, 2, 2, 34404, 8624, 4334, 244, 55685, 
    29775, 13945, 995, 2325, 1015, 20487, 12817, 5147, 357, 3567, 397, 11528, 
    8658, 2908, 10478, 4728, 268 ]),

    PCGroup(\[ 10, 2, 2, 2, 2, 2, 2, 2, 2, 2, 2, 45125, 22575, 5675, 67206, 
    4496, 4506, 1316, 626, 20487, 2577, 19227, 1657, 397, 11528, 43218, 1468, 
    2218, 268 ]),

    PCGroup(\[ 10, 2, 2, 2, 2, 2, 2, 2, 2, 2, 2, 23014, 144, 8966, 16826, 2846, 
    626, 5127, 5147, 2927, 397, 86408, 2908, 2568, 268 ]),

    PCGroup(\[ 10, 2, 2, 2, 2, 2, 2, 2, 2, 2, 2, 28335, 7115, 1015, 4506, 1156, 
    1316, 626, 19227, 677, 1657, 397, 1468, 10838, 2218, 268 ]),

    PCGroup(\[ 10, 2, 2, 2, 2, 2, 2, 2, 2, 2, 2, 9024, 4534, 2644, 12495, 11065,
    3635, 525, 10257, 11547, 3237, 207, 5778, 21628, 2198, 2388, 44819, 4829, 
    12039, 4249 ]),

    PCGroup(\[ 10, 2, 2, 2, 2, 2, 2, 2, 2, 2, 2, 39204, 19614, 234, 48005, 
    24015, 155, 2846, 1456, 71687, 35857, 11547, 9637, 1497, 46088, 23058, 
    21628, 6518, 5448, 25609, 12819, 4829, 4039, 1249 ]),

    PCGroup(\[ 10, 2, 2, 2, 2, 2, 2, 2, 2, 2, 2, 16963, 5703, 21604, 13214, 
    6224, 4434, 2444, 7685, 16335, 2905, 3755, 2085, 535, 5076, 2567, 25617, 
    1947, 837, 3247, 237, 8678 ]),

    PCGroup(\[ 10, 2, 2, 2, 2, 2, 2, 2, 2, 2, 2, 31043, 183, 3073, 39204, 124, 
    1944, 48005, 22095, 12985, 4355, 525, 5636, 2846, 71687, 23057, 19227, 7397,
    207, 46088, 43218, 12988, 4718, 4908, 25609, 9619, 8029, 8439, 649 ]),

    PCGroup(\[ 10, 2, 2, 2, 2, 2, 2, 2, 2, 2, 2, 36163, 14013, 1553, 45604, 
    23614, 11024, 434, 1644, 6275, 67206, 34736, 5066, 176, 626, 20487, 11537, 
    19867, 9477, 397, 11528, 7218, 2188, 578, 268 ]),

    PCGroup(\[ 10, 2, 2, 2, 2, 2, 2, 2, 2, 2, 2, 36163, 183, 1153, 45604, 124, 
    744, 6275, 3165, 67206, 10096, 17386, 1436, 4246, 626, 20487, 39697, 5787, 
    2597, 527, 397, 11528, 4338, 3628, 1478, 5628, 268 ]),

    PCGroup(\[ 10, 2, 2, 2, 2, 2, 2, 2, 2, 2, 2, 31043, 183, 39204, 124, 48005, 
    22095, 12985, 4355, 525, 5636, 2846, 71687, 23057, 19227, 7397, 207, 46088, 
    43218, 12988, 4718, 4908, 25609, 9619, 8029, 8439, 649 ]),

    PCGroup(\[ 10, 2, 2, 2, 2, 2, 2, 2, 2, 2, 2, 36163, 12093, 45604, 23614, 
    11024, 434, 1644, 6275, 67206, 34736, 5066, 176, 626, 20487, 11537, 19867, 
    9477, 397, 11528, 7218, 2188, 578, 268 ]),

    PCGroup(\[ 10, 2, 2, 2, 2, 2, 2, 2, 2, 2, 2, 36163, 183, 45604, 124, 6275, 
    3165, 67206, 10096, 17386, 1306, 626, 20487, 39697, 5787, 9957, 397, 11528, 
    4338, 3628, 1118, 268 ]),

    PCGroup(\[ 10, 2, 2, 2, 2, 2, 2, 2, 2, 2, 2, 16963, 6343, 1073, 38405, 
    16335, 985, 2315, 2085, 535, 69446, 20176, 586, 7456, 2566, 346, 43527, 
    25617, 9627, 4037, 3247, 237, 8678 ]),

    PCGroup(\[ 10, 2, 2, 2, 2, 2, 2, 2, 2, 2, 2, 18243, 3453, 2353, 59525, 3855,
    8185, 1115, 2085, 535, 44806, 16816, 10106, 8856, 2566, 346, 46087, 1297, 
    12827, 5637, 3247, 237, 8678 ]),

    PCGroup(\[ 10, 2, 2, 2, 2, 2, 2, 2, 2, 2, 2, 20404, 4324, 4534, 3144, 51845,
    22095, 1945, 5555, 1725, 1015, 17926, 4496, 12906, 1156, 1586, 626, 76807, 
    2577, 667, 677, 2127, 397, 5768, 43218, 20908, 10838, 1308, 268 ]),

    PCGroup(\[ 10, 2, 2, 2, 2, 2, 2, 2, 2, 2, 2, 483, 8573, 3334, 3845, 14415, 
    8185, 3755, 2085, 535, 2246, 4496, 10106, 5776, 2566, 346, 38407, 2577, 
    12827, 837, 3247, 237, 8678 ]),

    PCGroup(\[ 10, 2, 2, 2, 2, 2, 2, 2, 2, 2, 2, 13562, 1632, 3442, 59525, 1935,
    1225, 4115, 2085, 535, 44806, 1136, 9826, 5076, 2566, 346, 46087, 19217, 
    20187, 6437, 3247, 237, 17308 ]),

    PCGroup(\[ 10, 2, 2, 2, 2, 2, 2, 2, 2, 2, 2, 28483, 8573, 113, 6755, 8966, 
    5616, 17386, 8436, 4386, 626, 5127, 3857, 5787, 2597, 1487, 397, 86408, 
    44658, 3628, 3278, 948, 268 ]),

    PCGroup(\[ 10, 2, 2, 2, 2, 2, 2, 2, 2, 2, 2, 33763, 16253, 113, 55685, 
    22095, 985, 4355, 1015, 67206, 4496, 586, 4796, 626, 20487, 2577, 14747, 
    6437, 397, 11528, 43218, 19468, 3998, 268 ]),

    PCGroup(\[ 10, 2, 2, 2, 2, 2, 2, 2, 2, 2, 2, 39204, 19614, 234, 48005, 
    24015, 155, 2846, 1456, 71687, 35857, 11547, 9637, 4527, 857, 46088, 23058, 
    21628, 6518, 1128, 1498, 25609, 12819, 4829, 4039, 6049, 859 ]),

    PCGroup(\[ 10, 2, 2, 2, 2, 2, 2, 2, 2, 2, 2, 36163, 183, 45604, 124, 6275, 
    3165, 67206, 10096, 17386, 3956, 2986, 626, 20487, 39697, 5787, 6117, 3887, 
    397, 11528, 4338, 3628, 5438, 3648, 268 ]),

    PCGroup(\[ 10, 2, 2, 2, 2, 2, 2, 2, 2, 2, 2, 18814, 4324, 3934, 4815, 3865, 
    515, 2565, 1015, 6736, 15146, 316, 3126, 626, 17298, 748, 9758, 2748, 268 
    ]),

    PCGroup(\[ 10, 2, 2, 2, 2, 2, 2, 2, 2, 2, 2, 9962, 5952, 802, 7143, 9024, 
    51845, 3855, 11305, 5555, 1015, 17926, 25776, 1426, 1156, 626, 76807, 1297, 
    2907, 677, 397, 5768, 41778, 21988, 10838, 268 ]),

    PCGroup(\[ 10, 2, 2, 2, 2, 2, 2, 2, 2, 2, 2, 4803, 1863, 2033, 4534, 51845, 
    1945, 6515, 2805, 1015, 17926, 12906, 8436, 606, 626, 76807, 667, 2597, 367,
    397, 5768, 20908, 758, 5448, 268 ]),

    PCGroup(\[ 10, 2, 2, 2, 2, 2, 2, 2, 2, 2, 2, 18404, 2334, 31366, 24656, 
    8986, 7596, 20487, 20497, 14107, 9317, 11528, 40338, 18748, 6158, 89609, 
    6419, 1629, 3639 ]),

    PCGroup(\[ 10, 2, 2, 2, 2, 2, 2, 2, 2, 2, 2, 44404, 9524, 48005, 6735, 985, 
    3155, 58246, 4496, 586, 3956, 2006, 71687, 2577, 4507, 2597, 1327, 46088, 
    20178, 7948, 1478, 768, 25609, 35219, 15229, 11239 ]),

    PCGroup(\[ 10, 2, 2, 2, 2, 2, 2, 2, 2, 2, 2, 44404, 9524, 1044, 48005, 6735,
    985, 3155, 1365, 58246, 4496, 586, 3956, 606, 71687, 2577, 4507, 2597, 367, 
    46088, 20178, 7948, 1478, 2568, 25609, 35219, 15229, 11239, 5249 ]),

    PCGroup(\[ 10, 2, 2, 2, 2, 2, 2, 2, 2, 2, 2, 17414, 9124, 285, 186, 71687, 
    10257, 18587, 2277, 1167, 46088, 5778, 12268, 3998, 25609, 44819, 7229, 7639
    ]),

    PCGroup(\[ 10, 2, 2, 2, 2, 2, 2, 2, 2, 2, 2, 8583, 4673, 7685, 25935, 4345, 
    1115, 2085, 535, 5076, 2567, 38417, 7707, 517, 3247, 237, 8678 ]),

    PCGroup(\[ 10, 2, 2, 2, 2, 2, 2, 2, 2, 2, 2, 6735, 3625, 4715, 58246, 8976, 
    1156, 71687, 17937, 677, 46088, 2898, 5078, 25609, 41619, 8839 ]),

    PCGroup(\[ 10, 2, 2, 2, 2, 2, 2, 2, 2, 2, 2, 26404, 22814, 10624, 3334, 
    8966, 33616, 13466, 1436, 2566, 626, 5127, 10257, 8987, 997, 3247, 397, 
    86408, 5778, 12988, 11198, 4368, 268 ]),

    PCGroup(\[ 10, 2, 2, 2, 2, 2, 2, 2, 2, 2, 2, 1603, 20013, 8263, 3633, 3334, 
    44806, 21296, 15146, 1296, 2566, 346, 46087, 26897, 18587, 837, 3247, 237, 
    8678 ]),

    PCGroup(\[ 10, 2, 2, 2, 2, 2, 2, 2, 2, 2, 2, 12404, 23814, 9524, 3534, 1744,
    67206, 4496, 2826, 5356, 466, 626, 20487, 2577, 1947, 6757, 3247, 397, 
    11528, 43218, 22348, 9038, 1668, 268 ]),

    PCGroup(\[ 10, 2, 2, 2, 2, 2, 2, 2, 2, 2, 2, 31204, 3614, 58246, 6736, 4506,
    876, 46088, 17298, 1468, 3278, 25609, 32019, 20829, 6839 ]),

    PCGroup(\[ 10, 2, 2, 2, 2, 2, 2, 2, 2, 2, 2, 5604, 19614, 4324, 734, 48005, 
    12495, 1945, 515, 285, 58246, 15696, 3946, 316, 186, 71687, 10257, 667, 
    2277, 46088, 5778, 9388, 3998, 25609, 44819, 16829, 7639 ]),

    PCGroup(\[ 10, 2, 2, 2, 2, 2, 2, 2, 2, 2, 2, 15604, 23614, 4324, 734, 1744, 
    48005, 12495, 3385, 515, 1965, 58246, 15696, 2266, 316, 2706, 71687, 10257, 
    1307, 2277, 3567, 46088, 5778, 10108, 3998, 4728, 25609, 44819, 17629, 7639,
    249 ]),

    PCGroup(\[ 10, 2, 2, 2, 2, 2, 2, 2, 2, 2, 2, 38083, 4013, 1223, 3334, 7685, 
    1935, 4345, 2315, 2085, 535, 33606, 1136, 5626, 2976, 2566, 346, 2567, 
    19217, 7707, 9157, 3247, 237, 8678 ]),

    PCGroup(\[ 10, 2, 2, 2, 2, 2, 2, 2, 2, 2, 2, 13562, 1032, 3382, 1024, 28805,
    25935, 12025, 3155, 405, 175, 35857, 17947, 2597, 697, 23058, 11548, 1478, 
    418, 12819, 6429, 11239, 2859 ]),

    PCGroup(\[ 10, 2, 2, 2, 2, 2, 2, 2, 2, 2, 2, 1604, 10414, 2634, 244, 965, 
    12015, 3035, 175, 20497, 5147, 1327, 697, 40338, 2908, 768, 418, 6419, 
    22429, 5649, 2859 ]),

    PCGroup(\[ 10, 2, 2, 2, 2, 2, 2, 2, 2, 2, 2, 19523, 20013, 753, 50404, 
    25214, 5424, 4034, 2444, 42245, 21135, 1945, 3275, 2085, 535, 48647, 24337, 
    667, 197, 3247, 237, 8678 ]),

    PCGroup(\[ 10, 2, 2, 2, 2, 2, 2, 2, 2, 2, 2, 15482, 6312, 2722, 3845, 29775,
    3625, 4115, 2085, 535, 2246, 22416, 7026, 5076, 2566, 346, 38407, 23057, 
    6747, 6437, 3247, 237, 17308 ]),

    PCGroup(\[ 10, 2, 2, 2, 2, 2, 2, 2, 2, 2, 2, 12973, 6503, 113, 6035, 58246, 
    15696, 2266, 7596, 3686, 71687, 10257, 1307, 9317, 4527, 46088, 5778, 10108,
    6158, 2928, 25609, 44819, 17629, 3639, 1649 ]),

    PCGroup(\[ 10, 2, 2, 2, 2, 2, 2, 2, 2, 2, 2, 20803, 13693, 4433, 3334, 
    28805, 8185, 995, 1495, 8966, 10106, 8716, 1316, 346, 5127, 12827, 5477, 
    1657, 237, 8678 ]),

    PCGroup(\[ 10, 2, 2, 2, 2, 2, 2, 2, 2, 2, 2, 1604, 814, 11624, 5834, 2844, 
    965, 495, 13705, 6875, 1735, 33616, 2266, 2846, 1456, 626, 10257, 1307, 
    2927, 1497, 397, 5778, 21628, 2568, 1318, 268 ]),

    PCGroup(\[ 10, 2, 2, 2, 2, 2, 2, 2, 2, 2, 2, 1604, 814, 11624, 5834, 644, 
    965, 495, 13705, 6875, 415, 33616, 2266, 2006, 1036, 626, 10257, 1307, 3887,
    1977, 397, 5778, 21628, 3648, 1858, 268 ]),

    PCGroup(\[ 10, 2, 2, 2, 2, 2, 2, 2, 2, 2, 2, 31204, 24414, 2624, 4334, 144, 
    31376, 2266, 2286, 33297, 1307, 3567, 31698, 10108, 4728, 22419, 17629, 449 
    ]),

    PCGroup(\[ 10, 2, 2, 2, 2, 2, 2, 2, 2, 2, 2, 1604, 814, 11624, 5834, 1044, 
    965, 495, 13705, 6875, 655, 33616, 2266, 606, 336, 626, 10257, 1307, 367, 
    217, 397, 5778, 21628, 5448, 2758, 268 ]),

    PCGroup(\[ 10, 2, 2, 2, 2, 2, 2, 2, 2, 2, 2, 45604, 23614, 11424, 3934, 
    1544, 67206, 6736, 4506, 5636, 4246, 57608, 17298, 1468, 10838, 3648, 38409,
    32019, 20829, 2439, 2449 ]),

    PCGroup(\[ 10, 2, 2, 2, 2, 2, 2, 2, 2, 2, 2, 55685, 28335, 9385, 3755, 895, 
    67206, 11216, 16826, 1156, 2156, 61447, 15377, 15387, 677, 1977, 38409, 
    38419, 9629, 8839, 1259 ]),

    PCGroup(\[ 10, 2, 2, 2, 2, 2, 2, 2, 2, 2, 2, 24495, 11065, 1355, 1375, 
    67206, 6736, 4506, 5636, 1876, 57608, 17298, 1468, 10838, 1498, 38409, 
    32019, 20829, 2439, 859 ]),

    PCGroup(\[ 10, 2, 2, 2, 2, 2, 2, 2, 2, 2, 2, 21604, 824, 334, 33606, 306, 
    876, 17947, 2597, 11548, 1478, 6429, 11239 ]),

    PCGroup(\[ 10, 2, 2, 2, 2, 2, 2, 2, 2, 2, 2, 22575, 5305, 395, 16826, 1156, 
    1316, 626, 5147, 677, 1657, 397, 2908, 10838, 2218, 268 ]),

    PCGroup(\[ 10, 2, 2, 2, 2, 2, 2, 2, 2, 2, 2, 22403, 653, 903, 32165, 255, 
    1705, 20487, 10257, 14107, 6437, 1657, 397, 11528, 5778, 18748, 8678, 2218, 
    268 ]),

    PCGroup(\[ 10, 2, 2, 2, 2, 2, 2, 2, 2, 2, 2, 40804, 3924, 57605, 22095, 985,
    2085, 1015, 64966, 4496, 586, 2566, 626, 69127, 2577, 14747, 3247, 397, 
    66248, 43218, 19468, 4368, 268 ]),

    PCGroup(\[ 10, 2, 2, 2, 2, 2, 2, 2, 2, 2, 2, 12842, 13032, 1462, 22004, 
    22014, 3024, 144, 67206, 33616, 2266, 2706, 626, 20487, 10257, 1307, 3407, 
    397, 11528, 5778, 21628, 4548, 268 ]),

    PCGroup(\[ 10, 2, 2, 2, 2, 2, 2, 2, 2, 2, 2, 22403, 333, 1063, 193, 27604, 
    214, 1424, 144, 20487, 10257, 14107, 6757, 3407, 397, 11528, 5778, 18748, 
    9038, 4548, 268 ]),

    PCGroup(\[ 10, 2, 2, 2, 2, 2, 2, 2, 2, 2, 2, 25925, 11065, 395, 415, 16826, 
    3956, 336, 626, 5147, 7717, 217, 397, 2908, 7238, 2758, 268 ]),

    PCGroup(\[ 10, 2, 2, 2, 2, 2, 2, 2, 2, 2, 2, 45125, 8185, 395, 655, 16826, 
    1156, 616, 626, 5147, 677, 2457, 397, 2908, 10838, 238, 268 ]),

    PCGroup(\[ 10, 2, 2, 2, 2, 2, 2, 2, 2, 2, 2, 38004, 23614, 324, 344, 40325, 
    20175, 12985, 285, 1015, 49286, 24656, 4506, 186, 626, 80648, 40338, 1468, 
    4908, 268 ]),

    PCGroup(\[ 10, 2, 2, 2, 2, 2, 2, 2, 2, 2, 2, 31204, 20614, 324, 344, 40325, 
    20175, 12985, 285, 1015, 49286, 24656, 4506, 186, 626, 80648, 40338, 1468, 
    4908, 268 ]),

    PCGroup(\[ 10, 2, 2, 2, 2, 2, 2, 2, 2, 2, 2, 21604, 824, 334, 33606, 306, 
    876, 5147, 7717, 3247, 867, 397, 2908, 7238, 4368, 1148, 268 ]),

    PCGroup(\[ 10, 2, 2, 2, 2, 2, 2, 2, 2, 2, 2, 45125, 8185, 395, 16826, 1156, 
    1316, 626, 5147, 677, 1657, 397, 2908, 10838, 2218, 268 ]),

    PCGroup(\[ 10, 2, 2, 2, 2, 2, 2, 2, 2, 2, 2, 12975, 5305, 395, 1015, 33616, 
    16826, 1156, 626, 10257, 5147, 677, 397, 5778, 2908, 10838, 268 ]),

    PCGroup(\[ 10, 2, 2, 2, 2, 2, 2, 2, 2, 2, 2, 38004, 8414, 724, 33616, 2266, 
    2706, 626, 10257, 1307, 3407, 397, 5778, 21628, 4548, 268 ]),

    PCGroup(\[ 10, 2, 2, 2, 2, 2, 2, 2, 2, 2, 2, 22403, 333, 1063, 27604, 214, 
    1424, 20487, 10257, 14107, 6757, 3407, 397, 11528, 5778, 18748, 9038, 4548, 
    268 ]),

    PCGroup(\[ 10, 2, 2, 2, 2, 2, 2, 2, 2, 2, 2, 38004, 10214, 724, 33616, 2266,
    2706, 626, 10257, 1307, 3407, 397, 5778, 21628, 4548, 268 ]),

    PCGroup(\[ 10, 2, 2, 2, 2, 2, 2, 2, 2, 2, 2, 12842, 12552, 1702, 22004, 
    21214, 2624, 144, 67206, 33616, 2266, 2566, 626, 20487, 10257, 1307, 3247, 
    397, 11528, 5778, 21628, 4368, 268 ]),

    PCGroup(\[ 10, 2, 2, 2, 2, 2, 2, 2, 2, 2, 2, 643, 11213, 1063, 193, 404, 
    13814, 1424, 144, 20487, 10257, 14107, 6437, 3247, 397, 11528, 5778, 18748, 
    8678, 4368, 268 ]),

    PCGroup(\[ 10, 2, 2, 2, 2, 2, 2, 2, 2, 2, 2, 18404, 10214, 724, 144, 67206, 
    33616, 2266, 2566, 626, 20487, 10257, 1307, 3247, 397, 11528, 5778, 21628, 
    4368, 268 ]),

    PCGroup(\[ 10, 2, 2, 2, 2, 2, 2, 2, 2, 2, 2, 38004, 13214, 724, 1044, 33616,
    2266, 1306, 626, 10257, 1307, 5007, 397, 5778, 21628, 588, 268 ]),

    PCGroup(\[ 10, 2, 2, 2, 2, 2, 2, 2, 2, 2, 2, 24643, 19053, 1543, 593, 40325,
    20175, 12985, 515, 1015, 49286, 24656, 4506, 316, 626, 80648, 40338, 1468, 
    9758, 268 ]),

    PCGroup(\[ 10, 2, 2, 2, 2, 2, 2, 2, 2, 2, 2, 12404, 13214, 724, 144, 67206, 
    33616, 2266, 2566, 626, 20487, 10257, 1307, 3247, 397, 11528, 5778, 21628, 
    4368, 268 ]),

    PCGroup(\[ 10, 2, 2, 2, 2, 2, 2, 2, 2, 2, 2, 40323, 333, 1703, 193, 50004, 
    214, 2224, 144, 49286, 24656, 4506, 5076, 2566, 626, 80648, 40338, 1468, 
    8678, 4368, 268 ]),

    PCGroup(\[ 10, 2, 2, 2, 2, 2, 2, 2, 2, 2, 2, 22575, 5305, 395, 16826, 1156, 
    1736, 626, 5147, 677, 1177, 397, 2908, 10838, 1678, 268 ]),

    PCGroup(\[ 10, 2, 2, 2, 2, 2, 2, 2, 2, 2, 2, 13802, 11112, 82, 23604, 18814,
    1124, 244, 55685, 27855, 7225, 525, 1015, 20487, 10257, 16667, 207, 397, 
    11528, 5778, 15868, 5268, 268 ]),

    PCGroup(\[ 10, 2, 2, 2, 2, 2, 2, 2, 2, 2, 2, 45125, 8185, 395, 655, 16826, 
    1156, 626, 5147, 677, 397, 2908, 10838, 268 ]),

    PCGroup(\[ 10, 2, 2, 2, 2, 2, 2, 2, 2, 2, 2, 45125, 8185, 395, 16826, 1156, 
    1736, 626, 5147, 677, 1177, 397, 2908, 10838, 1678, 268 ]),

    PCGroup(\[ 10, 2, 2, 2, 2, 2, 2, 2, 2, 2, 2, 32804, 10014, 5034, 40325, 
    12495, 5915, 3686, 1876, 71687, 10257, 5147, 3237, 4527, 46088, 5778, 2908, 
    2198, 2928, 25609, 44819, 22429, 12039, 1649 ]),

    PCGroup(\[ 10, 2, 2, 2, 2, 2, 2, 2, 2, 2, 2, 33603, 9143, 42404, 11324, 
    6995, 3525, 67206, 4496, 2826, 3956, 2566, 626, 20487, 2577, 1947, 7717, 
    3247, 397, 11528, 43218, 22348, 7238, 4368, 268 ]),

    PCGroup(\[ 10, 2, 2, 2, 2, 2, 2, 2, 2, 2, 2, 18243, 14653, 3334, 7475, 8966,
    5616, 2266, 3536, 2566, 346, 5127, 3857, 1307, 3397, 3247, 237, 8678 ]),

    PCGroup(\[ 10, 2, 2, 2, 2, 2, 2, 2, 2, 2, 2, 9732, 2302, 12893, 1553, 9824, 
    4934, 24965, 14415, 3865, 6755, 3045, 12346, 6196, 20487, 12817, 13467, 357,
    4527, 11528, 8658, 18028, 4718, 2928, 89609, 48019, 829, 8439, 1649 ]),

    PCGroup(\[ 10, 2, 2, 2, 2, 2, 2, 2, 2, 2, 2, 23942, 1162, 9063, 47204, 
    22814, 2024, 4734, 1644, 12505, 69446, 33616, 306, 1436, 626, 23047, 10257, 
    18907, 997, 397, 14408, 5778, 1108, 11198, 268 ]),

    PCGroup(\[ 10, 2, 2, 2, 2, 2, 2, 2, 2, 2, 2, 25923, 7863, 833, 32804, 9724, 
    544, 48005, 12495, 7225, 6755, 525, 7316, 3686, 71687, 10257, 6427, 8037, 
    207, 46088, 5778, 4348, 7598, 2388, 25609, 44819, 24029, 5239, 4249 ]),

    PCGroup(\[ 10, 2, 2, 2, 2, 2, 2, 2, 2, 2, 2, 643, 7223, 993, 404, 8924, 644,
    6275, 3165, 67206, 4496, 2826, 1156, 4386, 626, 20487, 2577, 1947, 677, 
    1487, 397, 11528, 43218, 22348, 1838, 5448, 268 ]),

    PCGroup(\[ 10, 2, 2, 2, 2, 2, 2, 2, 2, 2, 2, 23462, 682, 5223, 24804, 11614,
    1624, 3334, 2444, 14905, 11206, 4496, 8146, 5076, 2566, 346, 7687, 2577, 
    347, 6437, 3247, 237, 17308 ]),

    PCGroup(\[ 10, 2, 2, 2, 2, 2, 2, 2, 2, 2, 2, 40003, 3463, 26404, 25214, 624,
    434, 2444, 4115, 40326, 23536, 1706, 176, 2566, 346, 51207, 24337, 3227, 
    9797, 3247, 237, 8678 ]),

    PCGroup(\[ 10, 2, 2, 2, 2, 2, 2, 2, 2, 2, 2, 18243, 1863, 1473, 26404, 
    24414, 12624, 434, 2444, 4115, 40326, 22416, 11786, 176, 2566, 346, 51207, 
    23057, 12187, 4677, 3247, 237, 8678 ]),

    PCGroup(\[ 10, 2, 2, 2, 2, 2, 2, 2, 2, 2, 2, 24003, 343, 4934, 22085, 145, 
    3045, 31366, 29136, 15706, 1876, 20487, 35857, 16667, 8997, 11528, 23058, 
    15868, 5798, 89609, 12819, 11229, 3239 ]),

    PCGroup(\[ 10, 2, 2, 2, 2, 2, 2, 2, 2, 2, 2, 15604, 5514, 7824, 55685, 
    22095, 515, 2085, 1015, 67206, 4496, 316, 2566, 626, 20487, 2577, 7397, 
    1167, 397, 11528, 43218, 9758, 4368, 268 ]),

    PCGroup(\[ 10, 2, 2, 2, 2, 2, 2, 2, 2, 2, 2, 4922, 7812, 6723, 10333, 51845,
    3855, 13705, 3035, 2085, 535, 10106, 5076, 76807, 1297, 6107, 8197, 3247, 
    237, 17308, 8678 ]),

    PCGroup(\[ 10, 2, 2, 2, 2, 2, 2, 2, 2, 2, 2, 11363, 4333, 5223, 28805, 
    17295, 6395, 2085, 535, 8966, 19056, 2696, 2566, 346, 5127, 39697, 7557, 
    3247, 237, 8678 ]),

    PCGroup(\[ 10, 2, 2, 2, 2, 2, 2, 2, 2, 2, 2, 6842, 5892, 1822, 9283, 7773, 
    1233, 6265, 3155, 67206, 4496, 8426, 876, 2006, 626, 20487, 2577, 3227, 
    8037, 3887, 397, 11528, 43218, 6508, 7598, 3648, 268 ]),

    PCGroup(\[ 10, 2, 2, 2, 2, 2, 2, 2, 2, 2, 2, 6122, 5232, 6922, 9024, 55685, 
    1935, 11785, 5555, 1015, 67206, 1136, 7586, 1156, 626, 20487, 29457, 7387, 
    677, 397, 11528, 38898, 12628, 10838, 268 ]),

    PCGroup(\[ 10, 2, 2, 2, 2, 2, 2, 2, 2, 2, 2, 3002, 132, 862, 4163, 93, 593, 
    7685, 29775, 8905, 635, 2085, 1495, 69446, 4496, 866, 4936, 2566, 906, 2567,
    2577, 9947, 10117, 3247, 557, 17308, 8678 ]),

    PCGroup(\[ 10, 2, 2, 2, 2, 2, 2, 2, 2, 2, 2, 18403, 12733, 5223, 4913, 3334,
    7685, 17295, 5675, 2085, 535, 33606, 19056, 3536, 2566, 346, 2567, 39697, 
    8517, 3247, 237, 8678 ]),

    PCGroup(\[ 10, 2, 2, 2, 2, 2, 2, 2, 2, 2, 2, 35043, 4413, 5223, 513, 28805, 
    19215, 7595, 2085, 535, 8966, 34736, 1296, 2566, 346, 5127, 21777, 837, 
    3247, 237, 8678 ]),

    PCGroup(\[ 10, 2, 2, 2, 2, 2, 2, 2, 2, 2, 2, 10804, 5424, 3334, 1144, 28805,
    16335, 4345, 1245, 1495, 8966, 20176, 5626, 1306, 1316, 346, 5127, 25617, 
    7707, 1167, 1657, 237, 4368 ]),

    PCGroup(\[ 10, 2, 2, 2, 2, 2, 2, 2, 2, 2, 2, 17402, 6912, 4402, 48804, 
    17214, 11624, 5734, 1644, 59525, 3855, 265, 6995, 1015, 25607, 1297, 16347, 
    2597, 397, 17288, 41778, 15508, 1478, 268 ]),

    PCGroup(\[ 10, 2, 2, 2, 2, 2, 2, 2, 2, 2, 2, 15482, 10512, 6202, 45604, 
    9214, 1624, 4534, 1644, 11065, 67206, 28016, 306, 1156, 626, 20487, 19217, 
    14427, 677, 397, 11528, 27378, 19108, 10838, 268 ]),

    PCGroup(\[ 10, 2, 2, 2, 2, 2, 2, 2, 2, 2, 2, 4963, 6253, 7143, 2673, 55685, 
    1935, 995, 2805, 1015, 67206, 1136, 316, 606, 626, 20487, 29457, 7397, 367, 
    397, 11528, 38898, 10478, 5448, 268 ]),

    PCGroup(\[ 10, 2, 2, 2, 2, 2, 2, 2, 2, 2, 2, 37603, 14653, 5223, 28805, 
    17295, 2555, 2085, 535, 8966, 19056, 7176, 2566, 346, 5127, 39697, 7557, 
    3247, 237, 8678 ]),

    PCGroup(\[ 10, 2, 2, 2, 2, 2, 2, 2, 2, 2, 2, 8003, 183, 10404, 124, 6995, 
    3525, 8966, 33616, 10666, 3956, 2566, 626, 5127, 10257, 13467, 7717, 3247, 
    397, 86408, 5778, 18028, 7238, 4368, 268 ]),

    PCGroup(\[ 10, 2, 2, 2, 2, 2, 2, 2, 2, 2, 2, 21482, 252, 5542, 5223, 10804, 
    114, 3334, 2344, 8185, 2085, 44806, 29136, 2826, 2986, 1316, 346, 46087, 
    35857, 1947, 3087, 1657, 237, 17308, 4368 ]),

    PCGroup(\[ 10, 2, 2, 2, 2, 2, 2, 2, 2, 2, 2, 15482, 132, 3982, 20803, 93, 
    2673, 11065, 5555, 67206, 16816, 8426, 7036, 606, 626, 20487, 32017, 16027, 
    4837, 367, 397, 11528, 30258, 15148, 6878, 5448, 268 ]),

    PCGroup(\[ 10, 2, 2, 2, 2, 2, 2, 2, 2, 2, 2, 4163, 10183, 2833, 48804, 
    13214, 5424, 3434, 844, 59525, 16335, 9625, 155, 2085, 1495, 8966, 20176, 
    8426, 3256, 2566, 906, 5127, 25617, 10907, 4357, 3247, 557, 8678 ]),

    PCGroup(\[ 10, 2, 2, 2, 2, 2, 2, 2, 2, 2, 2, 8643, 343, 5734, 22085, 145, 
    3525, 31366, 33616, 4506, 5076, 1036, 626, 61447, 10257, 19227, 7717, 1657, 
    397, 57608, 5778, 1468, 7238, 2218, 268 ]),

    PCGroup(\[ 10, 2, 2, 2, 2, 2, 2, 2, 2, 2, 2, 32483, 333, 1793, 41004, 214, 
    1144, 59525, 3855, 3865, 5795, 2085, 1015, 25607, 1297, 18587, 6437, 2127, 
    397, 17288, 41778, 748, 6158, 4368, 268 ]),

    PCGroup(\[ 10, 2, 2, 2, 2, 2, 2, 2, 2, 2, 2, 20803, 183, 26404, 124, 6995, 
    3525, 8966, 33616, 11786, 3956, 2566, 626, 5127, 10257, 12187, 7717, 3247, 
    397, 86408, 5778, 10828, 7238, 4368, 268 ]),

    PCGroup(\[ 10, 2, 2, 2, 2, 2, 2, 2, 2, 2, 2, 14522, 132, 3742, 19523, 93, 
    2513, 985, 515, 586, 316, 20487, 28177, 16027, 8357, 1167, 397, 11528, 
    37458, 15148, 7958, 2028, 268 ]),

    PCGroup(\[ 10, 2, 2, 2, 2, 2, 2, 2, 2, 2, 2, 27203, 3783, 2833, 42404, 
    13214, 11824, 3434, 2444, 51845, 16335, 9625, 155, 2085, 535, 5076, 76807, 
    25617, 10907, 9477, 3247, 237, 8678 ]),

    PCGroup(\[ 10, 2, 2, 2, 2, 2, 2, 2, 2, 2, 2, 21242, 7812, 5422, 28483, 
    10333, 3633, 7685, 17295, 8905, 635, 2085, 1495, 69446, 19056, 866, 4936, 
    2566, 906, 2567, 19217, 9947, 10117, 3247, 557, 17308, 8678 ]),

    PCGroup(\[ 10, 2, 2, 2, 2, 2, 2, 2, 2, 2, 2, 15683, 183, 20004, 124, 515, 
    285, 316, 186, 20487, 8977, 13467, 8677, 3887, 397, 11528, 15858, 18028, 
    8318, 3648, 268 ]),

    PCGroup(\[ 10, 2, 2, 2, 2, 2, 2, 2, 2, 2, 2, 8003, 6663, 5073, 44004, 13214,
    5424, 4034, 844, 3845, 16335, 9625, 3275, 2085, 1495, 2246, 20176, 8426, 
    4096, 2566, 906, 79367, 25617, 10907, 197, 3247, 557, 8678 ]),

    PCGroup(\[ 10, 2, 2, 2, 2, 2, 2, 2, 2, 2, 2, 20803, 183, 26404, 124, 6995, 
    3525, 8966, 33616, 11786, 5636, 3406, 626, 5127, 10257, 12187, 5797, 2287, 
    397, 86408, 5778, 10828, 5078, 3288, 268 ]),

    PCGroup(\[ 10, 2, 2, 2, 2, 2, 2, 2, 2, 2, 2, 1935, 1136, 46088, 8668, 2208, 
    1498, 788, 25609, 16029, 4049, 859, 469 ]),

    PCGroup(\[ 10, 2, 2, 2, 2, 2, 2, 2, 2, 2, 2, 814, 495, 67206, 3386, 1716, 
    1166, 616, 57608, 8668, 4358, 408, 238, 38409, 16029, 8039, 5249, 2659 ]),

    PCGroup(\[ 10, 2, 2, 2, 2, 2, 2, 2, 2, 2, 2, 10014, 3144, 58246, 15696, 
    1156, 4106, 71687, 10257, 677, 4367, 46088, 5778, 5078, 4188, 25609, 44819, 
    8839, 3049 ]),

    PCGroup(\[ 10, 2, 2, 2, 2, 2, 2, 2, 2, 2, 2, 333, 193, 214, 144, 58246, 
    3386, 2276, 1166, 46088, 8668, 758, 408, 25609, 16029, 10439, 5249 ]),

    PCGroup(\[ 10, 2, 2, 2, 2, 2, 2, 2, 2, 2, 2, 36004, 18014, 1044, 67206, 
    4496, 5356, 1166, 626, 20487, 2577, 6757, 4847, 397, 11528, 43218, 9038, 
    408, 268 ]),

    PCGroup(\[ 10, 2, 2, 2, 2, 2, 2, 2, 2, 2, 2, 814, 495, 20487, 3867, 1957, 
    3567, 1817, 397, 11528, 7228, 3638, 4728, 2398, 268 ]),

    PCGroup(\[ 10, 2, 2, 2, 2, 2, 2, 2, 2, 2, 2, 22814, 11424, 5765, 27855, 
    14905, 995, 765, 1015, 15367, 10257, 6427, 357, 527, 397, 28808, 5778, 4348,
    10478, 5628, 268 ]),

    PCGroup(\[ 10, 2, 2, 2, 2, 2, 2, 2, 2, 2, 2, 643, 333, 404, 214, 59525, 
    1465, 995, 525, 1015, 25607, 3867, 357, 207, 397, 17288, 7228, 10478, 5268, 
    268 ]),

    PCGroup(\[ 10, 2, 2, 2, 2, 2, 2, 2, 2, 2, 2, 15683, 7853, 3153, 58246, 
    15696, 2266, 876, 71687, 10257, 1307, 1637, 46088, 5778, 10108, 3278, 25609,
    44819, 17629, 6839 ]),

    PCGroup(\[ 10, 2, 2, 2, 2, 2, 2, 2, 2, 2, 2, 643, 3393, 404, 2144, 2895, 
    13945, 995, 525, 1015, 7697, 5147, 357, 207, 397, 14418, 2908, 10478, 5268, 
    268 ]),

    PCGroup(\[ 10, 2, 2, 2, 2, 2, 2, 2, 2, 2, 2, 36163, 18093, 1073, 67206, 
    4496, 8426, 5356, 626, 20487, 2577, 16027, 6757, 397, 11528, 43218, 15148, 
    9038, 268 ]),

    PCGroup(\[ 10, 2, 2, 2, 2, 2, 2, 2, 2, 2, 2, 36163, 18093, 993, 67206, 4496,
    8426, 5496, 626, 20487, 2577, 16027, 6917, 397, 11528, 43218, 15148, 9218, 
    268 ]),

    PCGroup(\[ 10, 2, 2, 2, 2, 2, 2, 2, 2, 2, 2, 23204, 2744, 22406, 12346, 
    1156, 1446, 30727, 10267, 677, 1967, 76809, 3229, 8839, 4849 ]),

    PCGroup(\[ 10, 2, 2, 2, 2, 2, 2, 2, 2, 2, 2, 40804, 1144, 55685, 1465, 995, 
    1605, 1015, 20487, 3867, 357, 3887, 397, 11528, 7228, 10478, 3648, 268 ]),

    PCGroup(\[ 10, 2, 2, 2, 2, 2, 2, 2, 2, 2, 2, 16813, 6183, 4113, 42245, 
    25935, 985, 1235, 1015, 47046, 8976, 586, 1716, 626, 43208, 2898, 19468, 
    4358, 268 ]),

    PCGroup(\[ 10, 2, 2, 2, 2, 2, 2, 2, 2, 2, 2, 40004, 19614, 12324, 47045, 
    24015, 15025, 29136, 8986, 1156, 606, 336, 35857, 14107, 677, 367, 217, 
    23058, 18748, 5078, 12819, 1629, 8839 ]),

    PCGroup(\[ 10, 2, 2, 2, 2, 2, 2, 2, 2, 2, 2, 6723, 10733, 9863, 3855, 985, 
    4235, 2085, 535, 16816, 586, 736, 2566, 346, 1297, 9627, 1477, 3247, 237, 
    8678 ]),

    PCGroup(\[ 10, 2, 2, 2, 2, 2, 2, 2, 2, 2, 2, 32323, 2413, 8103, 3713, 23204,
    5214, 10224, 5434, 2444, 4115, 8966, 13456, 15146, 7176, 2566, 346, 5127, 
    12817, 18587, 7557, 3247, 237, 8678 ]),

    PCGroup(\[ 10, 2, 2, 2, 2, 2, 2, 2, 2, 2, 2, 5604, 19614, 234, 3845, 24015, 
    155, 2246, 29136, 1016, 71687, 5147, 46088, 2908, 25609, 22429 ]),

    PCGroup(\[ 10, 2, 2, 2, 2, 2, 2, 2, 2, 2, 2, 10404, 8414, 2134, 3144, 58246,
    15696, 2266, 876, 1166, 71687, 10257, 1307, 1637, 2287, 46088, 5778, 10108, 
    3278, 408, 25609, 44819, 17629, 6839, 5249 ]),

    PCGroup(\[ 10, 2, 2, 2, 2, 2, 2, 2, 2, 2, 2, 48804, 19614, 234, 2444, 59525,
    24015, 155, 1495, 58246, 7866, 606, 336, 71687, 5147, 367, 217, 46088, 2908,
    2568, 1318, 25609, 22429, 4449, 2259 ]),

    PCGroup(\[ 10, 2, 2, 2, 2, 2, 2, 2, 2, 2, 2, 20004, 10214, 11524, 405, 
    20487, 11537, 17307, 1957, 3247, 397, 11528, 7218, 16588, 3638, 4368, 268 
    ]),

    PCGroup(\[ 10, 2, 2, 2, 2, 2, 2, 2, 2, 2, 2, 44404, 9414, 5424, 9605, 13455,
    13465, 1715, 3165, 1015, 606, 367, 34568, 10098, 15148, 5078, 3828, 268 ]),

    PCGroup(\[ 10, 2, 2, 2, 2, 2, 2, 2, 2, 2, 2, 36163, 12653, 3623, 3313, 3334,
    3845, 24975, 6745, 395, 2085, 295, 2246, 28016, 7306, 736, 2566, 206, 6437, 
    8678 ]),

    PCGroup(\[ 10, 2, 2, 2, 2, 2, 2, 2, 2, 2, 2, 2404, 1614, 624, 634, 6726, 
    576, 1706, 456, 71687, 20497, 5147, 46088, 40338, 2908, 25609, 6419, 22429 
    ]),

    PCGroup(\[ 10, 2, 2, 2, 2, 2, 2, 2, 2, 2, 2, 31204, 20414, 7824, 31366, 
    4496, 14586, 2556, 3686, 20487, 2577, 17947, 4837, 4527, 11528, 20178, 
    11548, 1118, 2928, 89609, 35219, 6429, 10839, 1649 ]),

    PCGroup(\[ 10, 2, 2, 2, 2, 2, 2, 2, 2, 2, 2, 47204, 13214, 5934, 1944, 4815,
    12985, 1235, 285, 1015, 6736, 4506, 1716, 186, 626, 17298, 1468, 4358, 4908,
    268 ]),

    PCGroup(\[ 10, 2, 2, 2, 2, 2, 2, 2, 2, 2, 2, 14642, 7452, 19363, 10173, 
    25404, 12114, 7306, 3676, 1866, 20487, 20497, 3557, 847, 11528, 40338, 5068,
    1128, 89609, 6419, 13629, 12039 ]),

    PCGroup(\[ 10, 2, 2, 2, 2, 2, 2, 2, 2, 2, 2, 44004, 24614, 1424, 3845, 
    10575, 12025, 7475, 3765, 2246, 8976, 14586, 7876, 3966, 17927, 17937, 
    17947, 8357, 4207, 31688, 2898, 11548, 7958, 60809, 41619, 6429, 5639 ]),

    PCGroup(\[ 10, 2, 2, 2, 2, 2, 2, 2, 2, 2, 2, 20414, 13445, 18255, 985, 2195,
    8966, 17936, 586, 2836, 5127, 28177, 4507, 3877, 70409, 3219, 15229, 9639 
    ]),

    PCGroup(\[ 10, 2, 2, 2, 2, 2, 2, 2, 2, 2, 2, 25214, 1444, 13445, 20175, 985,
    2195, 1845, 8966, 24656, 586, 2836, 1726, 5127, 20497, 4507, 3877, 1647, 
    70409, 6419, 15229, 9639, 6049 ]),

    PCGroup(\[ 10, 2, 2, 2, 2, 2, 2, 2, 2, 2, 2, 1214, 1224, 334, 3376, 866, 
    876, 35857, 10267, 8997, 23058, 20188, 5798, 12819, 3229, 3239 ]),

    PCGroup(\[ 10, 2, 2, 2, 2, 2, 2, 2, 2, 2, 2, 4973, 423, 113, 8976, 2266, 
    7036, 626, 38417, 1307, 4837, 397, 2898, 21628, 6878, 268 ]),

    PCGroup(\[ 10, 2, 2, 2, 2, 2, 2, 2, 2, 2, 2, 6624, 334, 2344, 16826, 1156, 
    2146, 626, 5147, 677, 4047, 397, 2908, 10838, 3828, 268 ]),

    PCGroup(\[ 10, 2, 2, 2, 2, 2, 2, 2, 2, 2, 2, 43205, 24495, 1105, 1605, 
    48166, 29696, 726, 2006, 40967, 10257, 17947, 387, 80648, 5778, 11548, 248, 
    12809, 44819, 6429, 2859 ]),

    PCGroup(\[ 10, 2, 2, 2, 2, 2, 2, 2, 2, 2, 2, 5604, 814, 6224, 434, 3845, 
    495, 6745, 875, 2246, 3936, 7306, 176, 71687, 5147, 46088, 2908, 25609, 
    22429 ]),

    PCGroup(\[ 10, 2, 2, 2, 2, 2, 2, 2, 2, 2, 2, 1604, 9224, 4234, 244, 965, 
    10825, 4955, 175, 71687, 10257, 5147, 4527, 2297, 46088, 5778, 2908, 2928, 
    1498, 25609, 44819, 22429, 1649, 859 ]),

    PCGroup(\[ 10, 2, 2, 2, 2, 2, 2, 2, 2, 2, 2, 16003, 13853, 3943, 19604, 
    17114, 5024, 46085, 25935, 7705, 3155, 60486, 26896, 10666, 8716, 2706, 
    2597, 1327, 1478, 768, 28809, 16019, 829, 11239 ]),

    PCGroup(\[ 10, 2, 2, 2, 2, 2, 2, 2, 2, 2, 2, 515, 1725, 316, 1866, 8997, 
    1327, 5798, 768, 3239, 5649 ]),

    PCGroup(\[ 10, 2, 2, 2, 2, 2, 2, 2, 2, 2, 2, 12624, 1934, 2544, 13945, 5555,
    285, 1015, 16826, 1156, 186, 626, 5147, 677, 3727, 397, 2908, 10838, 4908, 
    268 ]),

    PCGroup(\[ 10, 2, 2, 2, 2, 2, 2, 2, 2, 2, 2, 3385, 2085, 655, 16826, 606, 
    626, 5147, 367, 397, 2908, 5448, 268 ]),

    PCGroup(\[ 10, 2, 2, 2, 2, 2, 2, 2, 2, 2, 2, 2006, 1876, 2607, 697, 5088, 
    418, 849, 2859 ]),

    PCGroup(\[ 10, 2, 2, 2, 2, 2, 2, 2, 2, 2, 2, 6515, 3525, 775, 8436, 606, 
    1456, 626, 2597, 367, 1497, 397, 1478, 5448, 1318, 268 ]),

    PCGroup(\[ 10, 2, 2, 2, 2, 2, 2, 2, 2, 2, 2, 3845, 20175, 10585, 5075, 2565,
    2246, 24656, 11786, 6196, 3126, 71687, 5147, 5157, 1337, 46088, 2908, 10118,
    1328, 25609, 22429, 1639, 459 ]),

    PCGroup(\[ 10, 2, 2, 2, 2, 2, 2, 2, 2, 2, 2, 2404, 7024, 3334, 244, 35847, 
    19227, 6437, 3727, 1657, 237, 4368 ]),

    PCGroup(\[ 10, 2, 2, 2, 2, 2, 2, 2, 2, 2, 2, 7204, 22014, 12624, 6334, 
    13446, 11216, 8986, 876, 64009, 38419, 1629, 6839 ]),

    PCGroup(\[ 10, 2, 2, 2, 2, 2, 2, 2, 2, 2, 2, 7204, 22014, 12624, 6334, 
    13446, 11216, 8986, 876, 466, 64009, 38419, 1629, 6839, 3449 ]),

    PCGroup(\[ 10, 2, 2, 2, 2, 2, 2, 2, 2, 2, 2, 14586, 7316, 4246, 2156, 23058,
    8668, 7238, 2928, 12819, 16029, 4839, 1649 ]),

    PCGroup(\[ 10, 2, 2, 2, 2, 2, 2, 2, 2, 2, 2, 13123, 10413, 113, 51845, 
    10575, 3395, 1365, 1495, 5076, 76807, 17937, 357, 2287, 1657, 237, 8678 ]),

    PCGroup(\[ 10, 2, 2, 2, 2, 2, 2, 2, 2, 2, 2, 25935, 10105, 5075, 1845, 1015,
    24656, 4506, 3126, 1316, 626, 40338, 1468, 5088, 2218, 268 ]),

    PCGroup(\[ 10, 2, 2, 2, 2, 2, 2, 2, 2, 2, 2, 1935, 4825, 1245, 1136, 5066, 
    1306, 15377, 5157, 38419, 1639 ]),

    PCGroup(\[ 10, 2, 2, 2, 2, 2, 2, 2, 2, 2, 2, 12495, 6265, 885, 1015, 4496, 
    4506, 8436, 1316, 626, 2577, 19227, 2597, 1657, 397, 43218, 1468, 1478, 
    2218, 268 ]),

    PCGroup(\[ 10, 2, 2, 2, 2, 2, 2, 2, 2, 2, 2, 2014, 3934, 144, 7697, 6427, 
    3247, 397, 14418, 4348, 4368, 268 ]),

    PCGroup(\[ 10, 2, 2, 2, 2, 2, 2, 2, 2, 2, 2, 29604, 10814, 7824, 2334, 
    31366, 4496, 12346, 4236, 20487, 2577, 10267, 2917, 11528, 20178, 20188, 
    1838, 89609, 35219, 3229, 11639 ]),

    PCGroup(\[ 10, 2, 2, 2, 2, 2, 2, 2, 2, 2, 2, 31366, 24656, 12346, 6196, 
    3686, 1876, 71687, 8997, 2607, 46088, 5798, 5088, 25609, 3239, 849 ]),

    PCGroup(\[ 10, 2, 2, 2, 2, 2, 2, 2, 2, 2, 2, 19373, 9703, 3953, 3334, 8185, 
    995, 3765, 1495, 10106, 4796, 2846, 1316, 346, 12827, 9957, 2927, 1657, 237,
    8678 ]),

    PCGroup(\[ 10, 2, 2, 2, 2, 2, 2, 2, 2, 2, 2, 13945, 5555, 2805, 655, 67206, 
    4496, 2266, 8436, 1316, 626, 20487, 2577, 1307, 2597, 1657, 397, 11528, 
    43218, 21628, 1478, 2218, 268 ]),

    PCGroup(\[ 10, 2, 2, 2, 2, 2, 2, 2, 2, 2, 2, 51845, 24015, 6265, 5555, 3045,
    71687, 10257, 11547, 3237, 1327, 46088, 5778, 21628, 2198, 768, 25609, 
    44819, 4829, 12039, 5649 ]),

    PCGroup(\[ 10, 2, 2, 2, 2, 2, 2, 2, 2, 2, 2, 47204, 21214, 9424, 5734, 1644,
    67206, 34736, 1706, 1156, 2566, 626, 20487, 11537, 3227, 677, 3247, 397, 
    11528, 7218, 6508, 10838, 4368, 268 ]),

    PCGroup(\[ 10, 2, 2, 2, 2, 2, 2, 2, 2, 2, 2, 21125, 20175, 5305, 6035, 1605,
    58246, 15696, 14586, 1156, 1166, 1176, 71687, 10257, 17947, 677, 2287, 1817,
    46088, 5778, 11548, 5078, 408, 2398, 25609, 44819, 6429, 8839, 5249, 259 ]),

    PCGroup(\[ 10, 2, 2, 2, 2, 2, 2, 2, 2, 2, 2, 34404, 19614, 10224, 3734, 
    1044, 35846, 15696, 2266, 2556, 746, 56327, 10257, 1307, 4837, 527, 74888, 
    5778, 10108, 1118, 2748, 6409, 44819, 17629, 10839, 4649 ]),

    PCGroup(\[ 10, 2, 2, 2, 2, 2, 2, 2, 2, 2, 2, 42404, 2814, 10224, 2534, 1244,
    55685, 10575, 6265, 515, 885, 1015, 67206, 26896, 7866, 316, 2846, 626, 
    20487, 17937, 15387, 7397, 2927, 397, 11528, 25938, 14428, 9758, 2568, 268 
    ]),

    PCGroup(\[ 10, 2, 2, 2, 2, 2, 2, 2, 2, 2, 2, 44165, 12495, 7225, 3045, 1615,
    71687, 35857, 5147, 2927, 537, 46088, 23058, 2908, 5448, 958, 25609, 12819, 
    22429, 1249, 1859 ]),

    PCGroup(\[ 10, 2, 2, 2, 2, 2, 2, 2, 2, 2, 2, 47204, 23614, 11024, 4734, 
    1244, 17926, 4496, 1706, 2276, 2706, 626, 76807, 2577, 3227, 9637, 3407, 
    397, 5768, 43218, 6508, 758, 4548, 268 ]),

    PCGroup(\[ 10, 2, 2, 2, 2, 2, 2, 2, 2, 2, 2, 9605, 10575, 12985, 4115, 2565,
    1855, 13446, 8976, 3386, 3396, 2566, 476, 626, 34568, 2898, 8668, 2198, 
    4368, 1138, 268 ]),

    PCGroup(\[ 10, 2, 2, 2, 2, 2, 2, 2, 2, 2, 2, 1604, 21214, 10624, 4234, 965, 
    25935, 12985, 4955, 8966, 11216, 5626, 6756, 5127, 15377, 7707, 9637, 70409,
    38419, 19229, 4039 ]),

    PCGroup(\[ 10, 2, 2, 2, 2, 2, 2, 2, 2, 2, 2, 21604, 18814, 9424, 1934, 1644,
    51845, 4815, 2425, 515, 2085, 1015, 17926, 6736, 3386, 316, 2566, 626, 5768,
    17298, 8668, 9758, 4368, 268 ]),

    PCGroup(\[ 10, 2, 2, 2, 2, 2, 2, 2, 2, 2, 2, 36163, 18733, 1223, 1793, 
    36004, 1214, 11424, 434, 1644, 8966, 3376, 16826, 176, 626, 5127, 6417, 
    5147, 7237, 397, 86408, 12978, 2908, 9578, 268 ]),

    PCGroup(\[ 10, 2, 2, 2, 2, 2, 2, 2, 2, 2, 2, 10404, 14814, 2624, 6334, 1344,
    17285, 20175, 4345, 1715, 285, 22406, 24656, 5626, 1156, 186, 30727, 20497, 
    7707, 677, 1167, 76809, 6419, 19229, 8839, 3849 ]),

    PCGroup(\[ 10, 2, 2, 2, 2, 2, 2, 2, 2, 2, 2, 6735, 985, 515, 525, 4496, 586,
    316, 1026, 2577, 4507, 2277, 207, 46088, 11548, 25609, 6429 ]),

    PCGroup(\[ 10, 2, 2, 2, 2, 2, 2, 2, 2, 2, 2, 21814, 424, 244, 25695, 265, 
    175, 71687, 1327, 697, 46088, 768, 418, 25609, 5649, 2859 ]),

    PCGroup(\[ 10, 2, 2, 2, 2, 2, 2, 2, 2, 2, 2, 39204, 814, 824, 6334, 2844, 
    48005, 495, 15145, 515, 1735, 58246, 35296, 306, 316, 1046, 46088, 3648, 
    1858, 968, 25609, 2449, 1259, 669 ]),

    PCGroup(\[ 10, 2, 2, 2, 2, 2, 2, 2, 2, 2, 2, 45604, 25214, 424, 734, 55685, 
    28815, 265, 515, 67206, 32496, 1986, 316, 20487, 10257, 3247, 1657, 867, 
    397, 11528, 5778, 4368, 2218, 1148, 268 ]),

    PCGroup(\[ 10, 2, 2, 2, 2, 2, 2, 2, 2, 2, 2, 25014, 424, 244, 29535, 265, 
    175, 20487, 397, 11528, 268 ]),

    PCGroup(\[ 10, 2, 2, 2, 2, 2, 2, 2, 2, 2, 2, 973, 183, 193, 1014, 124, 144, 
    20487, 8357, 4207, 397, 11528, 7958, 4008, 268 ]),

    PCGroup(\[ 10, 2, 2, 2, 2, 2, 2, 2, 2, 2, 2, 38723, 2273, 7204, 21214, 624, 
    434, 1644, 13446, 8976, 1706, 176, 626, 34568, 2898, 6508, 9578, 268 ]),

    PCGroup(\[ 10, 2, 2, 2, 2, 2, 2, 2, 2, 2, 2, 18093, 113, 25607, 7697, 3227, 
    8677, 397, 17288, 14418, 6508, 8318, 268 ]),

    PCGroup(\[ 10, 2, 2, 2, 2, 2, 2, 2, 2, 2, 2, 22814, 1544, 7697, 6427, 1637, 
    1807, 397, 14418, 4348, 3278, 1308, 268 ]),

    PCGroup(\[ 10, 2, 2, 2, 2, 2, 2, 2, 2, 2, 2, 39204, 2014, 424, 5334, 244, 
    48005, 2895, 265, 6515, 175, 71687, 35857, 1327, 697, 46088, 23058, 768, 
    418, 25609, 12819, 5649, 2859 ]),

    PCGroup(\[ 10, 2, 2, 2, 2, 2, 2, 2, 2, 2, 2, 39204, 20014, 10424, 5034, 444,
    48005, 23535, 15145, 5915, 295, 58246, 35296, 13746, 8856, 206, 46088, 25609
    ]),

    PCGroup(\[ 10, 2, 2, 2, 2, 2, 2, 2, 2, 2, 2, 45604, 814, 1224, 6134, 244, 
    55685, 495, 1225, 7475, 175, 20487, 10257, 397, 11528, 5778, 268 ]),

    PCGroup(\[ 10, 2, 2, 2, 2, 2, 2, 2, 2, 2, 2, 45604, 15014, 11624, 244, 
    55685, 18495, 13705, 175, 20487, 3247, 1657, 397, 11528, 4368, 2218, 268 ]),

    PCGroup(\[ 10, 2, 2, 2, 2, 2, 2, 2, 2, 2, 2, 36163, 113, 17285, 20175, 1465,
    995, 30727, 20497, 3867, 357, 76809, 6419, 14429, 8439 ]),

    PCGroup(\[ 10, 2, 2, 2, 2, 2, 2, 2, 2, 2, 2, 45604, 23214, 5824, 5834, 244, 
    55685, 27375, 7225, 6875, 175, 20487, 3887, 1977, 397, 11528, 3648, 1858, 
    268 ]),

    PCGroup(\[ 10, 2, 2, 2, 2, 2, 2, 2, 2, 2, 2, 4521, 6792, 4653, 12004, 11614,
    5824, 1534, 1444, 48005, 4815, 5305, 515, 1365, 58246, 6736, 4506, 316, 
    1166, 46088, 17298, 1468, 3998, 408, 25609, 32019, 20829, 7639, 5249 ]),

    PCGroup(\[ 10, 2, 2, 2, 2, 2, 2, 2, 2, 2, 2, 13445, 24975, 12265, 6035, 
    8966, 28016, 14866, 7316, 5127, 39697, 18267, 8997, 11548, 5798, 6429, 3239 
    ]),

    PCGroup(\[ 10, 2, 2, 2, 2, 2, 2, 2, 2, 2, 2, 60485, 28335, 175, 17298, 
    11548, 7238, 1138, 32019, 6429, 4839, 2059 ]),

    PCGroup(\[ 10, 2, 2, 2, 2, 2, 2, 2, 2, 2, 2, 39604, 24714, 1334, 2325, 
    58246, 32496, 8986, 1156, 71687, 34577, 14107, 677, 46088, 33138, 18748, 
    5078, 2568, 25609, 24019, 1629, 8839 ]),

    PCGroup(\[ 10, 2, 2, 2, 2, 2, 2, 2, 2, 2, 2, 16003, 253, 19604, 514, 3155, 
    1605, 58246, 4496, 7866, 3956, 746, 71687, 2577, 5147, 2447, 46088, 20178, 
    2908, 588, 25609, 35219, 22429, 10839 ]),

    PCGroup(\[ 10, 2, 2, 2, 2, 2, 2, 2, 2, 2, 2, 22004, 23014, 1824, 934, 48005,
    10575, 985, 1235, 58246, 8976, 586, 1716, 46088, 2898, 7948, 4358, 2208, 
    25609, 41619, 15229, 8039 ]),

    PCGroup(\[ 10, 2, 2, 2, 2, 2, 2, 2, 2, 2, 2, 17603, 18413, 1383, 3953, 934, 
    48005, 10575, 985, 6995, 645, 58246, 8976, 586, 8436, 886, 46088, 2898, 
    7948, 5798, 2208, 25609, 41619, 15229, 4839, 4049 ]),

    PCGroup(\[ 10, 2, 2, 2, 2, 2, 2, 2, 2, 2, 2, 35204, 19814, 9424, 4134, 
    45125, 24255, 10585, 5075, 45926, 29416, 11786, 6196, 40967, 20497, 17947, 
    1337, 80648, 40338, 11548, 5088, 1328, 12809, 6419, 6429, 459 ]),

    PCGroup(\[ 10, 2, 2, 2, 2, 2, 2, 2, 2, 2, 2, 27523, 333, 183, 34004, 214, 
    124, 24965, 27855, 14905, 4115, 2445, 1015, 61447, 10257, 6427, 6437, 2767, 
    397, 57608, 5778, 4348, 4718, 4368, 268 ]),

    PCGroup(\[ 10, 2, 2, 2, 2, 2, 2, 2, 2, 2, 2, 20404, 1214, 2724, 2134, 144, 
    31366, 4496, 11226, 6756, 4246, 1736, 626, 61447, 2577, 11547, 4517, 2927, 
    1177, 397, 57608, 43218, 10108, 6518, 768, 1678, 268 ]),

    PCGroup(\[ 10, 2, 2, 2, 2, 2, 2, 2, 2, 2, 2, 40804, 8614, 4724, 4134, 144, 
    35846, 15696, 2266, 606, 1596, 56327, 10257, 1307, 3567, 1337, 74888, 5778, 
    10108, 4728, 2578, 6409, 44819, 17629, 449, 459 ]),

    PCGroup(\[ 10, 2, 2, 2, 2, 2, 2, 2, 2, 2, 2, 6196, 1596, 8997, 1327, 1337, 
    5798, 768, 2578, 3239, 5649, 459 ]),

    PCGroup(\[ 10, 2, 2, 2, 2, 2, 2, 2, 2, 2, 2, 40325, 2565, 415, 49286, 14586,
    2006, 336, 40967, 17947, 1327, 217, 80648, 11548, 768, 1318, 12809, 6429, 
    5649, 2259 ]),

    PCGroup(\[ 10, 2, 2, 2, 2, 2, 2, 2, 2, 2, 2, 2085, 895, 20487, 2597, 3247, 
    697, 397, 11528, 1478, 4368, 418, 268 ]),

    PCGroup(\[ 10, 2, 2, 2, 2, 2, 2, 2, 2, 2, 2, 4134, 144, 40326, 10106, 1716, 
    1166, 626, 69128, 17308, 4358, 408, 268 ]),

    PCGroup(\[ 10, 2, 2, 2, 2, 2, 2, 2, 2, 2, 2, 14415, 3635, 1845, 20487, 
    33297, 7077, 4207, 1977, 397, 11528, 31698, 9398, 4008, 1858, 268 ]),

    PCGroup(\[ 10, 2, 2, 2, 2, 2, 2, 2, 2, 2, 2, 3845, 985, 515, 285, 2246, 586,
    316, 186, 20487, 2597, 697, 387, 397, 11528, 1478, 418, 248, 268 ]),

    PCGroup(\[ 10, 2, 2, 2, 2, 2, 2, 2, 2, 2, 2, 42404, 5334, 344, 51845, 22095,
    6995, 285, 1015, 17926, 4496, 8436, 186, 626, 76807, 2577, 2597, 3727, 397, 
    5768, 43218, 1478, 4908, 268 ]),

    PCGroup(\[ 10, 2, 2, 2, 2, 2, 2, 2, 2, 2, 2, 25935, 12985, 6515, 3285, 415, 
    4496, 4506, 2276, 606, 1736, 626, 2577, 19227, 9637, 367, 1177, 397, 43218, 
    1468, 758, 5448, 1678, 268 ]),

    PCGroup(\[ 10, 2, 2, 2, 2, 2, 2, 2, 2, 2, 2, 36004, 9024, 1044, 44165, 
    11065, 6995, 285, 1015, 8966, 2266, 8436, 186, 626, 5127, 1307, 2597, 3727, 
    397, 86408, 21628, 1478, 4908, 268 ]),

    PCGroup(\[ 10, 2, 2, 2, 2, 2, 2, 2, 2, 2, 2, 36004, 9024, 144, 8966, 2266, 
    8436, 2566, 626, 5127, 1307, 2597, 3247, 397, 86408, 21628, 1478, 4368, 268 
    ]),

    PCGroup(\[ 10, 2, 2, 2, 2, 2, 2, 2, 2, 2, 2, 18014, 4534, 144, 8976, 16826, 
    1156, 1166, 626, 38417, 5147, 677, 4847, 397, 2898, 2908, 10838, 408, 268 
    ]),

    PCGroup(\[ 10, 2, 2, 2, 2, 2, 2, 2, 2, 2, 2, 4163, 16973, 343, 3845, 26655, 
    145, 2246, 27736, 1846, 5147, 4527, 2297, 1187, 2908, 5798, 2928, 22429, 
    3239, 1649 ]),

    PCGroup(\[ 10, 2, 2, 2, 2, 2, 2, 2, 2, 2, 2, 39604, 19814, 5124, 1334, 
    24965, 1935, 7705, 1715, 885, 31366, 1136, 10666, 1156, 20487, 8977, 13467, 
    677, 11528, 15858, 18028, 5078, 2568, 89609, 30419, 829, 8839 ]),

    PCGroup(\[ 10, 2, 2, 2, 2, 2, 2, 2, 2, 2, 2, 44404, 8414, 11124, 1934, 2044,
    48005, 1935, 6745, 1955, 3405, 58246, 1136, 7306, 3116, 4386, 71687, 8977, 
    7067, 4197, 2607, 46088, 15858, 5068, 398, 3828, 25609, 30419, 24829, 10039,
    849 ]),

    PCGroup(\[ 10, 2, 2, 2, 2, 2, 2, 2, 2, 2, 2, 18404, 4414, 1134, 19205, 
    20175, 3385, 515, 20166, 24656, 2266, 316, 38407, 20497, 1307, 2277, 86409, 
    6419, 17629, 7639 ]),

    PCGroup(\[ 10, 2, 2, 2, 2, 2, 2, 2, 2, 2, 2, 32804, 2624, 1334, 49286, 
    15696, 2266, 6476, 746, 40967, 10257, 1307, 5477, 527, 80648, 5778, 10108, 
    10478, 2748, 12809, 44819, 17629, 2039, 4649 ]),

    PCGroup(\[ 10, 2, 2, 2, 2, 2, 2, 2, 2, 2, 2, 47204, 13214, 6624, 5934, 
    28805, 6735, 8185, 7475, 525, 1495, 8966, 13456, 10106, 5636, 4386, 1316, 
    346, 5127, 12817, 12827, 5797, 207, 1657, 237, 4368 ]),

    PCGroup(\[ 10, 2, 2, 2, 2, 2, 2, 2, 2, 2, 2, 45604, 22814, 11424, 2734, 144,
    4246, 20487, 25617, 5147, 8357, 1647, 697, 397, 11528, 34578, 2908, 7958, 
    1128, 418, 268 ]),

    PCGroup(\[ 10, 2, 2, 2, 2, 2, 2, 2, 2, 2, 2, 3204, 3014, 1424, 6725, 2175, 
    985, 1126, 1416, 586, 17947, 2597, 1327, 387, 11548, 1478, 768, 248, 6429, 
    11239, 2859 ]),

    PCGroup(\[ 10, 2, 2, 2, 2, 2, 2, 2, 2, 2, 2, 10404, 5814, 2824, 13445, 6495,
    3145, 4506, 1156, 2566, 1456, 626, 19227, 677, 3247, 1497, 397, 1468, 10838,
    2568, 2218, 268 ]),

    PCGroup(\[ 10, 2, 2, 2, 2, 2, 2, 2, 2, 2, 2, 4496, 1706, 2577, 3227, 23058, 
    11548, 2928, 12819, 6429, 1649 ]),

    PCGroup(\[ 10, 2, 2, 2, 2, 2, 2, 2, 2, 2, 2, 3845, 29295, 2246, 33056, 2597,
    1977, 1027, 397, 1478, 1858, 968, 268 ]),

    PCGroup(\[ 10, 2, 2, 2, 2, 2, 2, 2, 2, 2, 2, 45125, 7225, 175, 8997, 697, 
    5798, 418, 3239, 2859 ]),

    PCGroup(\[ 10, 2, 2, 2, 2, 2, 2, 2, 2, 2, 2, 31204, 10814, 144, 2597, 1647, 
    397, 1478, 1128, 268 ]),

    PCGroup(\[ 10, 2, 2, 2, 2, 2, 2, 2, 2, 2, 2, 10413, 113, 67206, 15696, 2266,
    4236, 626, 20487, 30737, 1307, 8037, 397, 11528, 28818, 21628, 7598, 268 ]),

    PCGroup(\[ 10, 2, 2, 2, 2, 2, 2, 2, 2, 2, 2, 11305, 5675, 40326, 15696, 336,
    626, 51207, 30737, 217, 397, 69128, 28818, 2758, 268 ]),

    PCGroup(\[ 10, 2, 2, 2, 2, 2, 2, 2, 2, 2, 2, 34243, 653, 52805, 255, 67206, 
    16826, 1156, 336, 626, 20487, 5147, 677, 217, 397, 11528, 2908, 10838, 2758,
    268 ]),

    PCGroup(\[ 10, 2, 2, 2, 2, 2, 2, 2, 2, 2, 2, 21214, 5334, 1044, 55685, 
    22095, 985, 1955, 525, 1015, 67206, 4496, 586, 7596, 3266, 626, 20487, 2577,
    14747, 9317, 207, 397, 11528, 43218, 19468, 398, 5268, 268 ]),

    PCGroup(\[ 10, 2, 2, 2, 2, 2, 2, 2, 2, 2, 2, 5414, 2724, 67206, 2266, 2706, 
    626, 20487, 1307, 3407, 397, 11528, 21628, 4548, 268 ]),

    PCGroup(\[ 10, 2, 2, 2, 2, 2, 2, 2, 2, 2, 2, 36163, 18093, 9063, 113, 8966, 
    34736, 16826, 5916, 626, 5127, 11537, 5147, 6117, 397, 86408, 7218, 2908, 
    5438, 268 ]),

    PCGroup(\[ 10, 2, 2, 2, 2, 2, 2, 2, 2, 2, 2, 20404, 814, 2244, 25445, 495, 
    1375, 67206, 16826, 606, 336, 626, 20487, 5147, 367, 217, 397, 11528, 2908, 
    5448, 2758, 268 ]),

    PCGroup(\[ 10, 2, 2, 2, 2, 2, 2, 2, 2, 2, 2, 643, 14253, 2753, 404, 18014, 
    1744, 67206, 16826, 1156, 606, 626, 20487, 5147, 677, 367, 397, 11528, 2908,
    10838, 5448, 268 ]),

    PCGroup(\[ 10, 2, 2, 2, 2, 2, 2, 2, 2, 2, 2, 3845, 1935, 745, 295, 2246, 
    1136, 1426, 206, 23058, 11548, 5798, 12819, 6429, 3239 ]),

    PCGroup(\[ 10, 2, 2, 2, 2, 2, 2, 2, 2, 2, 2, 643, 6733, 1793, 404, 8214, 
    1144, 33616, 16826, 1156, 606, 626, 10257, 5147, 677, 367, 397, 5778, 2908, 
    10838, 5448, 268 ]),

    PCGroup(\[ 10, 2, 2, 2, 2, 2, 2, 2, 2, 2, 2, 12014, 424, 244, 13935, 265, 
    175, 20487, 10257, 2597, 3887, 1977, 397, 11528, 5778, 1478, 3648, 1858, 268
    ]),

    PCGroup(\[ 10, 2, 2, 2, 2, 2, 2, 2, 2, 2, 2, 17283, 7853, 4183, 24485, 
    12495, 5905, 17936, 12346, 3956, 2006, 28177, 10267, 1327, 697, 37458, 
    20188, 768, 418, 3219, 3229, 11239, 5649 ]),

    PCGroup(\[ 10, 2, 2, 2, 2, 2, 2, 2, 2, 2, 2, 1604, 2814, 8424, 234, 965, 
    1935, 9865, 155, 7846, 1136, 13186, 1016, 20487, 35857, 17947, 8997, 1337, 
    11528, 23058, 11548, 5798, 5088, 1328, 89609, 12819, 6429, 3239, 459 ]),

    PCGroup(\[ 10, 2, 2, 2, 2, 2, 2, 2, 2, 2, 2, 2134, 48005, 6735, 985, 1955, 
    58246, 4496, 586, 3116, 71687, 2577, 4507, 4197, 46088, 20178, 7948, 398, 
    25609, 35219, 15229, 10039 ]),

    PCGroup(\[ 10, 2, 2, 2, 2, 2, 2, 2, 2, 2, 2, 4163, 16973, 343, 3845, 26655, 
    145, 2246, 27736, 1846, 5147, 4527, 2297, 1187, 2908, 5798, 2928, 22429, 
    3239, 1649 ]),

    PCGroup(\[ 10, 2, 2, 2, 2, 2, 2, 2, 2, 2, 2, 50885, 1935, 6265, 5195, 57126,
    1136, 7866, 6336, 71687, 5147, 2597, 46088, 2908, 1478, 25609, 22429, 11239 
    ]),

    PCGroup(\[ 10, 2, 2, 2, 2, 2, 2, 2, 2, 2, 2, 16804, 7824, 3934, 40325, 
    14415, 985, 1955, 2085, 1015, 49286, 31376, 586, 7596, 2566, 626, 80648, 
    31698, 19468, 398, 4368, 268 ]),

    PCGroup(\[ 10, 2, 2, 2, 2, 2, 2, 2, 2, 2, 2, 13445, 1935, 745, 6155, 8966, 
    1136, 1426, 7456, 5127, 8977, 2907, 9157, 5798, 3239 ]),

    PCGroup(\[ 10, 2, 2, 2, 2, 2, 2, 2, 2, 2, 2, 3845, 17775, 745, 7115, 2246, 
    19616, 1426, 8576, 2597, 1657, 867, 397, 1478, 2218, 1148, 268 ]),

    PCGroup(\[ 10, 2, 2, 2, 2, 2, 2, 2, 2, 2, 2, 13445, 1935, 6035, 3045, 8966, 
    1136, 7316, 3686, 5127, 8977, 8997, 4527, 23058, 5798, 2928, 12819, 3239, 
    1649 ]),

    PCGroup(\[ 10, 2, 2, 2, 2, 2, 2, 2, 2, 2, 2, 5765, 14415, 6995, 3525, 175, 
    10257, 2597, 1327, 1657, 397, 5778, 1478, 768, 2218, 268 ]),

    PCGroup(\[ 10, 2, 2, 2, 2, 2, 2, 2, 2, 2, 2, 482, 5952, 7783, 204, 16614, 
    4934, 985, 285, 586, 186, 25607, 10257, 4507, 8997, 4527, 17288, 5778, 
    13708, 5798, 96009, 44819, 8829, 3239 ]),

    PCGroup(\[ 10, 2, 2, 2, 2, 2, 2, 2, 2, 2, 2, 46004, 23014, 6624, 4534, 2805,
    67206, 21296, 11226, 1156, 2846, 626, 20487, 26897, 11547, 677, 2927, 397, 
    11528, 36018, 10108, 10838, 4368, 268 ]),

    PCGroup(\[ 10, 2, 2, 2, 2, 2, 2, 2, 2, 2, 2, 18243, 6253, 3334, 44806, 
    32496, 11786, 7456, 2566, 346, 46087, 34577, 12187, 9157, 3247, 237, 8678 
    ]),

    PCGroup(\[ 10, 2, 2, 2, 2, 2, 2, 2, 2, 2, 2, 3843, 1613, 183, 6004, 1814, 
    124, 4325, 3615, 865, 15367, 38417, 5147, 1007, 28808, 25938, 2908, 3638, 
    958, 57609, 16019, 22429, 3649 ]),

    PCGroup(\[ 10, 2, 2, 2, 2, 2, 2, 2, 2, 2, 2, 1604, 20014, 5034, 965, 23535, 
    5915, 31366, 17936, 6196, 336, 20487, 28177, 5157, 217, 11528, 37458, 10118,
    2568, 89609, 3219, 1639, 4449 ]),

    PCGroup(\[ 10, 2, 2, 2, 2, 2, 2, 2, 2, 2, 2, 25283, 5373, 5223, 2734, 48005,
    1935, 9625, 6395, 2085, 535, 58246, 1136, 17386, 3536, 2566, 346, 71687, 
    19217, 10907, 7557, 3247, 237, 8678 ]),

    PCGroup(\[ 10, 2, 2, 2, 2, 2, 2, 2, 2, 2, 2, 36323, 333, 10023, 45804, 214, 
    12624, 21125, 24015, 2425, 6275, 645, 17926, 29136, 3386, 1716, 3546, 5768, 
    23058, 8668, 4188, 83209, 12819, 16029, 6039 ]),

    PCGroup(\[ 10, 2, 2, 2, 2, 2, 2, 2, 2, 2, 2, 4813, 2343, 5814, 3024, 9605, 
    24975, 985, 3875, 13446, 28016, 586, 5356, 34568, 27378, 7948, 4548, 64009, 
    17619, 15229, 439 ]),

    PCGroup(\[ 10, 2, 2, 2, 2, 2, 2, 2, 2, 2, 2, 1365, 14586, 3956, 606, 17947, 
    2597, 367, 11548, 1478, 2568, 6429, 11239, 4449 ]),

    PCGroup(\[ 10, 2, 2, 2, 2, 2, 2, 2, 2, 2, 2, 10404, 814, 1424, 434, 13445, 
    495, 985, 875, 8966, 3936, 586, 176, 5127, 7057, 4507, 2117, 23058, 11548, 
    5798, 12819, 6429, 3239 ]),

    PCGroup(\[ 10, 2, 2, 2, 2, 2, 2, 2, 2, 2, 2, 5604, 10414, 6324, 3845, 12015,
    6865, 2246, 17376, 7446, 1327, 697, 387, 768, 418, 248, 44819, 19229, 11239 
    ]),

    PCGroup(\[ 10, 2, 2, 2, 2, 2, 2, 2, 2, 2, 2, 10804, 12614, 7524, 734, 48005,
    12495, 1945, 515, 285, 58246, 15696, 3946, 316, 186, 71687, 10257, 667, 
    2277, 46088, 5778, 9388, 3998, 2028, 25609, 44819, 16829, 7639 ]),

    PCGroup(\[ 10, 2, 2, 2, 2, 2, 2, 2, 2, 2, 2, 20404, 10214, 4934, 24965, 
    3855, 3385, 6035, 31366, 7856, 2266, 7316, 3686, 20487, 1297, 1307, 8997, 
    4527, 11528, 18738, 10108, 5798, 89609, 33619, 17629, 3239 ]),

    PCGroup(\[ 10, 2, 2, 2, 2, 2, 2, 2, 2, 2, 2, 20803, 3693, 6983, 753, 28004, 
    6814, 12624, 4034, 2444, 42566, 11216, 11786, 8576, 2566, 346, 53767, 15377,
    12187, 197, 3247, 237, 8678 ]),

    PCGroup(\[ 10, 2, 2, 2, 2, 2, 2, 2, 2, 2, 2, 14883, 7293, 18204, 9314, 5795,
    2925, 8966, 15696, 8986, 7596, 5127, 10257, 14107, 7077, 2447, 40328, 5778, 
    18748, 3108, 70409, 44819, 1629, 3639 ]),

    PCGroup(\[ 10, 2, 2, 2, 2, 2, 2, 2, 2, 2, 2, 4483, 333, 183, 5204, 214, 124,
    515, 285, 316, 186, 71687, 7697, 11547, 2277, 46088, 14418, 21628, 2028, 
    25609, 28819, 4829, 7639 ]),

    PCGroup(\[ 10, 2, 2, 2, 2, 2, 2, 2, 2, 2, 2, 22083, 5543, 3534, 53766, 4496,
    11226, 5356, 606, 626, 35847, 2577, 11547, 6757, 367, 397, 51848, 43218, 
    10108, 9038, 5448, 268 ]),

    PCGroup(\[ 10, 2, 2, 2, 2, 2, 2, 2, 2, 2, 2, 47204, 23614, 1244, 24965, 
    12985, 6035, 525, 20487, 19227, 8997, 207, 11528, 12988, 5798, 2388, 89609, 
    8029, 3239, 4249 ]),

    PCGroup(\[ 10, 2, 2, 2, 2, 2, 2, 2, 2, 2, 2, 5604, 814, 824, 3845, 495, 
    1705, 2246, 3936, 306, 71687, 10257, 5147, 5157, 46088, 5778, 2908, 10118, 
    25609, 44819, 22429, 1639 ]),

    PCGroup(\[ 10, 2, 2, 2, 2, 2, 2, 2, 2, 2, 2, 23204, 21214, 10624, 4134, 
    2744, 13446, 8976, 1706, 6196, 2566, 626, 34568, 2898, 6508, 10118, 4368, 
    268 ]),

    PCGroup(\[ 10, 2, 2, 2, 2, 2, 2, 2, 2, 2, 2, 7783, 273, 234, 155, 7316, 
    10267, 1327, 697, 1187, 20188, 768, 418, 788, 3229, 5649, 2859, 469 ]),

    PCGroup(\[ 10, 2, 2, 2, 2, 2, 2, 2, 2, 2, 2, 13214, 9024, 644, 885, 4496, 
    2266, 606, 2156, 626, 2577, 1307, 367, 697, 397, 43218, 21628, 5448, 418, 
    268 ]),

    PCGroup(\[ 10, 2, 2, 2, 2, 2, 2, 2, 2, 2, 2, 50404, 14814, 9824, 2134, 
    36485, 10575, 13945, 7235, 35846, 8976, 16826, 8156, 74888, 2898, 14428, 
    8318, 6409, 41619, 9629, 6039 ]),

    PCGroup(\[ 10, 2, 2, 2, 2, 2, 2, 2, 2, 2, 2, 21604, 1214, 824, 334, 33606, 
    3376, 306, 876, 35857, 2597, 23058, 1478, 12819, 11239 ]),

    PCGroup(\[ 10, 2, 2, 2, 2, 2, 2, 2, 2, 2, 2, 18404, 6014, 6624, 5534, 2744, 
    67206, 2266, 3406, 626, 20487, 1307, 2287, 397, 11528, 21628, 3288, 268 ]),

    PCGroup(\[ 10, 2, 2, 2, 2, 2, 2, 2, 2, 2, 2, 15604, 7614, 324, 48005, 22095,
    1945, 1955, 1005, 71687, 23057, 667, 4197, 46088, 43218, 9388, 398, 228, 
    25609, 9619, 16829, 10039 ]),

    PCGroup(\[ 10, 2, 2, 2, 2, 2, 2, 2, 2, 2, 2, 29136, 1706, 3826, 71687, 5147,
    2607, 2297, 1187, 46088, 2908, 5088, 1498, 25609, 22429, 849, 859 ]),

    PCGroup(\[ 10, 2, 2, 2, 2, 2, 2, 2, 2, 2, 2, 18255, 745, 4715, 5147, 8357, 
    3567, 537, 397, 2908, 7958, 4728, 2218, 268 ]),

    PCGroup(\[ 10, 2, 2, 2, 2, 2, 2, 2, 2, 2, 2, 45604, 614, 11524, 2944, 67206,
    4496, 4506, 8436, 2706, 626, 20487, 2577, 19227, 2597, 4047, 397, 11528, 
    43218, 1468, 1478, 3828, 268 ]),

    PCGroup(\[ 10, 2, 2, 2, 2, 2, 2, 2, 2, 2, 2, 24015, 745, 6155, 71687, 35857,
    5147, 5157, 4527, 2457, 46088, 23058, 2908, 10118, 2928, 958, 25609, 12819, 
    22429, 1639, 1649, 1859 ]),

    PCGroup(\[ 10, 2, 2, 2, 2, 2, 2, 2, 2, 2, 2, 27855, 745, 7115, 2156, 20487, 
    10257, 14107, 8357, 1327, 397, 11528, 5778, 18748, 7958, 768, 268 ]),

    PCGroup(\[ 10, 2, 2, 2, 2, 2, 2, 2, 2, 2, 2, 20803, 813, 5543, 2833, 22416, 
    2266, 7596, 1316, 346, 23057, 1307, 4197, 1657, 237, 8678 ]),

    PCGroup(\[ 10, 2, 2, 2, 2, 2, 2, 2, 2, 2, 2, 26404, 1414, 7124, 144, 29136, 
    14586, 1726, 1316, 906, 35857, 17947, 1647, 1657, 867, 237, 4368 ]),

    PCGroup(\[ 10, 2, 2, 2, 2, 2, 2, 2, 2, 2, 2, 21443, 493, 5383, 433, 21125, 
    25935, 12985, 4835, 2085, 1495, 35847, 38417, 19227, 357, 3247, 1657, 237, 
    8678 ]),

    PCGroup(\[ 10, 2, 2, 2, 2, 2, 2, 2, 2, 2, 2, 26404, 12414, 3134, 2085, 
    22416, 1156, 746, 1316, 346, 23057, 677, 3087, 1657, 237, 4368 ]),

    PCGroup(\[ 10, 2, 2, 2, 2, 2, 2, 2, 2, 2, 2, 20803, 9773, 4903, 113, 4115, 
    22416, 2266, 5916, 1316, 346, 23057, 1307, 997, 1657, 237, 8678 ]),

    PCGroup(\[ 10, 2, 2, 2, 2, 2, 2, 2, 2, 2, 2, 55685, 26415, 6635, 3525, 1015,
    8976, 1156, 4246, 1036, 626, 38417, 677, 1327, 1657, 397, 2898, 10838, 768, 
    2218, 268 ]),

    PCGroup(\[ 10, 2, 2, 2, 2, 2, 2, 2, 2, 2, 2, 39363, 9773, 9543, 2833, 2534, 
    36485, 1935, 2905, 2435, 1605, 35846, 1136, 2826, 2556, 2006, 2597, 1478, 
    6409, 30419, 18429, 9239, 5649 ]),

    PCGroup(\[ 10, 2, 2, 2, 2, 2, 2, 2, 2, 2, 2, 5604, 24414, 1624, 6234, 3845, 
    29775, 2665, 7355, 2246, 31376, 3666, 8296, 17927, 33297, 347, 8837, 23058, 
    5798, 12819, 3239 ]),

    PCGroup(\[ 10, 2, 2, 2, 2, 2, 2, 2, 2, 2, 2, 42245, 6505, 3515, 47046, 8146,
    3816, 20487, 35857, 17947, 11528, 23058, 11548, 89609, 12819, 6429 ]),

    PCGroup(\[ 10, 2, 2, 2, 2, 2, 2, 2, 2, 2, 2, 24965, 10345, 4595, 415, 31366,
    29136, 14586, 336, 20487, 35857, 17947, 217, 11528, 23058, 11548, 1318, 
    89609, 12819, 6429, 2259 ]),

    PCGroup(\[ 10, 2, 2, 2, 2, 2, 2, 2, 2, 2, 2, 36485, 4595, 2325, 35846, 4496,
    4516, 1166, 56327, 2577, 7077, 2287, 74888, 20178, 9398, 408, 6409, 35219, 
    839, 5249 ]),

    PCGroup(\[ 10, 2, 2, 2, 2, 2, 2, 2, 2, 2, 2, 4903, 44165, 27855, 985, 1115, 
    1015, 8966, 33616, 586, 6616, 626, 5127, 10257, 14747, 517, 397, 86408, 
    5778, 19468, 10658, 268 ]),

    PCGroup(\[ 10, 2, 2, 2, 2, 2, 2, 2, 2, 2, 2, 24804, 6224, 3134, 44165, 
    22095, 12985, 6515, 285, 1015, 8966, 4496, 4506, 2276, 186, 626, 5127, 2577,
    19227, 9637, 3727, 397, 86408, 43218, 1468, 758, 4908, 268 ]),

    PCGroup(\[ 10, 2, 2, 2, 2, 2, 2, 2, 2, 2, 2, 10014, 2624, 1334, 1244, 12495,
    3385, 6035, 285, 15696, 2266, 7316, 186, 10257, 1307, 8997, 1167, 5778, 
    10108, 5798, 2028, 44819, 17629, 3239, 3849 ]),

    PCGroup(\[ 10, 2, 2, 2, 2, 2, 2, 2, 2, 2, 2, 36163, 14253, 7143, 593, 55685,
    22095, 985, 3155, 1015, 67206, 4496, 586, 3956, 626, 20487, 2577, 14747, 
    7717, 397, 11528, 43218, 19468, 7238, 268 ]),

    PCGroup(\[ 10, 2, 2, 2, 2, 2, 2, 2, 2, 2, 2, 36163, 14253, 7143, 593, 55685,
    22095, 985, 4955, 1015, 67206, 4496, 586, 2136, 626, 20487, 2577, 14747, 
    5637, 397, 11528, 43218, 19468, 4898, 268 ]),

    PCGroup(\[ 10, 2, 2, 2, 2, 2, 2, 2, 2, 2, 2, 36163, 14253, 7143, 1953, 
    45604, 18014, 4624, 434, 1644, 67206, 4496, 14026, 176, 626, 20487, 2577, 
    9627, 7237, 397, 11528, 43218, 13708, 9578, 268 ]),

    PCGroup(\[ 10, 2, 2, 2, 2, 2, 2, 2, 2, 2, 2, 28483, 18093, 9063, 1553, 
    44165, 27855, 985, 6995, 1015, 8966, 33616, 586, 8436, 626, 5127, 10257, 
    14747, 2597, 397, 86408, 5778, 19468, 1478, 268 ]),

    PCGroup(\[ 10, 2, 2, 2, 2, 2, 2, 2, 2, 2, 2, 18404, 18014, 9024, 4534, 644, 
    56006, 4496, 16826, 8436, 2566, 626, 38407, 2577, 5147, 2597, 3247, 397, 
    54728, 43218, 2908, 1478, 4368, 268 ]),

    PCGroup(\[ 10, 2, 2, 2, 2, 2, 2, 2, 2, 2, 2, 16804, 2134, 31366, 4496, 4506,
    5076, 4386, 626, 61447, 2577, 19227, 6437, 1487, 397, 57608, 43218, 1468, 
    8678, 948, 268 ]),

    PCGroup(\[ 10, 2, 2, 2, 2, 2, 2, 2, 2, 2, 2, 8624, 4334, 55685, 27855, 985, 
    995, 885, 1015, 67206, 33616, 586, 6476, 2846, 626, 20487, 10257, 14747, 
    357, 2927, 397, 11528, 5778, 19468, 10478, 2568, 268 ]),

    PCGroup(\[ 10, 2, 2, 2, 2, 2, 2, 2, 2, 2, 2, 8414, 4534, 144, 26896, 4506, 
    8436, 2566, 626, 17937, 19227, 2597, 3247, 397, 25938, 1468, 1478, 4368, 268
    ]),

    PCGroup(\[ 10, 2, 2, 2, 2, 2, 2, 2, 2, 2, 2, 24643, 14253, 7143, 3845, 
    22095, 13945, 5675, 1015, 2246, 4496, 16826, 1296, 626, 58887, 2577, 5147, 
    837, 397, 77768, 43218, 2908, 11018, 268 ]),

    PCGroup(\[ 10, 2, 2, 2, 2, 2, 2, 2, 2, 2, 2, 19373, 113, 32645, 29775, 
    13945, 995, 1015, 51207, 12817, 5147, 357, 397, 69128, 8658, 2908, 10478, 
    268 ]),

    PCGroup(\[ 10, 2, 2, 2, 2, 2, 2, 2, 2, 2, 2, 1604, 234, 244, 965, 155, 175, 
    51207, 30737, 15387, 1327, 697, 397, 69128, 28818, 14428, 768, 418, 268 ]),

    PCGroup(\[ 10, 2, 2, 2, 2, 2, 2, 2, 2, 2, 2, 20004, 10014, 234, 24965, 
    12495, 155, 3126, 1596, 71687, 10257, 10267, 1957, 2607, 46088, 5778, 20188,
    3638, 5088, 25609, 44819, 3229, 7239, 849 ]),

    PCGroup(\[ 10, 2, 2, 2, 2, 2, 2, 2, 2, 2, 2, 50404, 15814, 5124, 285, 186, 
    20487, 12817, 3867, 2277, 3247, 397, 11528, 8658, 7228, 3998, 4368, 268 ]),

    PCGroup(\[ 10, 2, 2, 2, 2, 2, 2, 2, 2, 2, 2, 36163, 4423, 113, 55685, 6735, 
    2425, 3395, 885, 1156, 677, 57608, 20178, 8668, 398, 2568, 38409, 35219, 
    16029, 12439, 4449 ]),

    PCGroup(\[ 10, 2, 2, 2, 2, 2, 2, 2, 2, 2, 2, 27002, 3072, 4762, 45604, 1214,
    1624, 4534, 1644, 11065, 67206, 3376, 306, 1156, 626, 20487, 6417, 14427, 
    677, 397, 11528, 12978, 19108, 10838, 268 ]),

    PCGroup(\[ 10, 2, 2, 2, 2, 2, 2, 2, 2, 2, 2, 9283, 4423, 433, 37604, 13214, 
    3424, 3634, 2044, 34565, 16335, 4345, 1835, 2085, 295, 38086, 20176, 5626, 
    176, 2566, 206, 6437, 8678 ]),

    PCGroup(\[ 10, 2, 2, 2, 2, 2, 2, 2, 2, 2, 2, 23204, 9414, 2324, 48005, 
    12495, 1465, 5555, 525, 2846, 71687, 10257, 3867, 5797, 207, 46088, 5778, 
    7228, 10838, 4908, 25609, 44819, 14429, 2439, 649 ]),

    PCGroup(\[ 10, 2, 2, 2, 2, 2, 2, 2, 2, 2, 2, 45604, 12614, 7924, 285, 186, 
    20487, 12817, 3867, 2277, 397, 11528, 8658, 7228, 3998, 268 ]),

    PCGroup(\[ 10, 2, 2, 2, 2, 2, 2, 2, 2, 2, 2, 13562, 132, 18243, 93, 8185, 
    4115, 8966, 3376, 15426, 3256, 2566, 346, 5127, 6417, 18907, 4357, 3247, 
    237, 17308, 8678 ]),

    PCGroup(\[ 10, 2, 2, 2, 2, 2, 2, 2, 2, 2, 2, 25202, 5892, 1822, 33443, 7773,
    1233, 36485, 8655, 985, 3395, 1605, 35846, 11216, 7306, 316, 2006, 5147, 
    2597, 2908, 1478, 6409, 38419, 15229, 12439, 5649 ]),

    PCGroup(\[ 10, 2, 2, 2, 2, 2, 2, 2, 2, 2, 2, 10922, 3072, 1402, 45604, 1214,
    1624, 4534, 1644, 11065, 67206, 3376, 306, 1156, 626, 20487, 6417, 14427, 
    677, 397, 11528, 12978, 20548, 10838, 268 ]),

    PCGroup(\[ 10, 2, 2, 2, 2, 2, 2, 2, 2, 2, 2, 27482, 5592, 1522, 23204, 1214,
    2024, 3334, 2444, 8185, 8966, 3376, 17666, 5076, 2566, 346, 5127, 6417, 987,
    6437, 3247, 237, 17308 ]),

    PCGroup(\[ 10, 2, 2, 2, 2, 2, 2, 2, 2, 2, 2, 12602, 3552, 82, 7685, 2895, 
    10825, 4115, 2085, 535, 10106, 2567, 7697, 12507, 6437, 3247, 237, 17308 ]),

    PCGroup(\[ 10, 2, 2, 2, 2, 2, 2, 2, 2, 2, 2, 39204, 25414, 3124, 144, 606, 
    367, 46088, 28818, 8668, 5078, 25609, 19219, 16029, 8839 ]),

    PCGroup(\[ 10, 2, 2, 2, 2, 2, 2, 2, 2, 2, 2, 45604, 12614, 7924, 1644, 285, 
    186, 20487, 12817, 3867, 2277, 3247, 397, 11528, 8658, 7228, 3998, 4368, 268
    ]),

    PCGroup(\[ 10, 2, 2, 2, 2, 2, 2, 2, 2, 2, 2, 27962, 9912, 1162, 21604, 2014,
    8824, 3334, 2444, 7685, 2895, 7465, 4115, 2085, 535, 10106, 2567, 7697, 
    1627, 6437, 3247, 237, 17308 ]),

    PCGroup(\[ 10, 2, 2, 2, 2, 2, 2, 2, 2, 2, 2, 51845, 7225, 6515, 2565, 46087,
    10257, 6427, 5797, 4527, 86408, 5778, 4348, 10838, 2928, 19209, 44819, 
    24029, 2439, 1649 ]),

    PCGroup(\[ 10, 2, 2, 2, 2, 2, 2, 2, 2, 2, 2, 8224, 6334, 48005, 25935, 
    11065, 995, 71687, 38417, 11547, 357, 46088, 25938, 21628, 4718, 25609, 
    16019, 4829, 8439 ]),

    PCGroup(\[ 10, 2, 2, 2, 2, 2, 2, 2, 2, 2, 2, 3204, 10014, 624, 5134, 1126, 
    15696, 1706, 7596, 20487, 10257, 8997, 11528, 5778, 5798, 89609, 44819, 3239
    ]),

    PCGroup(\[ 10, 2, 2, 2, 2, 2, 2, 2, 2, 2, 2, 15614, 31366, 31376, 2266, 876,
    20487, 33297, 1307, 1637, 11528, 31698, 10108, 3278, 89609, 22419, 17629, 
    6839 ]),

    PCGroup(\[ 10, 2, 2, 2, 2, 2, 2, 2, 2, 2, 2, 1604, 21614, 424, 5034, 244, 
    965, 25455, 265, 5915, 175, 71687, 20497, 17947, 2607, 1337, 1187, 46088, 
    40338, 11548, 768, 418, 788, 25609, 6419, 6429, 5649, 2859, 469 ]),

    PCGroup(\[ 10, 2, 2, 2, 2, 2, 2, 2, 2, 2, 2, 26404, 14014, 3334, 144, 33616,
    2266, 2006, 336, 626, 10257, 1307, 3887, 217, 397, 5778, 21628, 3288, 2758, 
    268 ]),

    PCGroup(\[ 10, 2, 2, 2, 2, 2, 2, 2, 2, 2, 2, 25925, 1455, 745, 3275, 8966, 
    4496, 4506, 6756, 2006, 2156, 626, 5127, 2577, 19227, 4517, 3887, 1657, 397,
    86408, 43218, 1468, 6518, 3648, 2218, 268 ]),

    PCGroup(\[ 10, 2, 2, 2, 2, 2, 2, 2, 2, 2, 2, 493, 10183, 113, 8156, 30737, 
    5147, 1957, 1807, 397, 28818, 2908, 1838, 1308, 268 ]),

    PCGroup(\[ 10, 2, 2, 2, 2, 2, 2, 2, 2, 2, 2, 20803, 7533, 5223, 1073, 3334, 
    67206, 4496, 2556, 2566, 626, 20487, 2577, 4837, 3247, 397, 11528, 43218, 
    6878, 4368, 268 ]),

    PCGroup(\[ 10, 2, 2, 2, 2, 2, 2, 2, 2, 2, 2, 4163, 1393, 3334, 28805, 22095,
    3385, 6275, 1495, 8966, 31376, 6746, 2556, 1316, 346, 5127, 33297, 6427, 
    7397, 1657, 237, 8678 ]),

    PCGroup(\[ 10, 2, 2, 2, 2, 2, 2, 2, 2, 2, 2, 20963, 10493, 4273, 1334, 
    55685, 12495, 3385, 4835, 885, 1015, 67206, 15696, 11226, 316, 2846, 626, 
    20487, 30737, 11547, 7397, 2927, 397, 11528, 28818, 10108, 4718, 2568, 268 
    ]),

    PCGroup(\[ 10, 2, 2, 2, 2, 2, 2, 2, 2, 2, 2, 31604, 20414, 7924, 5134, 
    44165, 3855, 985, 1955, 1015, 8966, 25776, 586, 7596, 3826, 626, 5127, 1297,
    14747, 9317, 397, 86408, 41778, 19468, 398, 268 ]),

    PCGroup(\[ 10, 2, 2, 2, 2, 2, 2, 2, 2, 2, 2, 6002, 3012, 1462, 7843, 3933, 
    993, 53765, 20175, 3625, 395, 1015, 2266, 1156, 1307, 677, 60488, 40338, 
    10468, 3098, 268 ]),

    PCGroup(\[ 10, 2, 2, 2, 2, 2, 2, 2, 2, 2, 2, 40323, 2433, 50004, 1544, 8156,
    4106, 20487, 33297, 13467, 6437, 4367, 397, 11528, 31698, 18028, 8318, 4368,
    268 ]),

    PCGroup(\[ 10, 2, 2, 2, 2, 2, 2, 2, 2, 2, 2, 20282, 10272, 802, 8624, 3845, 
    7695, 2185, 995, 1015, 2246, 30256, 13186, 6476, 626, 58887, 37137, 987, 
    357, 397, 77768, 1458, 6148, 10478, 268 ]),

    PCGroup(\[ 10, 2, 2, 2, 2, 2, 2, 2, 2, 2, 2, 9482, 3432, 6322, 36004, 21214,
    8424, 1534, 1644, 2905, 8966, 8976, 306, 5916, 626, 5127, 38417, 11227, 
    6117, 397, 86408, 2898, 19108, 5438, 268 ]),

    PCGroup(\[ 10, 2, 2, 2, 2, 2, 2, 2, 2, 2, 2, 6362, 6682, 7685, 17295, 4585, 
    2085, 535, 33606, 19056, 5906, 2566, 346, 2567, 39697, 18267, 3247, 237, 
    17308 ]),

    PCGroup(\[ 10, 2, 2, 2, 2, 2, 2, 2, 2, 2, 2, 20004, 4414, 5924, 5334, 24965,
    3855, 13465, 6515, 3285, 3406, 20487, 1297, 16027, 9637, 4847, 11528, 18738,
    15148, 6518, 3288, 89609, 33619, 10429, 4039 ]),

    PCGroup(\[ 10, 2, 2, 2, 2, 2, 2, 2, 2, 2, 2, 3845, 5775, 14665, 7355, 295, 
    2246, 5616, 16546, 8296, 206, 5798, 3239 ]),

    PCGroup(\[ 10, 2, 2, 2, 2, 2, 2, 2, 2, 2, 2, 17204, 3134, 13445, 1935, 
    12025, 3395, 1725, 8966, 1136, 14586, 3676, 1866, 5127, 8977, 17947, 3557, 
    40328, 15858, 11548, 2558, 70409, 30419, 6429, 12439 ]),

    PCGroup(\[ 10, 2, 2, 2, 2, 2, 2, 2, 2, 2, 2, 16804, 4614, 2134, 2444, 48005,
    6735, 3865, 2675, 3045, 58246, 4496, 6186, 2276, 3686, 71687, 2577, 8347, 
    4517, 3567, 46088, 20178, 748, 758, 2928, 25609, 35219, 20029, 10439, 1649 
    ]),

    PCGroup(\[ 10, 2, 2, 2, 2, 2, 2, 2, 2, 2, 2, 8814, 234, 10095, 155, 58246, 
    24656, 2266, 7876, 71687, 20497, 1307, 8357, 46088, 40338, 10108, 7958, 
    25609, 6419, 17629, 5639 ]),

    PCGroup(\[ 10, 2, 2, 2, 2, 2, 2, 2, 2, 2, 2, 39204, 25214, 31366, 31376, 
    12346, 876, 20487, 33297, 10267, 1637, 11528, 31698, 20188, 3278, 89609, 
    22419, 3229, 6839 ]),

    PCGroup(\[ 10, 2, 2, 2, 2, 2, 2, 2, 2, 2, 2, 643, 6733, 6903, 404, 8214, 
    8524, 58246, 4496, 7866, 3266, 71687, 2577, 5147, 5477, 46088, 20178, 2908, 
    5268, 25609, 35219, 22429, 2039 ]),

    PCGroup(\[ 10, 2, 2, 2, 2, 2, 2, 2, 2, 2, 2, 58246, 1706, 3826, 5147, 8997, 
    2607, 2297, 1187, 2908, 5798, 5088, 1498, 22429, 3239, 849, 859 ]),

    PCGroup(\[ 10, 2, 2, 2, 2, 2, 2, 2, 2, 2, 2, 1004, 614, 1605, 11206, 8976, 
    14586, 6196, 3126, 7687, 17937, 17947, 5157, 43208, 2898, 11548, 10118, 
    73609, 41619, 6429, 1639 ]),

    PCGroup(\[ 10, 2, 2, 2, 2, 2, 2, 2, 2, 2, 2, 8966, 336, 5127, 217, 23058, 
    2928, 1498, 12819, 1649, 859 ]),

    PCGroup(\[ 10, 2, 2, 2, 2, 2, 2, 2, 2, 2, 2, 1935, 985, 1725, 1136, 586, 
    1866, 10257, 15387, 1657, 867, 397, 5778, 14428, 2218, 1148, 268 ]),

    PCGroup(\[ 10, 2, 2, 2, 2, 2, 2, 2, 2, 2, 2, 1455, 745, 5555, 67206, 4496, 
    2266, 1156, 1036, 626, 20487, 2577, 1307, 677, 1977, 397, 11528, 43218, 
    21628, 10838, 1858, 268 ]),

    PCGroup(\[ 10, 2, 2, 2, 2, 2, 2, 2, 2, 2, 2, 614, 11424, 44165, 27855, 
    13945, 285, 1015, 8966, 33616, 16826, 186, 626, 5127, 10257, 5147, 3727, 
    397, 86408, 5778, 2908, 4908, 268 ]),

    PCGroup(\[ 10, 2, 2, 2, 2, 2, 2, 2, 2, 2, 2, 34404, 17214, 5134, 28805, 
    27855, 4595, 525, 1015, 66567, 10257, 7077, 207, 397, 63368, 5778, 9398, 
    5268, 268 ]),

    PCGroup(\[ 10, 2, 2, 2, 2, 2, 2, 2, 2, 2, 2, 4922, 2472, 2302, 6723, 3373, 
    2983, 113, 28805, 27855, 1945, 995, 1015, 66567, 10257, 667, 357, 397, 
    63368, 5778, 20908, 10478, 268 ]),

    PCGroup(\[ 10, 2, 2, 2, 2, 2, 2, 2, 2, 2, 2, 1204, 614, 11424, 144, 8966, 
    33616, 16826, 626, 5127, 10257, 5147, 397, 86408, 5778, 2908, 268 ]),

    PCGroup(\[ 10, 2, 2, 2, 2, 2, 2, 2, 2, 2, 2, 22083, 11053, 5543, 1953, 
    28004, 14014, 7024, 2734, 144, 67206, 4496, 16826, 2556, 466, 626, 20487, 
    2577, 5147, 9957, 847, 397, 11528, 43218, 2908, 1118, 1668, 268 ]),

    PCGroup(\[ 10, 2, 2, 2, 2, 2, 2, 2, 2, 2, 2, 14405, 29775, 3625, 7475, 
    58246, 15696, 1156, 71687, 10257, 677, 46088, 5778, 5078, 25609, 44819, 8839
    ]),

    PCGroup(\[ 10, 2, 2, 2, 2, 2, 2, 2, 2, 2, 2, 424, 2634, 265, 3035, 44806, 
    15696, 5626, 2836, 1036, 1327, 697, 768, 418, 19209, 44819, 19229, 9639, 
    5649 ]),

    PCGroup(\[ 10, 2, 2, 2, 2, 2, 2, 2, 2, 2, 2, 8503, 10524, 6515, 3285, 11206,
    8976, 1706, 6756, 2566, 626, 7687, 38417, 3227, 6437, 2287, 397, 89288, 
    2898, 6508, 6518, 4368, 268 ]),

    PCGroup(\[ 10, 2, 2, 2, 2, 2, 2, 2, 2, 2, 2, 9863, 24804, 13214, 3424, 234, 
    2044, 19205, 16335, 4345, 155, 2085, 295, 20166, 20176, 5626, 6616, 2566, 
    206, 6437, 8678 ]),

    PCGroup(\[ 10, 2, 2, 2, 2, 2, 2, 2, 2, 2, 2, 4093, 24804, 1214, 6624, 434, 
    2444, 4115, 11206, 3376, 10106, 176, 2566, 346, 7687, 6417, 12827, 9797, 
    3247, 237, 8678 ]),

    PCGroup(\[ 10, 2, 2, 2, 2, 2, 2, 2, 2, 2, 2, 183, 193, 124, 144, 3956, 2006,
    71687, 10257, 3867, 9637, 2927, 697, 46088, 5778, 7228, 6518, 5448, 418, 
    25609, 44819, 14429, 4039, 1249, 2859 ]),

    PCGroup(\[ 10, 2, 2, 2, 2, 2, 2, 2, 2, 2, 2, 2183, 113, 5555, 69446, 4496, 
    1706, 3956, 606, 626, 23047, 2577, 3227, 7717, 367, 397, 14408, 43218, 6508,
    6518, 5448, 268 ]),

    PCGroup(\[ 10, 2, 2, 2, 2, 2, 2, 2, 2, 2, 2, 13272, 5122, 50404, 2014, 6824,
    3334, 2444, 42245, 2895, 265, 4115, 2085, 535, 10106, 48647, 7697, 18907, 
    6437, 3247, 237, 17308 ]),

    PCGroup(\[ 10, 2, 2, 2, 2, 2, 2, 2, 2, 2, 2, 12413, 4913, 24804, 6814, 6624,
    3634, 2044, 19205, 8655, 8185, 5675, 2085, 295, 20166, 11216, 10106, 176, 
    2566, 206, 6437, 8678 ]),

    PCGroup(\[ 10, 2, 2, 2, 2, 2, 2, 2, 2, 2, 2, 15933, 113, 59525, 4815, 3385, 
    1955, 1156, 677, 63368, 17298, 10108, 398, 44809, 32019, 17629, 10039 ]),

    PCGroup(\[ 10, 2, 2, 2, 2, 2, 2, 2, 2, 2, 2, 7812, 6742, 10333, 4513, 49925,
    8655, 14185, 3275, 2085, 295, 56006, 11216, 8146, 8576, 2566, 206, 12827, 
    6437, 17308, 8678 ]),

    PCGroup(\[ 10, 2, 2, 2, 2, 2, 2, 2, 2, 2, 2, 10183, 113, 48005, 12495, 1465,
    1955, 1605, 3956, 71687, 10257, 3867, 357, 1327, 46088, 5778, 7228, 4718, 
    768, 25609, 44819, 14429, 8439, 5649 ]),

    PCGroup(\[ 10, 2, 2, 2, 2, 2, 2, 2, 2, 2, 2, 1524, 36485, 1935, 11065, 3155,
    35846, 1136, 11226, 3956, 1327, 768, 6409, 30419, 4829, 11239 ]),

    PCGroup(\[ 10, 2, 2, 2, 2, 2, 2, 2, 2, 2, 2, 14814, 31366, 4496, 5066, 6196,
    20487, 2577, 9627, 5157, 11528, 20178, 2188, 10118, 89609, 35219, 21629, 
    1639 ]),

    PCGroup(\[ 10, 2, 2, 2, 2, 2, 2, 2, 2, 2, 2, 2814, 424, 1935, 265, 1136, 
    1986, 35857, 5147, 23058, 2908, 12819, 22429 ]),

    PCGroup(\[ 10, 2, 2, 2, 2, 2, 2, 2, 2, 2, 2, 643, 11053, 193, 404, 14014, 
    144, 20487, 33297, 3237, 1647, 397, 11528, 31698, 2198, 1128, 268 ]),

    PCGroup(\[ 10, 2, 2, 2, 2, 2, 2, 2, 2, 2, 2, 40325, 58246, 15696, 2276, 
    2006, 71687, 10257, 4517, 1327, 46088, 5778, 758, 768, 25609, 44819, 10439, 
    5649 ]),

    PCGroup(\[ 10, 2, 2, 2, 2, 2, 2, 2, 2, 2, 2, 46004, 10814, 7024, 1344, 8966,
    33616, 1706, 3956, 2706, 626, 5127, 10257, 3227, 7717, 1487, 397, 86408, 
    5778, 6508, 7238, 948, 268 ]),

    PCGroup(\[ 10, 2, 2, 2, 2, 2, 2, 2, 2, 2, 2, 49286, 24656, 6196, 1876, 
    71687, 17947, 8997, 1327, 697, 707, 46088, 11548, 5798, 768, 418, 1328, 
    25609, 6429, 3239, 5649, 2859, 269 ]),

    PCGroup(\[ 10, 2, 2, 2, 2, 2, 2, 2, 2, 2, 2, 28805, 20175, 12985, 5075, 
    1845, 1015, 24656, 12346, 1166, 896, 626, 40338, 20188, 408, 598, 268 ]),

    PCGroup(\[ 10, 2, 2, 2, 2, 2, 2, 2, 2, 2, 2, 3204, 2814, 1424, 434, 6725, 
    1935, 985, 875, 1126, 1136, 586, 176, 40967, 35857, 17947, 5157, 80648, 
    23058, 11548, 10118, 12809, 12819, 6429, 1639 ]),

    PCGroup(\[ 10, 2, 2, 2, 2, 2, 2, 2, 2, 2, 2, 20004, 5224, 2534, 1644, 24965,
    6025, 3155, 1015, 17926, 2266, 2276, 2566, 1316, 626, 76807, 1307, 9637, 
    3247, 1657, 397, 5768, 21628, 758, 4368, 2218, 268 ]),

    PCGroup(\[ 10, 2, 2, 2, 2, 2, 2, 2, 2, 2, 2, 44004, 4414, 1424, 3534, 24965,
    1935, 3385, 7475, 31366, 1136, 2266, 7876, 20487, 8977, 1307, 8357, 11528, 
    15858, 10108, 7958, 89609, 30419, 17629, 5639 ]),

    PCGroup(\[ 10, 2, 2, 2, 2, 2, 2, 2, 2, 2, 2, 58246, 24656, 7866, 3956, 3686,
    20487, 10257, 17947, 8997, 1337, 11528, 5778, 11548, 5798, 2578, 89609, 
    44819, 6429, 3239, 459 ]),

    PCGroup(\[ 10, 2, 2, 2, 2, 2, 2, 2, 2, 2, 2, 20803, 19373, 9703, 2353, 
    59525, 29775, 8185, 4835, 1845, 535, 8966, 4496, 10106, 316, 2846, 1316, 
    906, 5127, 2577, 12827, 9957, 2927, 1657, 557, 8678 ]),

    PCGroup(\[ 10, 2, 2, 2, 2, 2, 2, 2, 2, 2, 2, 17004, 8614, 3045, 33606, 
    15696, 4506, 4516, 23047, 10257, 8987, 7077, 3567, 14408, 5778, 1468, 9398, 
    92809, 44819, 20829, 839 ]),

    PCGroup(\[ 10, 2, 2, 2, 2, 2, 2, 2, 2, 2, 2, 31366, 7316, 2006, 1036, 71687,
    5157, 4527, 2297, 46088, 10118, 2928, 1498, 25609, 1639, 1649, 859 ]),

    PCGroup(\[ 10, 2, 2, 2, 2, 2, 2, 2, 2, 2, 2, 1604, 424, 234, 965, 265, 155, 
    15696, 12346, 4516, 10257, 10267, 7077, 5778, 20188, 9398, 44819, 3229, 839 
    ]),

    PCGroup(\[ 10, 2, 2, 2, 2, 2, 2, 2, 2, 2, 2, 34404, 4334, 944, 55685, 16335,
    11065, 4115, 285, 1015, 67206, 20176, 2266, 5076, 186, 626, 20487, 25617, 
    1307, 6437, 3727, 397, 11528, 34578, 21628, 8678, 4908, 268 ]),

    PCGroup(\[ 10, 2, 2, 2, 2, 2, 2, 2, 2, 2, 2, 40325, 24015, 12025, 7475, 
    2325, 58246, 4496, 2266, 2276, 3126, 71687, 2577, 1307, 4517, 2607, 46088, 
    20178, 10108, 758, 5088, 25609, 35219, 17629, 10439, 849 ]),

    PCGroup(\[ 10, 2, 2, 2, 2, 2, 2, 2, 2, 2, 2, 40325, 25935, 5305, 3635, 3285,
    40326, 24656, 4506, 1716, 3126, 1316, 626, 69128, 40338, 1468, 4358, 5088, 
    2218, 268 ]),

    PCGroup(\[ 10, 2, 2, 2, 2, 2, 2, 2, 2, 2, 2, 14723, 14973, 4263, 18004, 
    18914, 5424, 38405, 15375, 5785, 1715, 1485, 1156, 606, 677, 367, 83528, 
    36018, 3628, 588, 16009, 1619, 23229, 10839 ]),

    PCGroup(\[ 10, 2, 2, 2, 2, 2, 2, 2, 2, 2, 2, 15604, 6214, 9924, 2534, 48005,
    22095, 1945, 3155, 71687, 23057, 667, 2597, 1327, 46088, 43218, 9388, 1478, 
    768, 25609, 9619, 16829, 11239 ]),

    PCGroup(\[ 10, 2, 2, 2, 2, 2, 2, 2, 2, 2, 2, 25776, 12906, 736, 71687, 
    10257, 2597, 46088, 5778, 1478, 25609, 44819, 11239 ]),

    PCGroup(\[ 10, 2, 2, 2, 2, 2, 2, 2, 2, 2, 2, 25935, 745, 1375, 71687, 17947,
    2597, 697, 46088, 11548, 1478, 418, 25609, 6429, 11239, 2859 ]),

    PCGroup(\[ 10, 2, 2, 2, 2, 2, 2, 2, 2, 2, 2, 60486, 16816, 14866, 1016, 
    71687, 10257, 5147, 8997, 46088, 5778, 2908, 5798, 25609, 44819, 22429, 3239
    ]),

    PCGroup(\[ 10, 2, 2, 2, 2, 2, 2, 2, 2, 2, 2, 16323, 9453, 7943, 3553, 41285,
    3375, 10345, 3155, 175, 71687, 10257, 5147, 9637, 537, 46088, 5778, 2908, 
    6518, 958, 25609, 44819, 22429, 4039, 1859 ]),

    PCGroup(\[ 10, 2, 2, 2, 2, 2, 2, 2, 2, 2, 2, 51526, 25216, 12626, 6336, 
    17947, 2597, 11548, 1478, 6429, 11239 ]),

    PCGroup(\[ 10, 2, 2, 2, 2, 2, 2, 2, 2, 2, 2, 40325, 12495, 3045, 49286, 
    15696, 606, 40967, 10257, 367, 80648, 5778, 2568, 12809, 44819, 4449 ]),

    PCGroup(\[ 10, 2, 2, 2, 2, 2, 2, 2, 2, 2, 2, 20004, 16414, 2224, 1534, 
    48005, 12495, 1465, 995, 71687, 10257, 3867, 357, 46088, 5778, 7228, 4718, 
    25609, 44819, 14429, 8439 ]),

    PCGroup(\[ 10, 2, 2, 2, 2, 2, 2, 2, 2, 2, 2, 8804, 1214, 6624, 2934, 1744, 
    49286, 8976, 13466, 876, 466, 626, 80648, 2898, 12988, 3278, 1668, 268 ]),

    PCGroup(\[ 10, 2, 2, 2, 2, 2, 2, 2, 2, 2, 2, 36163, 10413, 2534, 6995, 
    40326, 15696, 4246, 1316, 61447, 10257, 7717, 3247, 1977, 387, 397, 57608, 
    5778, 7238, 4368, 1858, 248, 268 ]),

    PCGroup(\[ 10, 2, 2, 2, 2, 2, 2, 2, 2, 2, 2, 25082, 2902, 7143, 10624, 
    44165, 8185, 6995, 2805, 415, 17926, 16826, 1156, 1166, 1736, 626, 76807, 
    5147, 677, 4847, 1177, 397, 5768, 2908, 10838, 408, 1678, 268 ]),

    PCGroup(\[ 10, 2, 2, 2, 2, 2, 2, 2, 2, 2, 2, 1935, 14425, 515, 285, 1136, 
    16266, 316, 186, 61447, 25617, 6437, 3247, 697, 387, 397, 57608, 34578, 
    8678, 4368, 418, 248, 268 ]),

    PCGroup(\[ 10, 2, 2, 2, 2, 2, 2, 2, 2, 2, 2, 32645, 29775, 14905, 7475, 
    1845, 775, 20487, 10257, 6427, 2597, 397, 11528, 5778, 4348, 1478, 268 ]),

    PCGroup(\[ 10, 2, 2, 2, 2, 2, 2, 2, 2, 2, 2, 14586, 7316, 886, 23058, 8668, 
    7238, 2928, 12819, 16029, 4839, 1649 ]),

    PCGroup(\[ 10, 2, 2, 2, 2, 2, 2, 2, 2, 2, 2, 27855, 13945, 755, 1015, 20487,
    7697, 6427, 2597, 1657, 397, 11528, 14418, 4348, 1478, 2218, 268 ]),

    PCGroup(\[ 10, 2, 2, 2, 2, 2, 2, 2, 2, 2, 2, 18243, 10413, 113, 7475, 44806,
    2266, 3676, 606, 1316, 346, 46087, 1307, 3557, 367, 1657, 237, 8678 ]),

    PCGroup(\[ 10, 2, 2, 2, 2, 2, 2, 2, 2, 2, 2, 49286, 14586, 3956, 2006, 1876,
    71687, 5147, 5157, 2607, 697, 46088, 2908, 10118, 5088, 418, 25609, 22429, 
    1639, 849, 2859 ]),

    PCGroup(\[ 10, 2, 2, 2, 2, 2, 2, 2, 2, 2, 2, 51845, 25935, 6995, 2805, 1015,
    67206, 33616, 1156, 1166, 1316, 626, 20487, 10257, 677, 4847, 1657, 397, 
    11528, 5778, 10838, 408, 2218, 268 ]),

    PCGroup(\[ 10, 2, 2, 2, 2, 2, 2, 2, 2, 2, 2, 7866, 6196, 2006, 17947, 2597, 
    4527, 11548, 1478, 2928, 6429, 11239, 1649 ]),

    PCGroup(\[ 10, 2, 2, 2, 2, 2, 2, 2, 2, 2, 2, 3845, 1125, 2246, 1446, 40967, 
    15377, 3877, 547, 12809, 38419, 9639, 2459 ]),

    PCGroup(\[ 10, 2, 2, 2, 2, 2, 2, 2, 2, 2, 2, 1935, 6035, 285, 1495, 1136, 
    7316, 186, 906, 35857, 2597, 4527, 697, 387, 23058, 1478, 2928, 418, 248, 
    12819, 11239, 1649, 2859, 1469 ]),

    PCGroup(\[ 10, 2, 2, 2, 2, 2, 2, 2, 2, 2, 2, 36004, 814, 9224, 4534, 1644, 
    44165, 495, 10825, 5555, 1015, 67206, 4496, 4506, 8436, 2566, 1316, 626, 
    20487, 2577, 19227, 2597, 3247, 1657, 397, 11528, 43218, 1468, 1478, 4368, 
    2218, 268 ]),

    PCGroup(\[ 10, 2, 2, 2, 2, 2, 2, 2, 2, 2, 2, 44165, 12495, 5555, 1605, 1615,
    67206, 4496, 8436, 606, 2156, 626, 20487, 2577, 2597, 367, 697, 397, 11528, 
    43218, 1478, 5448, 418, 268 ]),

    PCGroup(\[ 10, 2, 2, 2, 2, 2, 2, 2, 2, 2, 2, 7866, 6196, 3126, 17947, 2597, 
    1327, 11548, 1478, 768, 6429, 11239, 5649 ]),

    PCGroup(\[ 10, 2, 2, 2, 2, 2, 2, 2, 2, 2, 2, 44165, 12985, 415, 67206, 2266,
    1036, 626, 20487, 1307, 1977, 397, 11528, 21628, 1858, 268 ]),

    PCGroup(\[ 10, 2, 2, 2, 2, 2, 2, 2, 2, 2, 2, 37604, 18014, 5424, 734, 71687,
    10257, 6427, 2917, 46088, 5778, 4348, 1838, 25609, 44819, 24029, 11639 ]),

    PCGroup(\[ 10, 2, 2, 2, 2, 2, 2, 2, 2, 2, 2, 5604, 3014, 324, 21125, 6735, 
    12505, 515, 285, 17926, 4496, 14026, 316, 186, 35847, 2577, 19867, 2277, 
    5768, 20178, 13708, 3998, 2028, 83209, 35219, 8829, 7639 ]),

    PCGroup(\[ 10, 2, 2, 2, 2, 2, 2, 2, 2, 2, 2, 8966, 5127, 46088, 2928, 1498, 
    25609, 1649, 859 ]),

    PCGroup(\[ 10, 2, 2, 2, 2, 2, 2, 2, 2, 2, 2, 23204, 12014, 6024, 3034, 
    28805, 13935, 6985, 3515, 15367, 12817, 11547, 1957, 28808, 8658, 21628, 
    3638, 57609, 48019, 4829, 7239 ]),

    PCGroup(\[ 10, 2, 2, 2, 2, 2, 2, 2, 2, 2, 2, 24804, 18014, 6224, 3134, 
    13446, 29136, 4506, 876, 34568, 23058, 1468, 3278, 64009, 12819, 20829, 6839
    ]),

    PCGroup(\[ 10, 2, 2, 2, 2, 2, 2, 2, 2, 2, 2, 31366, 29136, 7316, 2006, 
    71687, 35857, 5147, 8997, 1327, 1337, 46088, 23058, 2908, 5798, 768, 2578, 
    25609, 12819, 22429, 3239, 5649, 459 ]),

    PCGroup(\[ 10, 2, 2, 2, 2, 2, 2, 2, 2, 2, 2, 3845, 2425, 645, 2246, 3386, 
    886, 46088, 17298, 8668, 4358, 608, 25609, 32019, 16029, 8039, 2059 ]),

    PCGroup(\[ 10, 2, 2, 2, 2, 2, 2, 2, 2, 2, 2, 29765, 3755, 645, 1015, 17926, 
    3386, 3396, 886, 1316, 626, 5768, 8668, 2198, 2208, 2578, 268 ]),

    PCGroup(\[ 10, 2, 2, 2, 2, 2, 2, 2, 2, 2, 2, 3845, 985, 1725, 2246, 586, 
    1866, 697, 387, 418, 248, 76809, 44819, 19229, 4849, 2859 ]),

    PCGroup(\[ 10, 2, 2, 2, 2, 2, 2, 2, 2, 2, 2, 2885, 1935, 5606, 1136, 20487, 
    35857, 11528, 23058, 89609, 12819 ]),

    PCGroup(\[ 10, 2, 2, 2, 2, 2, 2, 2, 2, 2, 2, 30004, 8414, 6224, 3845, 10575,
    6745, 4595, 2325, 2246, 8976, 7306, 4516, 17927, 17937, 7067, 7077, 3567, 
    31688, 2898, 5068, 9398, 60809, 41619, 24829, 839 ]),

    PCGroup(\[ 10, 2, 2, 2, 2, 2, 2, 2, 2, 2, 2, 3765, 58246, 15696, 12346, 606,
    71687, 10257, 10267, 367, 46088, 5778, 20188, 2568, 25609, 44819, 3229, 4449
    ]),

    PCGroup(\[ 10, 2, 2, 2, 2, 2, 2, 2, 2, 2, 2, 45604, 5414, 11424, 2844, 3525,
    4246, 336, 626, 1327, 217, 397, 768, 2758, 268 ]),

    PCGroup(\[ 10, 2, 2, 2, 2, 2, 2, 2, 2, 2, 2, 16804, 21414, 1044, 1365, 4246,
    336, 626, 1327, 217, 397, 768, 2758, 268 ]),

    PCGroup(\[ 10, 2, 2, 2, 2, 2, 2, 2, 2, 2, 2, 36163, 14253, 9063, 4513, 
    55685, 22095, 985, 3515, 1015, 67206, 4496, 586, 3816, 626, 20487, 2577, 
    14747, 3717, 397, 11528, 43218, 19468, 2738, 268 ]),

    PCGroup(\[ 10, 2, 2, 2, 2, 2, 2, 2, 2, 2, 2, 50885, 1935, 6395, 295, 57126, 
    1136, 7176, 206, 5798, 1498, 788, 3239, 859, 469 ]),

    PCGroup(\[ 10, 2, 2, 2, 2, 2, 2, 2, 2, 2, 2, 1334, 1744, 20176, 7866, 1156, 
    2006, 626, 25617, 15387, 677, 3887, 397, 34578, 14428, 10838, 3648, 268 ]),

    PCGroup(\[ 10, 2, 2, 2, 2, 2, 2, 2, 2, 2, 2, 4103, 913, 59525, 27855, 995, 
    1015, 25607, 10257, 357, 397, 17288, 5778, 10478, 268 ]),

    PCGroup(\[ 10, 2, 2, 2, 2, 2, 2, 2, 2, 2, 2, 2403, 1133, 2193, 234, 155, 
    2597, 4207, 2137, 397, 1478, 4008, 2038, 268 ]),

    PCGroup(\[ 10, 2, 2, 2, 2, 2, 2, 2, 2, 2, 2, 14253, 8423, 3633, 15365, 
    22095, 985, 5555, 1015, 60486, 4496, 586, 1156, 626, 74247, 2577, 14747, 
    677, 397, 2888, 43218, 19468, 10838, 268 ]),

    PCGroup(\[ 10, 2, 2, 2, 2, 2, 2, 2, 2, 2, 2, 4803, 2413, 583, 4833, 234, 
    155, 2597, 4207, 2137, 397, 1478, 4008, 2038, 268 ]),

    PCGroup(\[ 10, 2, 2, 2, 2, 2, 2, 2, 2, 2, 2, 32323, 8103, 993, 15365, 22095,
    985, 6635, 1015, 60486, 4496, 586, 2416, 626, 74247, 2577, 14747, 9797, 397,
    2888, 43218, 19468, 938, 268 ]),

    PCGroup(\[ 10, 2, 2, 2, 2, 2, 2, 2, 2, 2, 2, 1763, 1133, 583, 2593, 234, 
    155, 2266, 8436, 606, 336, 626, 1307, 2597, 367, 217, 397, 21628, 1478, 
    5448, 2758, 268 ]),

    PCGroup(\[ 10, 2, 2, 2, 2, 2, 2, 2, 2, 2, 2, 5134, 2544, 55685, 29775, 
    13945, 995, 2925, 1015, 20487, 12817, 5147, 357, 2127, 397, 11528, 8658, 
    2908, 10478, 3108, 268 ]),

    PCGroup(\[ 10, 2, 2, 2, 2, 2, 2, 2, 2, 2, 2, 34404, 16614, 8624, 2444, 3266,
    4527, 387, 2928, 248, 1649, 1469 ]),

    PCGroup(\[ 10, 2, 2, 2, 2, 2, 2, 2, 2, 2, 2, 5543, 2753, 45604, 18014, 5424,
    434, 1644, 67206, 4496, 8426, 176, 626, 20487, 2577, 16027, 7237, 397, 
    11528, 43218, 15148, 9578, 268 ]),

    PCGroup(\[ 10, 2, 2, 2, 2, 2, 2, 2, 2, 2, 2, 1935, 985, 3515, 1136, 586, 
    3816, 40967, 5147, 8997, 80648, 2908, 5798, 12809, 22429, 3239 ]),

    PCGroup(\[ 10, 2, 2, 2, 2, 2, 2, 2, 2, 2, 2, 1224, 534, 244, 1225, 755, 175,
    40967, 35857, 5147, 2597, 1327, 697, 80648, 23058, 2908, 1478, 768, 418, 
    12809, 12819, 22429, 11239, 5649, 2859 ]),

    PCGroup(\[ 10, 2, 2, 2, 2, 2, 2, 2, 2, 2, 2, 814, 424, 234, 495, 265, 155, 
    13446, 8976, 3386, 8436, 34568, 2898, 8668, 7238, 64009, 41619, 16029, 4839 
    ]),

    PCGroup(\[ 10, 2, 2, 2, 2, 2, 2, 2, 2, 2, 2, 3845, 20175, 985, 5315, 2685, 
    2246, 24656, 586, 5916, 2986, 71687, 5147, 2597, 1327, 1337, 46088, 2908, 
    1478, 768, 1328, 25609, 22429, 11239, 5649, 459 ]),

    PCGroup(\[ 10, 2, 2, 2, 2, 2, 2, 2, 2, 2, 2, 40804, 7614, 3824, 1934, 944, 
    2085, 8966, 22416, 2266, 1156, 2706, 1316, 346, 5127, 23057, 1307, 677, 847,
    1657, 237, 4368 ]),

    PCGroup(\[ 10, 2, 2, 2, 2, 2, 2, 2, 2, 2, 2, 26404, 14014, 624, 334, 144, 
    2566, 15377, 7707, 3877, 1007, 1657, 867, 237, 4368 ]),

    PCGroup(\[ 10, 2, 2, 2, 2, 2, 2, 2, 2, 2, 2, 55685, 7215, 3625, 1835, 3525, 
    67206, 4496, 4506, 2276, 4246, 2156, 626, 20487, 2577, 19227, 9637, 1327, 
    397, 11528, 43218, 1468, 758, 768, 268 ]),

    PCGroup(\[ 10, 2, 2, 2, 2, 2, 2, 2, 2, 2, 2, 15204, 7614, 10224, 1934, 1544,
    2085, 44806, 22416, 11226, 1156, 2706, 1316, 346, 46087, 23057, 11547, 677, 
    847, 1657, 237, 4368 ]),

    PCGroup(\[ 10, 2, 2, 2, 2, 2, 2, 2, 2, 2, 2, 55685, 5545, 2795, 3525, 1015, 
    33616, 2266, 1156, 4246, 2156, 626, 10257, 1307, 677, 1327, 397, 5778, 
    21628, 10838, 768, 268 ]),

    PCGroup(\[ 10, 2, 2, 2, 2, 2, 2, 2, 2, 2, 2, 1156, 336, 677, 217, 46088, 
    25609 ]),

    PCGroup(\[ 10, 2, 2, 2, 2, 2, 2, 2, 2, 2, 2, 3845, 285, 2246, 186, 20487, 
    1657, 867, 397, 11528, 2218, 1148, 268 ]),

    PCGroup(\[ 10, 2, 2, 2, 2, 2, 2, 2, 2, 2, 2, 44165, 22095, 11065, 2805, 
    1015, 67206, 336, 626, 20487, 217, 397, 11528, 2758, 268 ]),

    PCGroup(\[ 10, 2, 2, 2, 2, 2, 2, 2, 2, 2, 2, 1935, 285, 1136, 186, 71687, 
    697, 387, 46088, 418, 248, 25609, 2859, 1469 ]),

    PCGroup(\[ 10, 2, 2, 2, 2, 2, 2, 2, 2, 2, 2, 44165, 22095, 11065, 2805, 
    67206, 336, 626, 20487, 217, 397, 11528, 2758, 268 ]),

    PCGroup(\[ 10, 2, 2, 2, 2, 2, 2, 2, 2, 2, 2, 3845, 285, 1015, 2246, 186, 
    626, 20487, 1657, 867, 397, 11528, 2218, 1148, 268 ]),

    PCGroup(\[ 10, 2, 2, 2, 2, 2, 2, 2, 2, 2, 2, 13445, 30255, 985, 6875, 8966, 
    31936, 586, 8856, 5127, 33937, 4507, 8197, 5798, 3239 ]),

    PCGroup(\[ 10, 2, 2, 2, 2, 2, 2, 2, 2, 2, 2, 3845, 1605, 2246, 2006, 71687, 
    2597, 1327, 387, 46088, 1478, 768, 248, 25609, 11239, 5649, 2859 ]),

    PCGroup(\[ 10, 2, 2, 2, 2, 2, 2, 2, 2, 2, 2, 32804, 3614, 1824, 934, 2565, 
    40326, 24656, 12346, 6196, 3126, 1316, 626, 80648, 17298, 8668, 4358, 4368, 
    2578, 1148, 268 ]),

    PCGroup(\[ 10, 2, 2, 2, 2, 2, 2, 2, 2, 2, 2, 44004, 2814, 2224, 1934, 30725,
    6735, 985, 6755, 42566, 4496, 586, 8716, 53767, 2577, 4507, 8037, 72008, 
    20178, 7948, 7598, 3209, 35219, 15229, 5239 ]),

    PCGroup(\[ 10, 2, 2, 2, 2, 2, 2, 2, 2, 2, 2, 643, 8093, 404, 9914, 49286, 
    8976, 7866, 4236, 2006, 40967, 17937, 5147, 847, 80648, 2898, 2908, 1668, 
    12809, 41619, 22429, 6839 ]),

    PCGroup(\[ 10, 2, 2, 2, 2, 2, 2, 2, 2, 2, 2, 3845, 24495, 2246, 29696, 
    40967, 35857, 5147, 5157, 80648, 23058, 2908, 10118, 12809, 12819, 22429, 
    1639 ]),

    PCGroup(\[ 10, 2, 2, 2, 2, 2, 2, 2, 2, 2, 2, 17004, 8614, 3765, 33606, 
    15696, 4506, 6196, 3126, 23047, 10257, 8987, 5157, 14408, 5778, 1468, 10118,
    5088, 92809, 44819, 20829, 1639 ]),

    PCGroup(\[ 10, 2, 2, 2, 2, 2, 2, 2, 2, 2, 2, 3845, 25455, 2246, 28576, 5147,
    8997, 2908, 5798, 22429, 3239 ]),

    PCGroup(\[ 10, 2, 2, 2, 2, 2, 2, 2, 2, 2, 2, 51526, 25776, 15146, 6476, 
    3826, 20487, 20497, 2597, 11528, 40338, 1478, 89609, 6419, 11239 ]),

    PCGroup(\[ 10, 2, 2, 2, 2, 2, 2, 2, 2, 2, 2, 643, 8423, 193, 404, 10624, 
    144, 49286, 24656, 4506, 6196, 3126, 626, 80648, 40338, 1468, 10118, 5088, 
    268 ]),

    PCGroup(\[ 10, 2, 2, 2, 2, 2, 2, 2, 2, 2, 2, 6242, 1332, 2023, 9804, 3514, 
    1334, 55685, 4815, 2915, 1245, 2266, 606, 1307, 367, 57608, 17298, 10108, 
    1838, 948, 38409, 32019, 21629, 11639 ]),

    PCGroup(\[ 10, 2, 2, 2, 2, 2, 2, 2, 2, 2, 2, 10804, 6214, 334, 17926, 4496, 
    8986, 876, 35847, 2577, 14107, 1637, 847, 5768, 20178, 18748, 3278, 1668, 
    83209, 35219, 1629, 6839 ]),

    PCGroup(\[ 10, 2, 2, 2, 2, 2, 2, 2, 2, 2, 2, 6362, 132, 5422, 8643, 93, 
    3633, 3385, 1715, 44806, 14576, 14866, 5776, 2566, 346, 46087, 14097, 8027, 
    837, 3247, 237, 17308, 8678 ]),

    PCGroup(\[ 10, 2, 2, 2, 2, 2, 2, 2, 2, 2, 2, 21604, 5424, 2734, 48005, 
    27855, 5305, 515, 58246, 33616, 4506, 316, 46088, 28818, 1468, 3998, 25609, 
    19219, 20829, 7639 ]),

    PCGroup(\[ 10, 2, 2, 2, 2, 2, 2, 2, 2, 2, 2, 31203, 18413, 5223, 37604, 
    6814, 5824, 834, 2444, 7475, 64966, 11216, 2266, 4096, 2566, 346, 69127, 
    15377, 1307, 197, 3247, 237, 8678 ]),

    PCGroup(\[ 10, 2, 2, 2, 2, 2, 2, 2, 2, 2, 2, 20004, 10414, 5224, 234, 24965,
    12015, 6025, 155, 15367, 20497, 19227, 5797, 697, 28808, 40338, 12988, 
    10838, 418, 57609, 6419, 8029, 2439, 5649 ]),

    PCGroup(\[ 10, 2, 2, 2, 2, 2, 2, 2, 2, 2, 2, 1604, 24414, 11824, 1334, 965, 
    29775, 13465, 1715, 7846, 31376, 17386, 1156, 14087, 33297, 16027, 677, 
    23058, 12819 ]),

    PCGroup(\[ 10, 2, 2, 2, 2, 2, 2, 2, 2, 2, 2, 1283, 2093, 4103, 4134, 485, 
    1935, 12265, 2565, 7286, 1136, 14866, 3126, 35857, 10267, 5157, 1337, 23058,
    20188, 1328, 12819, 3229, 1639, 459 ]),

    PCGroup(\[ 10, 2, 2, 2, 2, 2, 2, 2, 2, 2, 2, 36803, 17293, 5223, 5334, 
    45125, 25215, 8185, 3285, 67206, 4496, 6756, 1166, 1316, 626, 20487, 2577, 
    6437, 4847, 1177, 397, 11528, 43218, 6518, 408, 2218, 268 ]),

    PCGroup(\[ 10, 2, 2, 2, 2, 2, 2, 2, 2, 2, 2, 10883, 18733, 2743, 3393, 
    13204, 23614, 3324, 2144, 2836, 1446, 61447, 23057, 5797, 2927, 1017, 38409,
    9619, 2439, 1249, 2459 ]),

    PCGroup(\[ 10, 2, 2, 2, 2, 2, 2, 2, 2, 2, 2, 34883, 493, 3783, 113, 3845, 
    24015, 4345, 2315, 2085, 295, 2246, 29136, 5626, 2976, 2566, 206, 6437, 8678
    ]),

    PCGroup(\[ 10, 2, 2, 2, 2, 2, 2, 2, 2, 2, 2, 10404, 18814, 2724, 40325, 
    21135, 12025, 3875, 1965, 49286, 23536, 14586, 5356, 2706, 40967, 24337, 
    17947, 6757, 3407, 80648, 44658, 11548, 9038, 12809, 11219, 6429, 439, 249 
    ]),

    PCGroup(\[ 10, 2, 2, 2, 2, 2, 2, 2, 2, 2, 2, 50804, 20614, 12624, 144, 
    62726, 4496, 12346, 1156, 2286, 336, 66567, 2577, 10267, 677, 3567, 217, 
    63368, 20178, 20188, 5078, 5088, 1318, 44809, 35219, 3229, 8839, 849, 2259 
    ]),

    PCGroup(\[ 10, 2, 2, 2, 2, 2, 2, 2, 2, 2, 2, 23363, 333, 183, 29604, 214, 
    124, 58246, 15696, 2266, 2556, 71687, 10257, 1307, 2447, 46088, 5778, 10108,
    1118, 25609, 44819, 17629, 10839 ]),

    PCGroup(\[ 10, 2, 2, 2, 2, 2, 2, 2, 2, 2, 2, 5214, 2624, 58246, 4496, 4506, 
    2556, 71687, 2577, 8987, 4837, 46088, 20178, 1468, 1118, 25609, 35219, 
    20829, 10839 ]),

    PCGroup(\[ 10, 2, 2, 2, 2, 2, 2, 2, 2, 2, 2, 1604, 1614, 9824, 234, 965, 
    3375, 12025, 155, 7846, 576, 14586, 1016, 20487, 10257, 5157, 2297, 1187, 
    11528, 5778, 10118, 2928, 89609, 44819, 1639, 1649 ]),

    PCGroup(\[ 10, 2, 2, 2, 2, 2, 2, 2, 2, 2, 2, 1603, 333, 663, 2404, 214, 
    1124, 6726, 3096, 166, 17947, 387, 11548, 248, 6429, 11239, 5649 ]),

    PCGroup(\[ 10, 2, 2, 2, 2, 2, 2, 2, 2, 2, 2, 50404, 11614, 48005, 12495, 
    1465, 995, 71687, 10257, 3867, 357, 46088, 5778, 7228, 4718, 25609, 44819, 
    14429, 8439 ]),

    PCGroup(\[ 10, 2, 2, 2, 2, 2, 2, 2, 2, 2, 2, 34004, 5414, 8324, 39845, 6975,
    10225, 8966, 29136, 4506, 6196, 3126, 5127, 35857, 8987, 5157, 2607, 40328, 
    23058, 1468, 10118, 2578, 70409, 12819, 20829, 1639, 849 ]),

    PCGroup(\[ 10, 2, 2, 2, 2, 2, 2, 2, 2, 2, 2, 13445, 1935, 13465, 7475, 3765,
    8966, 1136, 17386, 7876, 3966, 5127, 8977, 16027, 8357, 4207, 11548, 5798, 
    2928, 6429, 3239, 1649 ]),

    PCGroup(\[ 10, 2, 2, 2, 2, 2, 2, 2, 2, 2, 2, 33204, 16614, 13445, 18255, 
    985, 6275, 3165, 8966, 17936, 586, 7036, 3546, 5127, 28177, 4507, 9957, 
    40328, 37458, 7948, 6878, 70409, 3219, 15229, 4439 ]),

    PCGroup(\[ 10, 2, 2, 2, 2, 2, 2, 2, 2, 2, 2, 48005, 30255, 3625, 1835, 1605,
    58246, 4496, 15706, 4516, 2006, 1036, 71687, 2577, 16667, 7077, 1327, 46088,
    20178, 15868, 9398, 768, 25609, 35219, 11229, 839, 5649 ]),

    PCGroup(\[ 10, 2, 2, 2, 2, 2, 2, 2, 2, 2, 2, 23683, 13213, 7783, 29204, 
    16314, 9824, 4595, 2325, 8966, 5616, 8986, 7316, 5127, 3857, 14107, 4527, 
    40328, 21618, 18748, 5798, 70409, 36819, 1629, 3239 ]),

    PCGroup(\[ 10, 2, 2, 2, 2, 2, 2, 2, 2, 2, 2, 7204, 3614, 424, 1034, 9605, 
    4815, 265, 1115, 886, 476, 46088, 28818, 7228, 3638, 2208, 25609, 19219, 
    14429, 7239, 4049 ]),

    PCGroup(\[ 10, 2, 2, 2, 2, 2, 2, 2, 2, 2, 2, 20803, 493, 5383, 7685, 10575, 
    5305, 4235, 2085, 535, 2567, 17937, 8987, 6597, 3247, 237, 8678 ]),

    PCGroup(\[ 10, 2, 2, 2, 2, 2, 2, 2, 2, 2, 2, 15482, 192, 3922, 38405, 2895, 
    13705, 4115, 2085, 535, 10106, 43527, 7697, 16347, 6437, 3247, 237, 17308 
    ]),

    PCGroup(\[ 10, 2, 2, 2, 2, 2, 2, 2, 2, 2, 2, 20803, 10413, 263, 42245, 5775,
    9145, 6635, 2085, 535, 5076, 48647, 3857, 14107, 4677, 3247, 237, 8678 ]),

    PCGroup(\[ 10, 2, 2, 2, 2, 2, 2, 2, 2, 2, 2, 39523, 10733, 5223, 113, 40326,
    22416, 10106, 3116, 2566, 1316, 346, 51207, 23057, 12827, 9317, 3247, 1657, 
    237, 8678 ]),

    PCGroup(\[ 10, 2, 2, 2, 2, 2, 2, 2, 2, 2, 2, 9283, 18173, 5223, 1153, 37604,
    19614, 6624, 434, 1244, 19205, 24015, 8185, 3755, 2085, 1735, 20166, 29136, 
    10106, 176, 2566, 1046, 8678 ]),

    PCGroup(\[ 10, 2, 2, 2, 2, 2, 2, 2, 2, 2, 2, 963, 10413, 263, 1153, 5765, 
    3855, 9145, 4955, 2085, 535, 5076, 15367, 1297, 14107, 5637, 3247, 237, 8678
    ]),

    PCGroup(\[ 10, 2, 2, 2, 2, 2, 2, 2, 2, 2, 2, 3002, 132, 142, 4163, 93, 113, 
    985, 515, 586, 316, 20487, 7697, 7067, 2597, 397, 11528, 14418, 5068, 1478, 
    268 ]),

    PCGroup(\[ 10, 2, 2, 2, 2, 2, 2, 2, 2, 2, 2, 963, 16493, 2983, 5073, 4115, 
    44806, 20176, 11226, 3116, 2566, 1316, 346, 46087, 25617, 11547, 9317, 3247,
    1657, 237, 8678 ]),

    PCGroup(\[ 10, 2, 2, 2, 2, 2, 2, 2, 2, 2, 2, 15482, 312, 7522, 11525, 2895, 
    6025, 2085, 535, 10106, 7687, 7697, 16347, 3247, 237, 17308 ]),

    PCGroup(\[ 10, 2, 2, 2, 2, 2, 2, 2, 2, 2, 2, 963, 10413, 263, 4113, 44165, 
    27855, 3385, 4355, 2085, 1015, 8966, 33616, 11226, 316, 2566, 626, 5127, 
    10257, 11547, 2277, 3247, 397, 86408, 5778, 10108, 3998, 4368, 268 ]),

    PCGroup(\[ 10, 2, 2, 2, 2, 2, 2, 2, 2, 2, 2, 253, 3153, 23204, 18814, 6624, 
    3634, 2444, 8966, 32496, 10106, 176, 2566, 346, 5127, 34577, 12827, 4677, 
    3247, 237, 8678 ]),

    PCGroup(\[ 10, 2, 2, 2, 2, 2, 2, 2, 2, 2, 2, 26404, 13214, 324, 44165, 
    22095, 4345, 4115, 525, 1495, 62726, 31376, 5626, 5076, 4386, 1316, 346, 
    66567, 33297, 7707, 6437, 207, 1657, 237, 4368 ]),

    PCGroup(\[ 10, 2, 2, 2, 2, 2, 2, 2, 2, 2, 2, 34883, 17533, 3953, 3334, 3845,
    3855, 8185, 3035, 2085, 535, 2246, 16816, 10106, 2136, 2566, 346, 38407, 
    1297, 12827, 8197, 3247, 237, 8678 ]),

    PCGroup(\[ 10, 2, 2, 2, 2, 2, 2, 2, 2, 2, 2, 9283, 10093, 1793, 3334, 3845, 
    24975, 1595, 2085, 295, 2246, 28016, 1576, 2566, 206, 6437, 8678 ]),

    PCGroup(\[ 10, 2, 2, 2, 2, 2, 2, 2, 2, 2, 2, 1935, 515, 1136, 316, 20497, 
    5147, 1327, 40338, 2908, 768, 6419, 22429, 5649 ]),

    PCGroup(\[ 10, 2, 2, 2, 2, 2, 2, 2, 2, 2, 2, 20004, 9414, 4724, 51845, 8655,
    985, 3155, 53766, 11216, 586, 3956, 2006, 1327, 768, 32009, 38419, 15229, 
    11239 ]),

    PCGroup(\[ 10, 2, 2, 2, 2, 2, 2, 2, 2, 2, 2, 33204, 3114, 1934, 48005, 1935,
    14905, 5315, 2685, 58246, 1136, 15706, 5916, 3966, 71687, 8977, 16667, 6117,
    2127, 46088, 15858, 15868, 11198, 5628, 25609, 30419, 11229, 2839 ]),

    PCGroup(\[ 10, 2, 2, 2, 2, 2, 2, 2, 2, 2, 2, 26885, 25455, 6865, 1605, 
    29126, 28576, 7446, 2006, 40967, 17947, 1327, 387, 80648, 11548, 768, 248, 
    12809, 6429, 5649, 2859 ]),

    PCGroup(\[ 10, 2, 2, 2, 2, 2, 2, 2, 2, 2, 2, 4004, 814, 6024, 3034, 1444, 
    5765, 495, 6985, 3515, 895, 20487, 20497, 10267, 2607, 1337, 11528, 40338, 
    20188, 5088, 2578, 89609, 6419, 3229, 849, 459 ]),

    PCGroup(\[ 10, 2, 2, 2, 2, 2, 2, 2, 2, 2, 2, 1604, 234, 965, 155, 71687, 
    38417, 5147, 2597, 46088, 25938, 2908, 1478, 25609, 16019, 22429, 11239 ]),

    PCGroup(\[ 10, 2, 2, 2, 2, 2, 2, 2, 2, 2, 2, 3845, 24975, 985, 2246, 28016, 
    586, 46088, 8668, 7238, 25609, 16029, 4839 ]),

    PCGroup(\[ 10, 2, 2, 2, 2, 2, 2, 2, 2, 2, 2, 5604, 25214, 12624, 734, 2144, 
    55685, 11065, 6995, 285, 1015, 67206, 2266, 8436, 186, 626, 20487, 1307, 
    2597, 3727, 397, 11528, 21628, 1478, 4908, 268 ]),

    PCGroup(\[ 10, 2, 2, 2, 2, 2, 2, 2, 2, 2, 2, 6735, 985, 6275, 3045, 4496, 
    586, 7036, 3686, 2577, 4507, 9957, 4527, 5798, 2928, 3239, 1649 ]),

    PCGroup(\[ 10, 2, 2, 2, 2, 2, 2, 2, 2, 2, 2, 13455, 985, 3395, 14576, 586, 
    3676, 71687, 20497, 17947, 5157, 46088, 40338, 11548, 10118, 25609, 6419, 
    6429, 1639 ]),

    PCGroup(\[ 10, 2, 2, 2, 2, 2, 2, 2, 2, 2, 2, 37445, 24495, 10345, 4715, 
    62726, 15696, 14586, 1156, 66567, 10257, 17947, 677, 63368, 5778, 11548, 
    5078, 44809, 44819, 6429, 8839 ]),

    PCGroup(\[ 10, 2, 2, 2, 2, 2, 2, 2, 2, 2, 2, 8966, 1156, 5127, 677, 11548, 
    5798, 2928, 1498, 6429, 3239, 1649, 859 ]),

    PCGroup(\[ 10, 2, 2, 2, 2, 2, 2, 2, 2, 2, 2, 4236, 2146, 1876, 35857, 2597, 
    2607, 2297, 1187, 23058, 1478, 5088, 1498, 12819, 11239, 849, 859 ]),

    PCGroup(\[ 10, 2, 2, 2, 2, 2, 2, 2, 2, 2, 2, 333, 3623, 214, 4624, 15365, 
    15375, 1945, 1245, 33287, 26897, 667, 2447, 2888, 36018, 9388, 588, 80009, 
    1619, 16829, 10839 ]),

    PCGroup(\[ 10, 2, 2, 2, 2, 2, 2, 2, 2, 2, 2, 29604, 5214, 1334, 59525, 6735,
    985, 2675, 62726, 4496, 586, 2276, 66567, 2577, 4507, 4517, 63368, 20178, 
    7948, 758, 44809, 35219, 15229, 10439 ]),

    PCGroup(\[ 10, 2, 2, 2, 2, 2, 2, 2, 2, 2, 2, 26563, 653, 6663, 534, 45125, 
    255, 11305, 405, 71687, 10257, 3867, 537, 46088, 5778, 7228, 3638, 25609, 
    44819, 14429, 7239 ]),

    PCGroup(\[ 10, 2, 2, 2, 2, 2, 2, 2, 2, 2, 2, 9680, 8041, 19562, 16804, 
    40805, 7215, 10225, 1365, 655, 31366, 17936, 14586, 2276, 1166, 616, 5127, 
    28177, 17947, 4517, 2287, 11528, 37458, 11548, 758, 408, 238, 70409, 3219, 
    6429, 10439, 5249 ]),

    PCGroup(\[ 10, 2, 2, 2, 2, 2, 2, 2, 2, 2, 2, 3204, 2814, 424, 734, 6725, 
    1935, 265, 515, 1126, 1136, 1986, 316, 57608, 17298, 8668, 7238, 38409, 
    32019, 16029, 4839 ]),

    PCGroup(\[ 10, 2, 2, 2, 2, 2, 2, 2, 2, 2, 2, 31366, 15696, 14586, 7316, 
    3126, 71687, 35857, 10267, 5157, 1327, 46088, 23058, 20188, 10118, 768, 
    25609, 12819, 3229, 1639, 5649 ]),

    PCGroup(\[ 10, 2, 2, 2, 2, 2, 2, 2, 2, 2, 2, 44165, 12985, 6995, 775, 67206,
    2266, 2276, 1736, 626, 20487, 1307, 9637, 1177, 397, 11528, 21628, 758, 
    1678, 268 ]),

    PCGroup(\[ 10, 2, 2, 2, 2, 2, 2, 2, 2, 2, 2, 49286, 29136, 7866, 3126, 1876,
    766, 71687, 5147, 1327, 1187, 46088, 2908, 768, 788, 25609, 22429, 5649, 469
    ]),

    PCGroup(\[ 10, 2, 2, 2, 2, 2, 2, 2, 2, 2, 2, 20803, 9133, 5223, 113, 7475, 
    44806, 20176, 5356, 2846, 1316, 346, 46087, 25617, 6757, 2927, 1657, 237, 
    8678 ]),

    PCGroup(\[ 10, 2, 2, 2, 2, 2, 2, 2, 2, 2, 2, 3845, 13455, 1605, 2246, 14576,
    2006, 71687, 35857, 5147, 2597, 387, 46088, 23058, 2908, 1478, 248, 25609, 
    12819, 22429, 11239, 2859 ]),

    PCGroup(\[ 10, 2, 2, 2, 2, 2, 2, 2, 2, 2, 2, 1604, 14814, 7424, 1644, 965, 
    18255, 9145, 1015, 20487, 7077, 3247, 537, 397, 11528, 9398, 1848, 2218, 268
    ]),

    PCGroup(\[ 10, 2, 2, 2, 2, 2, 2, 2, 2, 2, 2, 40325, 985, 5315, 49286, 586, 
    5916, 71687, 5147, 5157, 46088, 2908, 10118, 25609, 22429, 1639 ]),

    PCGroup(\[ 10, 2, 2, 2, 2, 2, 2, 2, 2, 2, 2, 21125, 13945, 1715, 1015, 
    67206, 2266, 2276, 1316, 626, 20487, 1307, 9637, 1657, 397, 11528, 21628, 
    758, 2218, 268 ]),

    PCGroup(\[ 10, 2, 2, 2, 2, 2, 2, 2, 2, 2, 2, 39204, 9824, 4934, 2044, 1605, 
    51526, 15146, 6476, 3266, 1036, 486, 71687, 17947, 8997, 2607, 697, 387, 
    46088, 11548, 5798, 5088, 418, 248, 25609, 6429, 3239, 849, 2859 ]),

    PCGroup(\[ 10, 2, 2, 2, 2, 2, 2, 2, 2, 2, 2, 1935, 10825, 1136, 12066, 
    71687, 5147, 5157, 46088, 2908, 10118, 25609, 22429, 1639 ]),

    PCGroup(\[ 10, 2, 2, 2, 2, 2, 2, 2, 2, 2, 2, 51526, 29696, 12906, 7596, 
    20487, 20497, 10267, 8997, 11528, 40338, 20188, 5798, 89609, 6419, 3229, 
    3239 ]),

    PCGroup(\[ 10, 2, 2, 2, 2, 2, 2, 2, 2, 2, 2, 49286, 29136, 7316, 71687, 
    10257, 2597, 46088, 5778, 1478, 25609, 44819, 11239 ]),

    PCGroup(\[ 10, 2, 2, 2, 2, 2, 2, 2, 2, 2, 2, 13214, 6324, 3334, 55685, 
    22095, 985, 4115, 2085, 1015, 67206, 4496, 586, 5076, 626, 20487, 2577, 
    14747, 6437, 397, 11528, 43218, 19468, 8678, 268 ]),

    PCGroup(\[ 10, 2, 2, 2, 2, 2, 2, 2, 2, 2, 2, 28805, 6265, 1605, 175, 71687, 
    10257, 5147, 2297, 387, 46088, 5778, 2908, 1498, 248, 25609, 44819, 22429, 
    459, 1469 ]),

    PCGroup(\[ 10, 2, 2, 2, 2, 2, 2, 2, 2, 2, 2, 3956, 3126, 8997, 1327, 5798, 
    768, 3239, 5649 ]),

    PCGroup(\[ 10, 2, 2, 2, 2, 2, 2, 2, 2, 2, 2, 8436, 46088, 11548, 4358, 2928,
    25609, 6429, 8039, 1649 ]),

    PCGroup(\[ 10, 2, 2, 2, 2, 2, 2, 2, 2, 2, 2, 10404, 1614, 10224, 1334, 8966,
    576, 15146, 1156, 5127, 8337, 18587, 677, 23058, 5798, 12819, 3239 ]),

    PCGroup(\[ 10, 2, 2, 2, 2, 2, 2, 2, 2, 2, 2, 3523, 653, 7943, 3553, 2534, 
    29765, 255, 10345, 1605, 1375, 3956, 1036, 40967, 10257, 8997, 2297, 387, 
    80648, 5778, 5798, 1498, 248, 12809, 44819, 1639, 459, 1469 ]),

    PCGroup(\[ 10, 2, 2, 2, 2, 2, 2, 2, 2, 2, 2, 40804, 16414, 3824, 3934, 9605,
    25935, 985, 2675, 2685, 1015, 13446, 8976, 586, 6756, 2986, 626, 34568, 
    2898, 19468, 6518, 2748, 268 ]),

    PCGroup(\[ 10, 2, 2, 2, 2, 2, 2, 2, 2, 2, 2, 13446, 14586, 7316, 46088, 
    14428, 7238, 25609, 9629, 4839 ]),

    PCGroup(\[ 10, 2, 2, 2, 2, 2, 2, 2, 2, 2, 2, 5765, 13945, 6995, 1015, 20487,
    6427, 3237, 1657, 397, 11528, 4348, 2198, 2218, 268 ]),

    PCGroup(\[ 10, 2, 2, 2, 2, 2, 2, 2, 2, 2, 2, 7866, 3956, 2006, 1876, 71687, 
    10257, 17947, 2597, 46088, 5778, 11548, 1478, 25609, 44819, 6429, 11239 ]),

    PCGroup(\[ 10, 2, 2, 2, 2, 2, 2, 2, 2, 2, 2, 49286, 6196, 3126, 1876, 20487,
    2597, 1327, 1337, 11528, 1478, 768, 2578, 89609, 11239, 5649, 459 ]),

    PCGroup(\[ 10, 2, 2, 2, 2, 2, 2, 2, 2, 2, 2, 24656, 7866, 3956, 10257, 
    17947, 8997, 5778, 11548, 5798, 44819, 6429, 3239 ]),

    PCGroup(\[ 10, 2, 2, 2, 2, 2, 2, 2, 2, 2, 2, 3845, 1935, 515, 2246, 1136, 
    316, 71687, 8997, 1327, 46088, 5798, 768, 25609, 3239, 5649 ]),

    PCGroup(\[ 10, 2, 2, 2, 2, 2, 2, 2, 2, 2, 2, 1604, 1614, 1824, 5734, 965, 
    3375, 2425, 6995, 7846, 576, 3386, 8436, 34568, 28818, 8668, 7238, 64009, 
    19219, 16029, 4839 ]),

    PCGroup(\[ 10, 2, 2, 2, 2, 2, 2, 2, 2, 2, 2, 40804, 1614, 824, 60486, 576, 
    306, 71687, 10257, 5147, 46088, 5778, 2908, 25609, 44819, 22429 ]),

    PCGroup(\[ 10, 2, 2, 2, 2, 2, 2, 2, 2, 2, 2, 59366, 30256, 4226, 7596, 206, 
    11548, 5798, 788, 6429, 3239, 469 ]),

    PCGroup(\[ 10, 2, 2, 2, 2, 2, 2, 2, 2, 2, 2, 19227, 9637, 4847, 2457, 1498, 
    859 ]),

    PCGroup(\[ 10, 2, 2, 2, 2, 2, 2, 2, 2, 2, 2, 30256, 15146, 7596, 3826, 486, 
    4527, 387, 2928, 248, 1649, 1469 ]),

    PCGroup(\[ 10, 2, 2, 2, 2, 2, 2, 2, 2, 2, 2, 2325, 175, 2597, 697, 397, 
    1478, 418, 268 ]),

    PCGroup(\[ 10, 2, 2, 2, 2, 2, 2, 2, 2, 2, 2, 3826, 35857, 17947, 8997, 4527,
    387, 23058, 11548, 5798, 2928, 248, 12819, 6429, 3239, 1649, 1469 ]),

    PCGroup(\[ 10, 2, 2, 2, 2, 2, 2, 2, 2, 2, 2, 30256, 15146, 7596, 3826, 206, 
    2928, 1649 ]),

    PCGroup(\[ 10, 2, 2, 2, 2, 2, 2, 2, 2, 2, 2, 11065, 5555, 2805, 415, 16826, 
    8436, 606, 1456, 626, 5147, 2597, 367, 1497, 397, 2908, 1478, 5448, 1318, 
    268 ]),

    PCGroup(\[ 10, 2, 2, 2, 2, 2, 2, 2, 2, 2, 2, 48005, 18735, 15145, 6155, 
    58246, 15696, 1156, 71687, 10257, 677, 46088, 5778, 5078, 25609, 44819, 8839
    ]),

    PCGroup(\[ 10, 2, 2, 2, 2, 2, 2, 2, 2, 2, 2, 3134, 48005, 12495, 3385, 515, 
    58246, 15696, 2266, 316, 71687, 10257, 1307, 2277, 46088, 5778, 10108, 3998,
    25609, 44819, 17629, 7639 ]),

    PCGroup(\[ 10, 2, 2, 2, 2, 2, 2, 2, 2, 2, 2, 42245, 20175, 10585, 47046, 
    24656, 11786, 71687, 17947, 5157, 1337, 46088, 11548, 10118, 1328, 25609, 
    6429, 1639, 459 ]),

    PCGroup(\[ 10, 2, 2, 2, 2, 2, 2, 2, 2, 2, 2, 47204, 10814, 6624, 3334, 
    59525, 14415, 8185, 525, 1495, 44806, 4496, 10106, 4386, 1316, 346, 46087, 
    2577, 12827, 207, 1657, 237, 4368 ]),

    PCGroup(\[ 10, 2, 2, 2, 2, 2, 2, 2, 2, 2, 2, 23204, 11614, 3334, 144, 58246,
    11216, 10106, 606, 906, 71687, 15377, 12827, 367, 867, 237, 4368 ]),

    PCGroup(\[ 10, 2, 2, 2, 2, 2, 2, 2, 2, 2, 2, 26404, 6824, 32645, 7945, 
    40326, 12346, 5076, 3406, 616, 626, 3247, 1657, 69128, 20188, 8678, 3288, 
    238, 268 ]),

    PCGroup(\[ 10, 2, 2, 2, 2, 2, 2, 2, 2, 2, 2, 1604, 814, 6624, 3334, 644, 
    965, 495, 8185, 4115, 415, 58246, 29136, 10106, 606, 1456, 906, 71687, 
    35857, 12827, 2927, 217, 867, 237, 4368, 2218 ]),

    PCGroup(\[ 10, 2, 2, 2, 2, 2, 2, 2, 2, 2, 2, 8804, 4414, 3334, 644, 28805, 
    29775, 8185, 285, 1495, 8966, 22416, 10106, 186, 1316, 346, 5127, 23057, 
    12827, 5007, 1657, 237, 4368 ]),

    PCGroup(\[ 10, 2, 2, 2, 2, 2, 2, 2, 2, 2, 2, 32804, 9214, 8624, 5134, 31366,
    4496, 16266, 1436, 20487, 2577, 17307, 997, 11528, 20178, 16588, 5438, 
    89609, 35219, 12029, 9239 ]),

    PCGroup(\[ 10, 2, 2, 2, 2, 2, 2, 2, 2, 2, 2, 15604, 19714, 4934, 2644, 
    44165, 3855, 1465, 6515, 3285, 46087, 1297, 3867, 9637, 4527, 86408, 18738, 
    7228, 6518, 1848, 19209, 33619, 14429, 4039, 3649 ]),

    PCGroup(\[ 10, 2, 2, 2, 2, 2, 2, 2, 2, 2, 2, 48965, 21615, 6265, 5075, 
    59366, 24096, 7866, 6196, 20487, 35857, 5147, 5157, 11528, 23058, 2908, 
    10118, 89609, 12819, 22429, 1639 ]),

    PCGroup(\[ 10, 2, 2, 2, 2, 2, 2, 2, 2, 2, 2, 20176, 16826, 3956, 2566, 2156,
    486, 10257, 15387, 6437, 1327, 1977, 387, 397, 5778, 14428, 8678, 768, 1858,
    248, 268 ]),

    PCGroup(\[ 10, 2, 2, 2, 2, 2, 2, 2, 2, 2, 2, 15696, 12346, 7316, 3126, 1876,
    35857, 5147, 5157, 1327, 1337, 23058, 2908, 10118, 768, 2578, 12819, 22429, 
    1639, 5649, 459 ]),

    PCGroup(\[ 10, 2, 2, 2, 2, 2, 2, 2, 2, 2, 2, 48005, 24015, 12025, 285, 
    58246, 29136, 14586, 186, 35857, 8997, 1327, 1187, 23058, 5798, 768, 1498, 
    12819, 3239, 5649, 859 ]),

    PCGroup(\[ 10, 2, 2, 2, 2, 2, 2, 2, 2, 2, 2, 6736, 14586, 7316, 476, 23058, 
    14428, 7238, 1498, 12819, 9629, 4839, 859 ]),

    PCGroup(\[ 10, 2, 2, 2, 2, 2, 2, 2, 2, 2, 2, 37445, 18735, 67206, 13456, 
    5626, 3406, 61447, 12817, 7707, 4847, 2457, 38409, 48019, 19229, 2049 ]),

    PCGroup(\[ 10, 2, 2, 2, 2, 2, 2, 2, 2, 2, 2, 10404, 2814, 424, 1134, 13445, 
    1935, 265, 995, 8966, 1136, 1986, 1996, 5127, 8977, 3547, 357, 11548, 5798, 
    6429, 3239 ]),

    PCGroup(\[ 10, 2, 2, 2, 2, 2, 2, 2, 2, 2, 2, 9604, 22014, 1624, 534, 6407, 
    39697, 347, 1957, 46088, 23058, 25609, 12819 ]),

    PCGroup(\[ 10, 2, 2, 2, 2, 2, 2, 2, 2, 2, 2, 34804, 14914, 5024, 2734, 
    60486, 4496, 1706, 4236, 2006, 74247, 2577, 3227, 2917, 1487, 48968, 20178, 
    6508, 1838, 948, 28809, 35219, 13629, 11639 ]),

    PCGroup(\[ 10, 2, 2, 2, 2, 2, 2, 2, 2, 2, 2, 24965, 13455, 6745, 3155, 
    31366, 14576, 7306, 3956, 40967, 10257, 5147, 2597, 80648, 5778, 2908, 1478,
    12809, 44819, 22429, 11239 ]),

    PCGroup(\[ 10, 2, 2, 2, 2, 2, 2, 2, 2, 2, 2, 333, 5543, 214, 7024, 9605, 
    27855, 9145, 3875, 13446, 33616, 8986, 5356, 34568, 28818, 18748, 4548, 
    64009, 19219, 1629, 439 ]),

    PCGroup(\[ 10, 2, 2, 2, 2, 2, 2, 2, 2, 2, 2, 1604, 614, 965, 1215, 53766, 
    4496, 5626, 8436, 2156, 76807, 2577, 7707, 7717, 3887, 32009, 35219, 19229, 
    4839, 2449 ]),

    PCGroup(\[ 10, 2, 2, 2, 2, 2, 2, 2, 2, 2, 2, 55685, 3385, 1365, 1735, 67206,
    11226, 2276, 2566, 1036, 626, 20487, 11547, 9637, 3247, 1977, 397, 11528, 
    10108, 758, 4368, 1858, 268 ]),

    PCGroup(\[ 10, 2, 2, 2, 2, 2, 2, 2, 2, 2, 2, 47604, 614, 44165, 3855, 1465, 
    3635, 46087, 1297, 3867, 3237, 1647, 86408, 18738, 7228, 2198, 1128, 19209, 
    33619, 14429, 12039 ]),

    PCGroup(\[ 10, 2, 2, 2, 2, 2, 2, 2, 2, 2, 2, 24656, 12346, 3956, 2006, 1876,
    10257, 5147, 8997, 4527, 1337, 5778, 2908, 5798, 2928, 2578, 44819, 22429, 
    3239, 1649, 459 ]),

    PCGroup(\[ 10, 2, 2, 2, 2, 2, 2, 2, 2, 2, 2, 44165, 22095, 5555, 3525, 1015,
    17926, 8976, 2276, 606, 1316, 626, 76807, 38417, 9637, 367, 1657, 397, 5768,
    2898, 758, 5448, 2218, 268 ]),

    PCGroup(\[ 10, 2, 2, 2, 2, 2, 2, 2, 2, 2, 2, 58246, 24656, 3956, 3126, 1596,
    40967, 10257, 8997, 1327, 697, 80648, 5778, 5798, 768, 418, 12809, 44819, 
    3239, 5649, 2859 ]),

    PCGroup(\[ 10, 2, 2, 2, 2, 2, 2, 2, 2, 2, 2, 55685, 22095, 12985, 6515, 
    3525, 655, 17926, 33616, 2266, 1156, 1166, 1456, 626, 76807, 10257, 1307, 
    677, 4847, 1497, 397, 5768, 5778, 21628, 10838, 408, 1318, 268 ]),

    PCGroup(\[ 10, 2, 2, 2, 2, 2, 2, 2, 2, 2, 2, 24656, 12346, 3126, 1876, 
    71687, 10257, 10267, 2607, 697, 46088, 5778, 20188, 5088, 418, 25609, 44819,
    3229, 849, 2859 ]),

    PCGroup(\[ 10, 2, 2, 2, 2, 2, 2, 2, 2, 2, 2, 18243, 4583, 2673, 59525, 
    14415, 8185, 515, 1845, 1495, 44806, 4496, 10106, 4236, 606, 1316, 346, 
    46087, 2577, 12827, 357, 367, 1657, 237, 8678 ]),

    PCGroup(\[ 10, 2, 2, 2, 2, 2, 2, 2, 2, 2, 2, 1935, 515, 3045, 1136, 316, 
    3686, 35857, 8997, 1327, 23058, 5798, 768, 12819, 3239, 5649 ]),

    PCGroup(\[ 10, 2, 2, 2, 2, 2, 2, 2, 2, 2, 2, 12495, 1715, 3285, 1735, 8976, 
    1156, 4246, 626, 38417, 677, 1327, 397, 2898, 10838, 768, 268 ]),

    PCGroup(\[ 10, 2, 2, 2, 2, 2, 2, 2, 2, 2, 2, 13446, 3386, 886, 1876, 46088, 
    11548, 2928, 1858, 25609, 6429, 1649, 1259 ]),

    PCGroup(\[ 10, 2, 2, 2, 2, 2, 2, 2, 2, 2, 2, 44165, 25935, 6515, 3525, 775, 
    67206, 4496, 1156, 1166, 1736, 626, 20487, 2577, 677, 4847, 1177, 397, 
    11528, 43218, 10838, 408, 1678, 268 ]),

    PCGroup(\[ 10, 2, 2, 2, 2, 2, 2, 2, 2, 2, 2, 3845, 1935, 985, 2565, 2246, 
    1136, 586, 3126, 20487, 35857, 5147, 5157, 2607, 1337, 11528, 23058, 2908, 
    10118, 5088, 1328, 89609, 12819, 22429, 1639, 849, 459 ]),

    PCGroup(\[ 10, 2, 2, 2, 2, 2, 2, 2, 2, 2, 2, 34404, 17214, 2224, 3334, 2244,
    28805, 14415, 7225, 285, 1495, 8966, 4496, 2266, 186, 1316, 346, 5127, 2577,
    1307, 5007, 1657, 237, 4368 ]),

    PCGroup(\[ 10, 2, 2, 2, 2, 2, 2, 2, 2, 2, 2, 31366, 12346, 6196, 71687, 
    5147, 2597, 46088, 2908, 1478, 25609, 22429, 11239 ]),

    PCGroup(\[ 10, 2, 2, 2, 2, 2, 2, 2, 2, 2, 2, 8804, 814, 12024, 6334, 7685, 
    495, 15145, 7235, 2567, 7057, 16987, 8677, 5798, 3239 ]),

    PCGroup(\[ 10, 2, 2, 2, 2, 2, 2, 2, 2, 2, 2, 20655, 10345, 5195, 58246, 
    29136, 15706, 6196, 71687, 35857, 16667, 5157, 46088, 23058, 15868, 10118, 
    25609, 12819, 11229, 1639 ]),

    PCGroup(\[ 10, 2, 2, 2, 2, 2, 2, 2, 2, 2, 2, 7215, 49286, 4496, 4506, 3956, 
    40967, 2577, 8987, 2597, 80648, 20178, 1468, 1478, 12809, 35219, 20829, 
    11239 ]),

    PCGroup(\[ 10, 2, 2, 2, 2, 2, 2, 2, 2, 2, 2, 49286, 6736, 12346, 5076, 2566,
    476, 626, 34568, 34578, 8668, 10118, 5088, 2218, 1148, 268 ]),

    PCGroup(\[ 10, 2, 2, 2, 2, 2, 2, 2, 2, 2, 2, 49286, 15696, 6196, 3686, 1596,
    20487, 35857, 2597, 2607, 697, 11528, 23058, 1478, 5088, 418, 89609, 12819, 
    11239, 849, 2859 ]),

    PCGroup(\[ 10, 2, 2, 2, 2, 2, 2, 2, 2, 2, 2, 51845, 22095, 12985, 6995, 
    3285, 1015, 8966, 33616, 2266, 2276, 606, 1316, 626, 5127, 10257, 1307, 
    9637, 367, 1657, 397, 86408, 5778, 21628, 758, 5448, 2218, 268 ]),

    PCGroup(\[ 10, 2, 2, 2, 2, 2, 2, 2, 2, 2, 2, 1604, 424, 965, 265, 40967, 
    10257, 5797, 80648, 5778, 10838, 12809, 44819, 2439 ])
]
