[ PowerStructure(GrpPC) |
    PCGroup(\[ 10, 2, 2, 2, 2, 2, 2, 2, 2, 2, 2, 14952, 5223, 17214, 3134, 2844,
    19215, 8185, 4115, 2205, 8976, 10106, 186, 21777, 6437, 3887, 867, 2898, 
    3648, 2218 ]),

    PCGroup(\[ 10, 2, 2, 2, 2, 2, 2, 2, 2, 2, 2, 8651, 11592, 742, 20333, 10183,
    2593, 6814, 3424, 3334, 9615, 8665, 2555, 1255, 1136, 14026, 7176, 3686, 
    1316, 206, 25617, 12827, 6437, 2297, 23058, 11548, 1498, 788, 12819, 6429, 
    859, 469 ]),

    PCGroup(\[ 10, 2, 2, 2, 2, 2, 2, 2, 2, 2, 2, 3291, 2472, 82, 20013, 2593, 
    6224, 3334, 17295, 3865, 2085, 1136, 11226, 5076, 2566, 10257, 1307, 6437, 
    867, 5778, 748, 2218 ]),

    PCGroup(\[ 10, 2, 2, 2, 2, 2, 2, 2, 2, 2, 2, 7920, 4841, 6571, 15192, 5962, 
    10563, 2663, 13604, 3424, 4934, 19205, 1455, 4825, 4115, 1255, 2246, 2816, 
    586, 5076, 3686, 1316, 206, 51207, 35857, 12827, 8997, 2297, 46088, 23058, 
    11548, 1498, 788, 25609, 12819, 6429, 859, 469 ]),

    PCGroup(\[ 10, 2, 2, 2, 2, 2, 2, 2, 2, 2, 2, 2560, 16361, 2571, 24602, 5352,
    2662, 30403, 1604, 13214, 1624, 3334, 844, 965, 985, 2085, 535, 8966, 586, 
    346, 5127, 10587, 6437, 867, 237 ]),

    PCGroup(\[ 10, 2, 2, 2, 2, 2, 2, 2, 2, 2, 2, 23642, 2952, 3262, 31683, 
    15853, 6343, 113, 12024, 48965, 24495, 8665, 395, 62726, 4496, 586, 5636, 
    3686, 756, 66567, 2577, 987, 3237, 4527, 1657 ]),

    PCGroup(\[ 10, 2, 2, 2, 2, 2, 2, 2, 2, 2, 2, 5920, 2411, 26762, 10992, 2962,
    37443, 3373, 28804, 1614, 5524, 144, 53765, 3855, 1126, 9536, 1286, 7316, 
    2566, 1876, 206, 2567, 32017, 17947, 4527, 46088, 23058, 11548, 2928, 788, 
    25609, 12819, 6429, 1649, 469 ]),

    PCGroup(\[ 10, 2, 2, 2, 2, 2, 2, 2, 2, 2, 2, 171, 2712, 4702, 15533, 3623, 
    3953, 5624, 16815, 5785, 2315, 1015, 4496, 866, 1156, 3686, 756, 626, 33297,
    667, 8357, 4527, 1657, 397 ]),

    PCGroup(\[ 10, 2, 2, 2, 2, 2, 2, 2, 2, 2, 2, 2560, 14121, 51, 23162, 3862, 
    11843, 9773, 5703, 193, 13604, 7214, 3424, 1734, 495, 4345, 58246, 4496, 
    14586, 5216, 756, 30727, 33297, 17947, 1637, 1967, 867 ]),

    PCGroup(\[ 10, 2, 2, 2, 2, 2, 2, 2, 2, 2, 2, 20, 4171, 21962, 10152, 2962, 
    6723, 15533, 3204, 6814, 5524, 144, 7685, 24015, 19046, 20176, 1286, 7316, 
    2566, 1876, 206, 64007, 35857, 17947, 4527, 46088, 11548, 2928, 788, 25609, 
    6429, 1649, 469 ]),

    PCGroup(\[ 10, 2, 2, 2, 2, 2, 2, 2, 2, 2, 2, 160, 1961, 51, 31043, 7213, 
    3953, 17614, 33605, 24975, 2315, 1015, 8966, 28016, 7876, 3686, 756, 626, 
    66567, 32657, 677, 4527, 1657, 397 ]),

    PCGroup(\[ 10, 2, 2, 2, 2, 2, 2, 2, 2, 2, 2, 5691, 5232, 82, 12173, 8014, 
    1924, 444, 12255, 12505, 6035, 1125, 295, 576, 586, 7316, 2566, 206 ]),

    PCGroup(\[ 10, 2, 2, 2, 2, 2, 2, 2, 2, 2, 2, 8960, 12041, 1291, 27242, 
    12912, 82, 12173, 39204, 7214, 1924, 444, 17285, 8175, 12505, 6035, 1125, 
    295, 40326, 32216, 586, 7316, 2566, 206 ]),

    PCGroup(\[ 10, 2, 2, 2, 2, 2, 2, 2, 2, 2, 2, 361, 171, 21722, 13272, 1942, 
    963, 15533, 9383, 3953, 8824, 2885, 1455, 13465, 6155, 26886, 31376, 5346, 
    7876, 3686, 756, 25607, 2577, 16027, 677, 4527, 1657 ]),

    PCGroup(\[ 10, 2, 2, 2, 2, 2, 2, 2, 2, 2, 2, 10091, 13392, 2962, 18733, 
    14414, 5524, 144, 26895, 576, 1286, 7316, 2566, 1876, 206, 1297, 17947, 
    4527, 23058, 11548, 2928, 788, 12819, 6429, 1649, 469 ]),

    PCGroup(\[ 10, 2, 2, 2, 2, 2, 2, 2, 2, 2, 2, 5481, 171, 13032, 1942, 11203, 
    15533, 1863, 3953, 2424, 18245, 16815, 985, 2315, 1015, 62726, 22416, 586, 
    5636, 3686, 756, 626, 66567, 12817, 11227, 3237, 4527, 1657, 397 ]),

    PCGroup(\[ 10, 2, 2, 2, 2, 2, 2, 2, 2, 2, 2, 480, 6921, 1562, 32963, 333, 
    6343, 3233, 1604, 214, 8424, 3734, 644, 965, 20895, 5065, 3155, 415, 8966, 
    17936, 8986, 2276, 606, 336, 5127, 5147, 5157, 367, 217, 46088, 2908, 758, 
    2928, 1498, 25609, 3219, 1629, 1639, 1649, 859 ]),

    PCGroup(\[ 10, 2, 2, 2, 2, 2, 2, 2, 2, 2, 2, 81, 3211, 62, 2422, 4803, 8423,
    1604, 3214, 11824, 3434, 244, 965, 28335, 1945, 3995, 175, 8976, 4506, 657, 
    667, 4357, 3247, 1657, 237, 2898, 1468 ]),

    PCGroup(\[ 10, 2, 2, 2, 2, 2, 2, 2, 2, 2, 2, 9120, 10201, 3002, 132, 3742, 
    38723, 93, 2513, 23204, 3024, 2934, 944, 28805, 7695, 7225, 515, 1005, 1015,
    2246, 586, 2276, 2146, 206, 40967, 10267, 5157, 5768, 1458, 1468, 5438, 228,
    268, 12809, 3229, 1639 ]),

    PCGroup(\[ 10, 2, 2, 2, 2, 2, 2, 2, 2, 2, 2, 81, 91, 62, 82, 1614, 1624, 
    234, 2444, 3855, 985, 155, 1495, 8966, 1136, 306, 1156, 2566, 1316, 346, 
    5127, 657, 667, 677, 3247, 1657, 237, 34578, 17308 ]),

    PCGroup(\[ 10, 2, 2, 2, 2, 2, 2, 2, 2, 2, 2, 2560, 9001, 11462, 7752, 2122, 
    10413, 183, 13214, 124, 28805, 29775, 985, 3635, 1845, 535, 4496, 586, 5636,
    2846, 1316, 346, 2577, 19867, 5797, 2927, 1657, 237 ]),

    PCGroup(\[ 10, 2, 2, 2, 2, 2, 2, 2, 2, 2, 2, 15542, 6792, 4582, 38723, 
    10413, 183, 48804, 13214, 124, 59525, 29775, 8665, 4115, 2085, 1495, 4496, 
    586, 5076, 2566, 1316, 346, 2577, 19867, 6437, 3247, 1657, 237, 17308 ]),

    PCGroup(\[ 10, 2, 2, 2, 2, 2, 2, 2, 2, 2, 2, 20361, 51, 18362, 40003, 12493,
    9063, 214, 7824, 6334, 19215, 8665, 515, 26896, 9546, 316, 20487, 2577, 
    15387, 1327, 1657, 867, 11528, 1458, 14428, 768, 2218, 1148 ]),

    PCGroup(\[ 10, 2, 2, 2, 2, 2, 2, 2, 2, 2, 2, 20, 2642, 8952, 6382, 163, 
    1773, 5223, 113, 42404, 43205, 3375, 8185, 875, 175, 17926, 2567, 28817, 
    14427, 6437, 1657, 237, 5768 ]),

    PCGroup(\[ 10, 2, 2, 2, 2, 2, 2, 2, 2, 2, 2, 15482, 132, 20803, 93, 22814, 
    6224, 1644, 1945, 1955, 2085, 1015, 4506, 1156, 2566, 626, 10257, 667, 677, 
    3247, 1657, 867, 397, 5778, 1468, 398, 4368, 2218, 1148, 268 ]),

    PCGroup(\[ 10, 2, 2, 2, 2, 2, 2, 2, 2, 2, 2, 1280, 1561, 131, 19322, 11172, 
    3862, 25923, 93, 7463, 193, 22414, 1424, 144, 15375, 4496, 2577, 80648, 738,
    10118, 268, 1619 ]),

    PCGroup(\[ 10, 2, 2, 2, 2, 2, 2, 2, 2, 2, 2, 10281, 3731, 10872, 8573, 7303,
    353, 18814, 8024, 834, 844, 495, 3625, 2085, 175, 8976, 1297, 10587, 197, 
    1657, 237, 2898 ]),

    PCGroup(\[ 10, 2, 2, 2, 2, 2, 2, 2, 2, 2, 2, 9081, 1971, 3672, 18813, 3143, 
    273, 3214, 424, 234, 844, 1935, 265, 155, 535, 8966, 576, 2266, 5076, 2566, 
    1316, 346, 5127, 1297, 1307, 6437, 3247, 1657, 237 ]),

    PCGroup(\[ 10, 2, 2, 2, 2, 2, 2, 2, 2, 2, 2, 242, 5112, 3022, 163, 6893, 
    3943, 113, 20004, 7824, 1644, 11065, 6515, 2085, 11226, 6756, 2566, 20487, 
    1307, 9317, 3247, 1657, 867, 11528, 20908, 758, 4368, 2218, 1148 ]),

    PCGroup(\[ 10, 2, 2, 2, 2, 2, 2, 2, 2, 2, 2, 160, 4441, 9171, 14352, 142, 
    333, 214, 6725, 27135, 1705, 175, 8976, 51207, 1297, 18107, 1657, 237, 2898 
    ]),

    PCGroup(\[ 10, 2, 2, 2, 2, 2, 2, 2, 2, 2, 2, 2571, 15302, 7032, 1222, 4803, 
    16493, 743, 2593, 1604, 13214, 11824, 3434, 244, 965, 16335, 9625, 3995, 
    175, 4506, 667, 9477, 3247, 1657, 237, 1468 ]),

    PCGroup(\[ 10, 2, 2, 2, 2, 2, 2, 2, 2, 2, 2, 7260, 16241, 23822, 1752, 5362,
    643, 6423, 1313, 6404, 814, 6624, 3334, 244, 485, 495, 8185, 4115, 175, 
    17926, 2567, 10427, 3247, 1657, 237, 5768 ]),

    PCGroup(\[ 10, 2, 2, 2, 2, 2, 2, 2, 2, 2, 2, 1600, 5721, 2531, 23162, 4872, 
    10883, 16973, 7783, 1313, 404, 21014, 7424, 5334, 244, 38405, 26895, 9145, 
    755, 175, 17926, 8976, 2567, 24337, 17947, 1967, 1657, 237, 5768, 2898 ]),

    PCGroup(\[ 10, 2, 2, 2, 2, 2, 2, 2, 2, 2, 2, 20201, 9331, 6792, 8573, 3143, 
    273, 16014, 424, 234, 844, 17295, 265, 155, 535, 576, 2266, 5076, 2566, 
    1316, 346, 1297, 1307, 6437, 3247, 1657, 237 ]),

    PCGroup(\[ 10, 2, 2, 2, 2, 2, 2, 2, 2, 2, 2, 81, 1611, 62, 5832, 2182, 
    15683, 20173, 9143, 9814, 124, 6334, 19215, 11545, 4355, 26896, 11226, 4796,
    20487, 1297, 1307, 3887, 1657, 867, 11528, 2898, 748, 3648, 2218, 1148 ]),

    PCGroup(\[ 10, 2, 2, 2, 2, 2, 2, 2, 2, 2, 2, 5120, 9001, 30362, 132, 31043, 
    93, 26404, 824, 834, 844, 32645, 1945, 515, 535, 40326, 4496, 306, 316, 
    2566, 1316, 346, 51207, 2577, 667, 197, 3247, 1657, 237 ]),

    PCGroup(\[ 10, 2, 2, 2, 2, 2, 2, 2, 2, 2, 2, 15401, 11702, 14472, 82, 10404,
    24414, 424, 13445, 29775, 265, 8966, 4496, 8986, 5127, 2577, 5147, 23058, 
    2908, 12819, 1629 ]),

    PCGroup(\[ 10, 2, 2, 2, 2, 2, 2, 2, 2, 2, 2, 3840, 9001, 6792, 2902, 27203, 
    9453, 8743, 1953, 23204, 5824, 3734, 28805, 14415, 7225, 995, 1845, 175, 
    4516, 20487, 5147, 357, 1327, 397, 11528, 2908, 5438, 768, 268, 839 ]),

    PCGroup(\[ 10, 2, 2, 2, 2, 2, 2, 2, 2, 2, 2, 362, 7872, 1222, 2663, 12724, 
    534, 9625, 755, 405, 175, 4506, 30727, 15377, 667, 3877, 3247, 1657, 237, 
    1468 ]),

    PCGroup(\[ 10, 2, 2, 2, 2, 2, 2, 2, 2, 2, 2, 19881, 51, 3862, 12333, 4903, 
    5414, 5024, 3934, 1644, 19215, 8185, 515, 1015, 26896, 10106, 316, 626, 
    1297, 12827, 2597, 3887, 1657, 867, 397, 2898, 17308, 1478, 3648, 2218, 
    1148, 268 ]),

    PCGroup(\[ 10, 2, 2, 2, 2, 2, 2, 2, 2, 2, 2, 320, 6521, 51, 16442, 1603, 
    11213, 3943, 4513, 214, 7024, 2734, 144, 26895, 42566, 22416, 10666, 876, 
    2706, 626, 51207, 3857, 15387, 7717, 1327, 867, 397, 69128, 2898, 14428, 
    7238, 768, 1148, 268 ]),

    PCGroup(\[ 10, 2, 2, 2, 2, 2, 2, 2, 2, 2, 2, 14201, 51, 17133, 7463, 193, 
    16814, 9424, 144, 7695, 44806, 9536, 11226, 5076, 2566, 346, 46087, 19857, 
    11547, 6437, 3247, 237, 1458 ]),

    PCGroup(\[ 10, 2, 2, 2, 2, 2, 2, 2, 2, 2, 2, 3840, 12441, 5882, 132, 1222, 
    11843, 93, 3393, 20004, 10624, 5334, 34565, 1945, 4835, 2246, 4506, 2276, 
    2566, 20487, 25617, 10907, 357, 1657, 11528, 1468, 758, 1148 ]),

    PCGroup(\[ 10, 2, 2, 2, 2, 2, 2, 2, 2, 2, 2, 362, 192, 82, 40804, 19614, 
    4424, 4934, 2044, 8185, 24646, 14306, 7316, 2566, 1876, 206, 12827, 4527, 
    2928, 788, 1649, 469 ]),

    PCGroup(\[ 10, 2, 2, 2, 2, 2, 2, 2, 2, 2, 2, 29882, 3552, 4522, 2263, 39604,
    6824, 1244, 49925, 24015, 265, 6035, 1125, 295, 56006, 29136, 13886, 7316, 
    2566, 206, 7707 ]),

    PCGroup(\[ 10, 2, 2, 2, 2, 2, 2, 2, 2, 2, 2, 10921, 3691, 1082, 7752, 6622, 
    10563, 13613, 4263, 3873, 2404, 2414, 4424, 1734, 1244, 16335, 4345, 6035, 
    24646, 1696, 9826, 2836, 2566, 1876, 206, 15377, 12827, 8997, 4527, 23058, 
    11548, 2928, 788, 12819, 6429, 1649, 469 ]),

    PCGroup(\[ 10, 2, 2, 2, 2, 2, 2, 2, 2, 2, 2, 7721, 29882, 132, 3502, 93, 
    5223, 4913, 5604, 13214, 8624, 1134, 3845, 16335, 9625, 995, 2246, 4506, 
    2276, 20487, 667, 5477, 867, 11528, 12988, 6518, 4368, 2218 ]),

    PCGroup(\[ 10, 2, 2, 2, 2, 2, 2, 2, 2, 2, 2, 4480, 10281, 362, 5712, 1402, 
    7204, 13214, 6824, 1734, 1044, 40325, 16335, 7945, 2195, 1125, 175, 40326, 
    5626, 5076, 2566, 7707, 6437, 1657, 69128, 4368, 2218 ]),

    PCGroup(\[ 10, 2, 2, 2, 2, 2, 2, 2, 2, 2, 2, 201, 9731, 362, 6552, 4822, 
    19853, 1204, 7214, 9824, 1244, 3845, 495, 4345, 6035, 1125, 295, 2246, 856, 
    10106, 7316, 2566, 206, 15377, 17947, 4527, 23058, 11548, 2928, 1498, 788, 
    12819, 6429, 1649, 859, 469 ]),

    PCGroup(\[ 10, 2, 2, 2, 2, 2, 2, 2, 2, 2, 2, 8282, 7992, 7282, 18883, 9453, 
    9863, 5624, 3334, 33605, 16815, 9625, 4115, 535, 8966, 4496, 866, 5076, 
    2566, 346, 5127, 2577, 10907, 3247, 1657, 237 ]),

    PCGroup(\[ 10, 2, 2, 2, 2, 2, 2, 2, 2, 2, 2, 10080, 681, 7322, 11592, 5782, 
    31683, 1133, 8263, 4113, 14404, 3624, 1734, 965, 4105, 2195, 44806, 30256, 
    6746, 876, 1446, 25607, 26257, 6427, 1477, 1017, 867 ]),

    PCGroup(\[ 10, 2, 2, 2, 2, 2, 2, 2, 2, 2, 2, 8041, 8891, 3072, 262, 4493, 
    583, 113, 3214, 10936, 8426, 2836, 2566, 206, 21137, 12827, 6437, 34578, 
    17308, 8678, 1148 ]),

    PCGroup(\[ 10, 2, 2, 2, 2, 2, 2, 2, 2, 2, 2, 160, 1161, 4731, 15482, 14592, 
    3982, 29763, 16013, 2343, 3793, 8814, 3845, 255, 8665, 2195, 1255, 2246, 
    17096, 9546, 2836, 1316, 206, 51207, 9617, 12827, 6437, 69128, 34578, 17308,
    8678, 2218, 1148 ]),

    PCGroup(\[ 10, 2, 2, 2, 2, 2, 2, 2, 2, 2, 2, 12312, 7222, 10023, 193, 3624, 
    1734, 265, 15706, 5356, 1446, 626, 15377, 6427, 1477, 1017, 867, 397 ]),

    PCGroup(\[ 10, 2, 2, 2, 2, 2, 2, 2, 2, 2, 2, 40, 10281, 51, 3862, 8643, 
    12333, 1863, 1393, 33604, 10414, 9824, 20165, 2415, 8185, 4835, 3045, 26886,
    31376, 5626, 2976, 756, 5127, 23057, 7707, 2917, 4527, 867 ]),

    PCGroup(\[ 10, 2, 2, 2, 2, 2, 2, 2, 2, 2, 2, 320, 12361, 2491, 15482, 9312, 
    4102, 2243, 6413, 5703, 113, 16014, 33606, 296, 17386, 2836, 2566, 206, 
    51207, 657, 12827, 6437, 69128, 34578, 17308, 8678, 1148 ]),

    PCGroup(\[ 10, 2, 2, 2, 2, 2, 2, 2, 2, 2, 2, 9420, 1801, 171, 18122, 7752, 
    3982, 12803, 14893, 2343, 3793, 43204, 29285, 1935, 8665, 2195, 1255, 566, 
    1136, 9546, 2836, 1316, 206, 60167, 25617, 12827, 6437, 69128, 34578, 17308,
    8678, 2218, 1148 ]),

    PCGroup(\[ 10, 2, 2, 2, 2, 2, 2, 2, 2, 2, 2, 11241, 51, 4013, 193, 814, 
    1734, 495, 22406, 13456, 736, 756, 906, 12817, 9317, 1967, 867, 557 ]),

    PCGroup(\[ 10, 2, 2, 2, 2, 2, 2, 2, 2, 2, 2, 19241, 5251, 28922, 7812, 
    21443, 93, 5223, 11214, 9824, 33605, 11535, 4345, 62726, 19616, 5076, 3686, 
    756, 66567, 1297, 3877, 4527, 1657 ]),

    PCGroup(\[ 10, 2, 2, 2, 2, 2, 2, 2, 2, 2, 2, 17321, 1451, 18842, 2832, 142, 
    25283, 9293, 113, 3214, 3845, 14655, 12025, 6035, 2085, 295, 2246, 14296, 
    5626, 2836, 2566, 206, 657, 12827, 6437, 17308, 8678, 2218, 1148 ]),

    PCGroup(\[ 10, 2, 2, 2, 2, 2, 2, 2, 2, 2, 2, 13161, 6571, 242, 9072, 142, 
    163, 16573, 113, 16014, 49925, 6975, 12025, 2195, 2085, 1255, 56006, 16956, 
    14586, 2836, 2566, 1316, 206, 21137, 12827, 6437, 17308, 8678, 2218, 1148 
    ]),

    PCGroup(\[ 10, 2, 2, 2, 2, 2, 2, 2, 2, 2, 2, 5440, 7721, 9291, 17642, 1272, 
    3442, 7853, 7303, 2753, 10014, 7224, 1744, 9625, 22406, 3376, 13746, 7316, 
    1446, 1316, 206, 51207, 25617, 667, 6437, 3247, 69128, 34578, 17308, 8678, 
    4368, 1148 ]),

    PCGroup(\[ 10, 2, 2, 2, 2, 2, 2, 2, 2, 2, 2, 9880, 281, 242, 163, 15204, 
    4414, 1624, 234, 15365, 3855, 2665, 155, 2246, 1986, 2696, 2566, 1316, 5127,
    1297, 347, 1797, 867, 11528, 6868, 1298, 4368, 2218, 618 ]),

    PCGroup(\[ 10, 2, 2, 2, 2, 2, 2, 2, 2, 2, 2, 9600, 7561, 14282, 14832, 82, 
    31043, 15533, 8004, 2024, 50885, 8655, 12505, 6035, 3045, 44806, 586, 7316, 
    756, 5127, 25617, 16987, 8997, 4527, 867 ]),

    PCGroup(\[ 10, 2, 2, 2, 2, 2, 2, 2, 2, 2, 2, 17961, 891, 26522, 14112, 3982,
    35523, 8973, 5223, 113, 16014, 19205, 18495, 12025, 2195, 2085, 1255, 20166,
    18776, 14586, 2836, 2566, 1316, 206, 657, 12827, 6437, 34578, 17308, 8678, 
    2218, 1148 ]),

    PCGroup(\[ 10, 2, 2, 2, 2, 2, 2, 2, 2, 2, 2, 17641, 9531, 10802, 6432, 142, 
    14243, 5773, 7783, 3953, 3214, 3845, 255, 4345, 2195, 3045, 295, 2246, 
    12476, 10106, 5076, 3686, 206, 31377, 17947, 8997, 23058, 11548, 5798, 1498,
    788, 12819, 6429, 3239, 859, 469 ]),

    PCGroup(\[ 10, 2, 2, 2, 2, 2, 2, 2, 2, 2, 2, 132, 5062, 93, 3393, 20004, 
    4424, 2234, 144, 1945, 995, 42566, 11506, 5776, 2566, 1876, 206, 667, 357, 
    4527, 2928, 788, 1649, 469 ]),

    PCGroup(\[ 10, 2, 2, 2, 2, 2, 2, 2, 2, 2, 2, 2560, 521, 432, 1942, 39363, 
    333, 8343, 193, 41604, 214, 12324, 144, 7685, 1945, 1126, 7576, 166, 2836, 
    2566, 1876, 206, 2567, 667, 8997, 4527, 5798, 2928, 788, 3239, 1649, 469 ]),

    PCGroup(\[ 10, 2, 2, 2, 2, 2, 2, 2, 2, 2, 2, 14522, 13272, 6022, 40003, 
    13293, 4903, 3553, 26404, 22814, 10224, 3434, 1935, 11545, 155, 1136, 11226,
    8016, 2566, 51207, 30737, 1307, 3397, 1657, 69128, 28818, 12268, 9218, 1148 
    ]),

    PCGroup(\[ 10, 2, 2, 2, 2, 2, 2, 2, 2, 2, 2, 5641, 5851, 643, 9613, 9383, 
    1313, 404, 13614, 11824, 844, 28805, 495, 9625, 4115, 535, 8966, 14856, 
    17386, 2566, 346, 5127, 17297, 10907, 6437, 237 ]),

    PCGroup(\[ 10, 2, 2, 2, 2, 2, 2, 2, 2, 2, 2, 5200, 7401, 15482, 5592, 82, 
    9773, 5604, 5214, 6824, 3334, 34565, 7695, 265, 4115, 2246, 4496, 10946, 
    5076, 20487, 2577, 16987, 1657, 11528, 1458, 16228, 4368, 1148 ]),

    PCGroup(\[ 10, 2, 2, 2, 2, 2, 2, 2, 2, 2, 2, 10281, 7931, 24122, 14592, 202,
    32323, 15213, 183, 3233, 40804, 15214, 124, 2044, 16335, 24646, 28576, 8286,
    2836, 2566, 1876, 206, 25617, 17947, 8997, 4527, 11548, 5798, 2928, 788, 
    6429, 3239, 1649, 469 ]),

    PCGroup(\[ 10, 2, 2, 2, 2, 2, 2, 2, 2, 2, 2, 14121, 2571, 11592, 28483, 
    18733, 2183, 3393, 19614, 1234, 33605, 24015, 4835, 44806, 11216, 14586, 
    7176, 3686, 756, 46087, 15377, 17947, 357, 4527, 1657 ]),

    PCGroup(\[ 10, 2, 2, 2, 2, 2, 2, 2, 2, 2, 2, 19881, 9931, 6842, 6552, 82, 
    12004, 814, 4724, 1144, 3845, 495, 6385, 2085, 295, 2246, 8416, 8006, 2566, 
    206, 14097, 17947, 4527, 11548, 2928, 1498, 788, 6429, 1649, 859, 469 ]),

    PCGroup(\[ 10, 2, 2, 2, 2, 2, 2, 2, 2, 2, 2, 3881, 91, 5882, 82, 18883, 
    2593, 17614, 8824, 4934, 33605, 19215, 13465, 4115, 8966, 10656, 866, 2836, 
    3686, 756, 5127, 1297, 5787, 6437, 4527, 1657 ]),

    PCGroup(\[ 10, 2, 2, 2, 2, 2, 2, 2, 2, 2, 2, 960, 11401, 2731, 912, 142, 
    6083, 16653, 4903, 2513, 3845, 12255, 6505, 2195, 295, 2246, 296, 12626, 
    5076, 206, 19857, 17947, 8997, 46088, 11548, 5798, 1498, 788, 25609, 6429, 
    3239, 859, 469 ]),

    PCGroup(\[ 10, 2, 2, 2, 2, 2, 2, 2, 2, 2, 2, 4411, 28922, 14112, 5453, 183, 
    214, 124, 59525, 3855, 9745, 2195, 62726, 34736, 13186, 1446, 1316, 66567, 
    32017, 11227, 1967, 1657 ]),

    PCGroup(\[ 10, 2, 2, 2, 2, 2, 2, 2, 2, 2, 2, 160, 9481, 891, 11162, 6912, 
    2662, 30403, 1613, 9063, 3713, 2814, 50885, 15135, 985, 2195, 2085, 1255, 
    57126, 31096, 586, 2836, 2566, 1316, 206, 51207, 29457, 12827, 6437, 69128, 
    34578, 17308, 8678, 2218, 1148 ]),

    PCGroup(\[ 10, 2, 2, 2, 2, 2, 2, 2, 2, 2, 2, 8880, 14441, 3931, 7802, 2832, 
    3862, 18243, 4653, 1303, 14404, 814, 3424, 965, 495, 4345, 2195, 8966, 
    31936, 12486, 5076, 1446, 66567, 34577, 187, 1017, 867 ]),

    PCGroup(\[ 10, 2, 2, 2, 2, 2, 2, 2, 2, 2, 2, 160, 14281, 2251, 18362, 14592,
    4702, 19523, 10893, 9063, 2513, 21614, 3845, 255, 12745, 6035, 2085, 1255, 
    38086, 26056, 5346, 2836, 2566, 1316, 206, 51207, 40337, 12827, 6437, 69128,
    17308, 8678, 2218, 1148 ]),

    PCGroup(\[ 10, 2, 2, 2, 2, 2, 2, 2, 2, 2, 2, 17881, 17882, 132, 4462, 24003,
    93, 3943, 113, 48804, 14814, 12224, 48005, 12495, 985, 3875, 1605, 8966, 
    7306, 316, 2286, 5127, 10257, 16027, 3557, 1327, 46088, 5778, 7948, 9038, 
    768, 25609, 829, 5239, 449 ]),

    PCGroup(\[ 10, 2, 2, 2, 2, 2, 2, 2, 2, 2, 2, 1920, 13481, 1931, 19802, 3072,
    82, 30403, 23204, 22014, 11824, 6234, 2444, 28805, 1935, 1945, 7355, 1495, 
    8966, 1136, 306, 8296, 2566, 1316, 346, 5127, 39697, 19547, 8837, 3247, 
    1657, 237, 34578, 17308 ]),

    PCGroup(\[ 10, 2, 2, 2, 2, 2, 2, 2, 2, 2, 2, 4921, 8851, 19523, 9853, 3783, 
    3313, 20004, 10414, 1624, 4034, 3845, 7695, 6745, 4115, 2085, 2246, 576, 
    7306, 5076, 2566, 20487, 2577, 347, 5317, 1657, 867, 11528, 20178, 9028, 
    10298, 2218, 1148 ]),

    PCGroup(\[ 10, 2, 2, 2, 2, 2, 2, 2, 2, 2, 2, 7161, 8531, 5352, 27203, 3453, 
    7143, 833, 39204, 24814, 8624, 3334, 3044, 7685, 12975, 985, 4355, 2085, 
    535, 33606, 27456, 586, 4796, 2566, 346, 2567, 657, 9627, 9957, 3247, 237, 
    43218 ]),

    PCGroup(\[ 10, 2, 2, 2, 2, 2, 2, 2, 2, 2, 2, 11961, 4651, 7032, 15683, 
    18173, 4743, 4513, 6414, 824, 734, 6735, 1705, 515, 4496, 306, 316, 20487, 
    2577, 5147, 3557, 3247, 1657, 867, 11528, 738, 2908, 2558, 4368, 2218, 1148 
    ]),

    PCGroup(\[ 10, 2, 2, 2, 2, 2, 2, 2, 2, 2, 2, 16761, 5131, 23363, 10493, 
    3303, 353, 29604, 25214, 7424, 234, 244, 36485, 26895, 9145, 155, 175, 8976,
    24337, 17947, 10117, 3247, 1657, 237, 2898 ]),

    PCGroup(\[ 10, 2, 2, 2, 2, 2, 2, 2, 2, 2, 2, 5881, 1891, 12072, 8003, 16333,
    10023, 3553, 10404, 214, 12624, 6334, 944, 17295, 11545, 2925, 8966, 1136, 
    2266, 1156, 1316, 5127, 30737, 1307, 677, 1657, 5778, 12268, 3108, 1148, 618
    ]),

    PCGroup(\[ 10, 2, 2, 2, 2, 2, 2, 2, 2, 2, 2, 14841, 7411, 4392, 18243, 9853,
    2983, 3713, 3214, 3024, 1934, 144, 7695, 8966, 576, 2266, 3676, 2566, 346, 
    5127, 9617, 1307, 3557, 3247, 237, 1458 ]),

    PCGroup(\[ 10, 2, 2, 2, 2, 2, 2, 2, 2, 2, 2, 15481, 8931, 13992, 31043, 
    18893, 9383, 39204, 214, 11824, 7695, 1945, 1715, 885, 24656, 3946, 1156, 
    606, 20497, 667, 677, 367, 46088, 5778, 11548, 5078, 2568, 25609, 1619, 
    6429, 8839, 4449 ]),

    PCGroup(\[ 10, 2, 2, 2, 2, 2, 2, 2, 2, 2, 2, 23222, 7752, 5662, 12483, 
    10413, 5703, 49604, 814, 5424, 3034, 2444, 58565, 495, 1945, 3515, 1495, 
    8966, 12896, 17386, 8296, 2566, 1316, 346, 5127, 17297, 667, 8837, 3247, 
    1657, 237, 17308 ]),

    PCGroup(\[ 10, 2, 2, 2, 2, 2, 2, 2, 2, 2, 2, 2041, 4691, 19523, 7853, 4743, 
    2593, 5604, 8814, 424, 3934, 3845, 3855, 265, 4355, 2246, 7856, 1986, 4796, 
    20487, 657, 7067, 7397, 3247, 1657, 867, 11528, 2898, 5068, 9758, 4368, 
    2218, 1148 ]),

    PCGroup(\[ 10, 2, 2, 2, 2, 2, 2, 2, 2, 2, 2, 21302, 5302, 18243, 5933, 7143,
    4033, 36004, 6014, 11224, 1334, 144, 3865, 58246, 4496, 12626, 3396, 2566, 
    346, 71687, 2577, 11227, 3237, 3247, 237, 748 ]),

    PCGroup(\[ 10, 2, 2, 2, 2, 2, 2, 2, 2, 2, 2, 17881, 9451, 11642, 132, 4163, 
    93, 9863, 5604, 3214, 6824, 3845, 10575, 7945, 2246, 8976, 10946, 20487, 
    657, 8677, 3247, 1657, 867, 11528, 2898, 8318, 4368, 2218, 1148 ]),

    PCGroup(\[ 10, 2, 2, 2, 2, 2, 2, 2, 2, 2, 2, 19241, 1451, 13562, 3972, 1942,
    18243, 93, 8103, 193, 23204, 14414, 624, 144, 7695, 8966, 576, 2836, 2566, 
    346, 5127, 18577, 3877, 3247, 237, 1458 ]),

    PCGroup(\[ 10, 2, 2, 2, 2, 2, 2, 2, 2, 2, 2, 3840, 17961, 18902, 7632, 1462,
    15683, 20013, 4023, 45604, 124, 6334, 11545, 515, 11226, 316, 20487, 10257, 
    1307, 1327, 1657, 867, 11528, 5778, 748, 768, 2218, 1148 ]),

    PCGroup(\[ 10, 2, 2, 2, 2, 2, 2, 2, 2, 2, 2, 7040, 17641, 4011, 11172, 1942,
    29763, 93, 8103, 193, 37604, 14414, 12224, 144, 7695, 8966, 576, 8156, 2566,
    346, 5127, 9617, 8677, 3247, 237, 1458 ]),

    PCGroup(\[ 10, 2, 2, 2, 2, 2, 2, 2, 2, 2, 2, 1931, 6552, 13123, 3373, 2503, 
    1233, 16804, 13614, 4224, 3634, 21125, 495, 12985, 4835, 17926, 4496, 13466,
    176, 2566, 35847, 2577, 8987, 357, 1657, 5768, 20178, 12988, 3818, 4368 ]),

    PCGroup(\[ 10, 2, 2, 2, 2, 2, 2, 2, 2, 2, 2, 5131, 11402, 643, 5773, 3233, 
    404, 8014, 9824, 2044, 3845, 7935, 4115, 1125, 295, 2246, 9536, 14586, 2836,
    2566, 206, 25617 ]),

    PCGroup(\[ 10, 2, 2, 2, 2, 2, 2, 2, 2, 2, 2, 6600, 1961, 51, 7322, 3862, 
    15213, 5223, 46404, 1614, 11424, 3334, 965, 7695, 6265, 4115, 8966, 31936, 
    16826, 2566, 35847, 1297, 5147, 1657, 5768, 18738, 2908, 2218 ]),

    PCGroup(\[ 10, 2, 2, 2, 2, 2, 2, 2, 2, 2, 2, 9641, 6131, 7082, 11232, 19853,
    7783, 1204, 814, 9824, 2044, 49925, 495, 6035, 1125, 295, 56006, 856, 14586,
    7316, 2566, 206, 25617 ]),

    PCGroup(\[ 10, 2, 2, 2, 2, 2, 2, 2, 2, 2, 2, 10080, 5801, 22682, 12312, 
    5782, 32323, 1133, 5703, 2833, 14404, 424, 1734, 965, 265, 2195, 44806, 
    21296, 2266, 876, 1446, 25607, 36497, 1307, 4037, 1017, 867 ]),

    PCGroup(\[ 10, 2, 2, 2, 2, 2, 2, 2, 2, 2, 2, 7680, 10121, 23402, 7632, 82, 
    3213, 23204, 1614, 9124, 2244, 28805, 23775, 9625, 4115, 2085, 535, 44806, 
    576, 8426, 5076, 346, 46087, 18577, 667, 6437, 237, 31698 ]),

    PCGroup(\[ 10, 2, 2, 2, 2, 2, 2, 2, 2, 2, 2, 5160, 51, 3862, 24643, 5613, 
    1223, 3153, 43204, 2414, 9824, 4934, 54725, 12015, 12025, 515, 3045, 62726, 
    22416, 7036, 3686, 66567, 23057, 1477, 1017, 867 ]),

    PCGroup(\[ 10, 2, 2, 2, 2, 2, 2, 2, 2, 2, 2, 20, 18842, 4392, 82, 28163, 
    43204, 7614, 724, 144, 15365, 36966, 12336, 2266, 5076, 346, 4487, 16657, 
    11547, 6437, 3247, 237, 2888 ]),

    PCGroup(\[ 10, 2, 2, 2, 2, 2, 2, 2, 2, 2, 2, 7961, 242, 11352, 163, 15213, 
    814, 9624, 4034, 24965, 495, 6745, 515, 4496, 7306, 316, 1316, 20487, 2577, 
    18267, 5317, 3247, 11528, 20178, 11908, 10298, 4368 ]),

    PCGroup(\[ 10, 2, 2, 2, 2, 2, 2, 2, 2, 2, 2, 9961, 8731, 11762, 5052, 502, 
    15523, 7053, 353, 33604, 24114, 6624, 934, 1044, 39365, 9855, 2425, 4115, 
    655, 11216, 3686, 1876, 35857, 17947, 8997, 4527, 2297, 23058, 11548, 5798, 
    2928, 1498, 12819, 6429, 3239, 1649, 859 ]),

    PCGroup(\[ 10, 2, 2, 2, 2, 2, 2, 2, 2, 2, 2, 10080, 15961, 10211, 7922, 612,
    163, 10653, 5223, 14404, 7214, 1734, 965, 8175, 4345, 8966, 14576, 756, 
    66567, 33937, 1967, 867 ]),

    PCGroup(\[ 10, 2, 2, 2, 2, 2, 2, 2, 2, 2, 2, 15081, 9251, 11292, 483, 3213, 
    4833, 33604, 314, 8224, 934, 244, 39365, 255, 10105, 4115, 175, 33616, 7316,
    35857, 8997, 4527, 2297, 23058, 5798, 2928, 1498, 12819, 3239, 1649, 859 ]),

    PCGroup(\[ 10, 2, 2, 2, 2, 2, 2, 2, 2, 2, 2, 20201, 10091, 242, 13812, 163, 
    2013, 5223, 1604, 1614, 9824, 965, 26895, 6035, 2085, 8966, 27456, 1446, 
    5127, 1297, 1017, 867 ]),

    PCGroup(\[ 10, 2, 2, 2, 2, 2, 2, 2, 2, 2, 2, 5161, 242, 12012, 2422, 163, 
    333, 1633, 1604, 214, 6624, 934, 244, 965, 23175, 2425, 4115, 175, 11216, 
    14586, 7316, 17947, 8997, 4527, 2297, 11548, 5798, 2928, 1498, 6429, 3239, 
    1649, 859 ]),

    PCGroup(\[ 10, 2, 2, 2, 2, 2, 2, 2, 2, 2, 2, 10091, 11952, 5602, 37443, 
    10413, 6023, 28004, 21214, 4224, 434, 11535, 5785, 4115, 42566, 26896, 4506,
    176, 61447, 3857, 11227, 7237, 3247, 1657, 867, 57608, 2898, 11908, 3818, 
    2218 ]),

    PCGroup(\[ 10, 2, 2, 2, 2, 2, 2, 2, 2, 2, 2, 17721, 2571, 13212, 15843, 
    16013, 993, 1604, 19514, 8224, 934, 244, 965, 255, 10105, 4115, 175, 6736, 
    7316, 8997, 4527, 2297, 5798, 2928, 1498, 3239, 1649, 859 ]),

    PCGroup(\[ 10, 2, 2, 2, 2, 2, 2, 2, 2, 2, 2, 19801, 242, 11352, 142, 163, 
    15213, 113, 12414, 48005, 1935, 985, 4595, 3045, 8966, 1136, 14026, 2276, 
    2986, 5127, 10257, 10267, 357, 3087, 46088, 5778, 2908, 7598, 2928, 25609, 
    30419, 15229, 839, 1649 ]),

    PCGroup(\[ 10, 2, 2, 2, 2, 2, 2, 2, 2, 2, 2, 10080, 9561, 22322, 8232, 1582,
    163, 12973, 9383, 113, 10404, 8224, 53765, 3855, 6265, 5315, 2565, 35846, 
    7856, 14586, 316, 3126, 5127, 1297, 5147, 6117, 2607, 2888, 18738, 11548, 
    3998, 5088, 70409, 33619, 22429, 2839, 849 ]),

    PCGroup(\[ 10, 2, 2, 2, 2, 2, 2, 2, 2, 2, 2, 22682, 132, 1582, 30403, 93, 
    2023, 113, 39204, 5214, 2944, 6735, 6745, 1955, 525, 4496, 8986, 6196, 1026,
    2577, 14107, 5157, 207, 46088, 1468, 1478, 2928, 25609, 5629, 439, 1649 ]),

    PCGroup(\[ 10, 2, 2, 2, 2, 2, 2, 2, 2, 2, 2, 3760, 18321, 91, 62, 3912, 142,
    31363, 7783, 404, 19614, 19205, 16335, 10345, 6035, 1255, 2246, 7016, 5626, 
    3686, 1316, 206, 51207, 17947, 2297, 46088, 23058, 11548, 1498, 788, 25609, 
    12819, 6429, 859, 469 ]),

    PCGroup(\[ 10, 2, 2, 2, 2, 2, 2, 2, 2, 2, 2, 81, 5051, 62, 3802, 6093, 2743,
    4033, 2404, 20214, 124, 1734, 144, 24015, 12025, 6726, 23536, 6746, 5356, 
    1586, 346, 3857, 1307, 6757, 2127, 867, 237 ]),

    PCGroup(\[ 10, 2, 2, 2, 2, 2, 2, 2, 2, 2, 2, 121, 51, 333, 663, 673, 1604, 
    1614, 424, 3334, 1244, 965, 255, 265, 4115, 775, 1136, 166, 2566, 1316, 206,
    15377, 4527, 2297, 5798, 2928, 1498, 788, 3239, 1649, 859, 469 ]),

    PCGroup(\[ 10, 2, 2, 2, 2, 2, 2, 2, 2, 2, 2, 15062, 11952, 3802, 10563, 
    5293, 5303, 3873, 14814, 124, 3334, 1844, 2895, 9625, 4115, 2085, 175, 4506,
    30727, 15377, 667, 6437, 3247, 1657, 237, 1468 ]),

    PCGroup(\[ 10, 2, 2, 2, 2, 2, 2, 2, 2, 2, 2, 6201, 51, 6842, 2842, 10893, 
    2743, 1953, 14414, 3324, 1244, 3845, 495, 8665, 4115, 2085, 295, 2246, 296, 
    9546, 5076, 2566, 206, 15377, 17947, 8997, 4527, 23058, 5798, 2928, 1498, 
    788, 12819, 3239, 1649, 859, 469 ]),

    PCGroup(\[ 10, 2, 2, 2, 2, 2, 2, 2, 2, 2, 2, 15401, 643, 8013, 404, 8214, 
    48005, 6735, 7475, 4496, 2276, 2286, 2577, 5157, 1327, 46088, 758, 768, 
    25609, 1639, 449 ]),

    PCGroup(\[ 10, 2, 2, 2, 2, 2, 2, 2, 2, 2, 2, 9001, 2571, 842, 13392, 4042, 
    18243, 5303, 4833, 23204, 11614, 124, 3334, 1444, 14415, 985, 4115, 1845, 
    535, 8966, 17386, 5636, 2566, 1316, 346, 5127, 667, 5797, 3247, 1657, 237 
    ]),

    PCGroup(\[ 10, 2, 2, 2, 2, 2, 2, 2, 2, 2, 2, 20803, 10413, 5223, 1604, 
    20014, 3424, 2234, 1844, 965, 23535, 4345, 635, 2085, 175, 40326, 20176, 
    14586, 3956, 3686, 206, 2928, 1498, 1649, 859 ]),

    PCGroup(\[ 10, 2, 2, 2, 2, 2, 2, 2, 2, 2, 2, 1931, 12132, 142, 93, 5223, 
    193, 814, 495, 22416, 10106, 3116, 346, 2577, 8027, 6437, 867, 237 ]),

    PCGroup(\[ 10, 2, 2, 2, 2, 2, 2, 2, 2, 2, 2, 6742, 5223, 39204, 424, 4634, 
    1444, 48005, 265, 635, 2085, 175, 7866, 5076, 3686, 206, 2928, 1498, 1649, 
    859 ]),

    PCGroup(\[ 10, 2, 2, 2, 2, 2, 2, 2, 2, 2, 2, 13214, 6224, 1935, 8185, 525, 
    1136, 10106, 1166, 10257, 207, 867, 5778, 408, 2218 ]),

    PCGroup(\[ 10, 2, 2, 2, 2, 2, 2, 2, 2, 2, 2, 20803, 4973, 1604, 13214, 834, 
    844, 965, 16335, 515, 535, 8966, 316, 2566, 346, 5127, 197, 1657, 237 ]),

    PCGroup(\[ 10, 2, 2, 2, 2, 2, 2, 2, 2, 2, 2, 160, 26522, 1582, 31043, 3783, 
    3953, 8824, 2885, 1945, 6155, 62726, 5346, 1156, 3686, 756, 5127, 16027, 
    8357, 4527, 1657 ]),

    PCGroup(\[ 10, 2, 2, 2, 2, 2, 2, 2, 2, 2, 2, 80, 9321, 8731, 23162, 8592, 
    5842, 7053, 7604, 1614, 11524, 444, 49925, 19935, 12505, 6035, 1125, 295, 
    2246, 27456, 586, 7316, 2566, 206 ]),

    PCGroup(\[ 10, 2, 2, 2, 2, 2, 2, 2, 2, 2, 2, 9280, 2601, 5451, 21722, 11352,
    5782, 36163, 11053, 2503, 193, 26404, 16414, 4024, 2534, 1344, 58246, 25776,
    13746, 4236, 1446, 206, 51207, 18587, 6437, 3247, 69128, 34578, 8678, 4368, 
    1148 ]),

    PCGroup(\[ 10, 2, 2, 2, 2, 2, 2, 2, 2, 2, 2, 28004, 2624, 3534, 144, 12025, 
    40326, 14586, 5076, 1726, 1876, 906, 71687, 17947, 8997, 367, 1017, 867, 
    237, 4368 ]),

    PCGroup(\[ 10, 2, 2, 2, 2, 2, 2, 2, 2, 2, 2, 10281, 9283, 10413, 1863, 3073,
    37604, 424, 4734, 444, 3845, 265, 3395, 3525, 535, 2246, 13186, 8156, 2006, 
    906, 51207, 5147, 6437, 1657, 867, 397, 69128, 2908, 4368, 268 ]),

    PCGroup(\[ 10, 2, 2, 2, 2, 2, 2, 2, 2, 2, 2, 5832, 2902, 40643, 5303, 2273, 
    1604, 13214, 124, 2534, 1844, 965, 16335, 15265, 3155, 2085, 175, 40326, 
    16826, 5076, 20487, 25617, 2597, 1327, 1977, 867, 397, 11528, 34578, 7238, 
    3648, 418, 1148, 268 ]),

    PCGroup(\[ 10, 2, 2, 2, 2, 2, 2, 2, 2, 2, 2, 25082, 3862, 333, 503, 4673, 
    214, 11724, 5734, 144, 27855, 6265, 6515, 1015, 33616, 7866, 1166, 626, 
    10257, 15387, 9637, 397, 5778, 14428, 408, 268 ]),

    PCGroup(\[ 10, 2, 2, 2, 2, 2, 2, 2, 2, 2, 2, 5120, 5131, 11402, 132, 6502, 
    643, 93, 2023, 2753, 404, 9514, 10624, 144, 32645, 10575, 6265, 1015, 67206,
    4496, 7866, 626, 20487, 2577, 7717, 3887, 397, 11528, 43218, 7238, 3648, 268
    ]),

    PCGroup(\[ 10, 2, 2, 2, 2, 2, 2, 2, 2, 2, 2, 4480, 15401, 4491, 242, 9252, 
    2062, 163, 18653, 2023, 113, 13604, 11614, 6624, 3044, 48005, 24015, 1945, 
    2435, 885, 1495, 8966, 22416, 5066, 8716, 3966, 1316, 346, 5127, 23057, 
    4507, 5477, 4207, 1657, 237, 17308, 8678 ]),

    PCGroup(\[ 10, 2, 2, 2, 2, 2, 2, 2, 2, 2, 2, 320, 681, 331, 14042, 3672, 
    5422, 813, 5063, 193, 45604, 16414, 9224, 5734, 2944, 69446, 7856, 2546, 
    8716, 1446, 206, 51207, 8347, 6437, 3247, 69128, 34578, 17308, 8678, 4368, 
    1148 ]),

    PCGroup(\[ 10, 2, 2, 2, 2, 2, 2, 2, 2, 2, 2, 13481, 2891, 4752, 202, 4163, 
    10413, 6903, 193, 34404, 4414, 124, 734, 2044, 28805, 8665, 1845, 1495, 
    8966, 22416, 17386, 1156, 2566, 1316, 346, 5127, 2577, 10907, 5797, 1657, 
    237, 17308 ]),

    PCGroup(\[ 10, 2, 2, 2, 2, 2, 2, 2, 2, 2, 2, 20, 28922, 29283, 3373, 1063, 
    113, 21604, 11614, 12224, 2244, 7685, 14415, 14905, 6755, 1845, 1495, 2246, 
    4496, 11226, 7036, 2846, 1316, 346, 38407, 2577, 11547, 2277, 2927, 1657, 
    237, 69128, 8678 ]),

    PCGroup(\[ 10, 2, 2, 2, 2, 2, 2, 2, 2, 2, 2, 2691, 9252, 6862, 93, 6823, 
    1553, 8624, 734, 3855, 12505, 6275, 1845, 1495, 1136, 12906, 1996, 606, 
    1316, 346, 19217, 5787, 8037, 367, 1657, 237, 34578, 17308, 8678 ]),

    PCGroup(\[ 10, 2, 2, 2, 2, 2, 2, 2, 2, 2, 2, 20, 13562, 28003, 12333, 6823, 
    113, 21604, 24414, 5824, 2244, 34565, 29775, 7225, 2915, 1845, 1495, 33606, 
    22416, 2266, 2556, 2846, 1316, 346, 2567, 23057, 1307, 7397, 2927, 1657, 
    237, 69128, 8678 ]),

    PCGroup(\[ 10, 2, 2, 2, 2, 2, 2, 2, 2, 2, 2, 333, 214, 1935, 995, 525, 1136,
    2276, 1166, 10257, 357, 207, 867, 5778, 758, 408, 2218 ]),

    PCGroup(\[ 10, 2, 2, 2, 2, 2, 2, 2, 2, 2, 2, 242, 163, 1604, 1624, 834, 844,
    965, 985, 515, 535, 8966, 586, 316, 2566, 346, 5127, 347, 197, 1657, 237 ]),

    PCGroup(\[ 10, 2, 2, 2, 2, 2, 2, 2, 2, 2, 2, 1280, 4521, 971, 5402, 5112, 
    4653, 1863, 673, 26404, 18814, 424, 3334, 2044, 17285, 9615, 265, 2195, 
    3045, 775, 58246, 28016, 13186, 7316, 1446, 486, 17947, 1657, 867, 69128, 
    34578, 8678, 4368, 2218, 1148 ]),

    PCGroup(\[ 10, 2, 2, 2, 2, 2, 2, 2, 2, 2, 2, 160, 4121, 3811, 21722, 11652, 
    7222, 31043, 93, 4743, 3953, 4814, 9824, 2885, 24975, 4585, 6155, 44806, 
    1136, 15706, 3396, 3686, 756, 25607, 1937, 16667, 5797, 4527, 1657 ]),

    PCGroup(\[ 10, 2, 2, 2, 2, 2, 2, 2, 2, 2, 2, 80, 17001, 4891, 23162, 14352, 
    5842, 12173, 7604, 20814, 11524, 444, 3845, 19935, 985, 6035, 1125, 295, 
    56006, 576, 14026, 7316, 2566, 206 ]),

    PCGroup(\[ 10, 2, 2, 2, 2, 2, 2, 2, 2, 2, 2, 780, 10321, 331, 62, 13752, 
    262, 19203, 6253, 583, 113, 32004, 13214, 21846, 7856, 17386, 2836, 2566, 
    206, 42247, 12827, 6437, 34578, 17308, 8678, 1148 ]),

    PCGroup(\[ 10, 2, 2, 2, 2, 2, 2, 2, 2, 2, 2, 8011, 12672, 262, 9613, 583, 
    113, 16014, 10936, 17386, 2836, 2566, 206, 21137, 12827, 6437, 17308, 8678, 
    1148 ]),

    PCGroup(\[ 10, 2, 2, 2, 2, 2, 2, 2, 2, 2, 2, 5251, 9012, 262, 11933, 5223, 
    2753, 12014, 11424, 2534, 2944, 22976, 17386, 4236, 1446, 206, 16657, 12827,
    6437, 3247, 17308, 8678, 4368, 1148 ]),

    PCGroup(\[ 10, 2, 2, 2, 2, 2, 2, 2, 2, 2, 2, 14042, 10392, 5782, 31043, 
    4013, 6183, 113, 19614, 5624, 48005, 16335, 12505, 395, 14026, 7876, 3686, 
    756, 11227, 677, 4527, 1657 ]),

    PCGroup(\[ 10, 2, 2, 2, 2, 2, 2, 2, 2, 2, 2, 7241, 7691, 27242, 5232, 82, 
    1933, 46004, 814, 1924, 444, 3845, 495, 4825, 6035, 1125, 295, 2246, 5336, 
    9546, 7316, 2566, 206 ]),

    PCGroup(\[ 10, 2, 2, 2, 2, 2, 2, 2, 2, 2, 2, 10281, 331, 8762, 13272, 3862, 
    20803, 1223, 193, 26404, 22814, 6024, 5734, 2944, 34736, 2546, 4236, 1446, 
    206, 25617, 8347, 6437, 3247, 34578, 8678, 4368, 1148 ]),

    PCGroup(\[ 10, 2, 2, 2, 2, 2, 2, 2, 2, 2, 2, 17773, 5223, 18014, 424, 434, 
    22095, 265, 1955, 4496, 4506, 176, 1316, 2577, 8987, 2117, 1657, 20178, 
    1468, 398, 4368 ]),

    PCGroup(\[ 10, 2, 2, 2, 2, 2, 2, 2, 2, 2, 2, 3912, 3862, 29763, 9453, 7863, 
    3233, 12004, 1614, 124, 1734, 444, 3845, 7215, 2785, 2195, 295, 2246, 576, 
    12766, 5076, 206, 12827, 8997, 5798, 2928, 1498, 788, 3239, 1649, 859, 469 
    ]),

    PCGroup(\[ 10, 2, 2, 2, 2, 2, 2, 2, 2, 2, 2, 31043, 7783, 3793, 1604, 13614,
    424, 2034, 965, 15855, 265, 2915, 8966, 22416, 2266, 4656, 2566, 756, 5127, 
    23057, 1307, 5477, 1967, 1657 ]),

    PCGroup(\[ 10, 2, 2, 2, 2, 2, 2, 2, 2, 2, 2, 14042, 11592, 1582, 8643, 9773,
    343, 2993, 41604, 20014, 9324, 3334, 444, 60485, 23535, 145, 2195, 295, 
    54886, 35296, 12206, 5076, 206, 11867, 8997, 5798, 2928, 1498, 788, 3239, 
    1649, 859, 469 ]),

    PCGroup(\[ 10, 2, 2, 2, 2, 2, 2, 2, 2, 2, 2, 6960, 15881, 22442, 1512, 6082,
    27523, 15693, 5463, 34004, 19414, 7224, 13445, 24975, 11665, 2195, 2085, 
    62726, 28016, 306, 5076, 1446, 5127, 39697, 18747, 3877, 3247 ]),

    PCGroup(\[ 10, 2, 2, 2, 2, 2, 2, 2, 2, 2, 2, 10202, 11592, 622, 40003, 7853,
    183, 3633, 12004, 20814, 124, 1734, 444, 3845, 30255, 9265, 4115, 295, 2246,
    27456, 11366, 5076, 206, 14427, 8997, 5798, 2928, 1498, 788, 3239, 1649, 
    859, 469 ]),

    PCGroup(\[ 10, 2, 2, 2, 2, 2, 2, 2, 2, 2, 2, 15213, 2503, 16804, 814, 434, 
    21125, 495, 995, 17926, 22416, 10106, 176, 1316, 35847, 23057, 12827, 357, 
    3247, 5768, 43218, 17308, 3818, 2218 ]),

    PCGroup(\[ 10, 2, 2, 2, 2, 2, 2, 2, 2, 2, 2, 3312, 16963, 333, 1303, 1313, 
    21604, 214, 7224, 844, 7685, 14415, 6385, 2085, 535, 33606, 4496, 9266, 
    5076, 346, 2567, 2577, 187, 3247, 237 ]),

    PCGroup(\[ 10, 2, 2, 2, 2, 2, 2, 2, 2, 2, 2, 2832, 1942, 8003, 333, 1303, 
    10404, 214, 10024, 13445, 3855, 11785, 4115, 1125, 8966, 7856, 3526, 2836, 
    2566, 5127, 1297, 187, 3877, 3247 ]),

    PCGroup(\[ 10, 2, 2, 2, 2, 2, 2, 2, 2, 2, 2, 6571, 6072, 1942, 9283, 653, 
    1383, 113, 3214, 9824, 3845, 255, 12265, 4115, 3045, 295, 2246, 8136, 14866,
    5076, 3686, 206, 657, 17947, 8997, 5798, 1498, 788, 3239, 859, 469 ]),

    PCGroup(\[ 10, 2, 2, 2, 2, 2, 2, 2, 2, 2, 2, 2251, 7272, 1942, 20013, 2663, 
    1313, 12004, 814, 12024, 934, 1944, 3845, 495, 9865, 5315, 2085, 295, 2246, 
    8416, 10946, 5916, 2566, 206, 24337, 12187, 8997, 4527, 2928, 1498, 788, 
    1649, 859, 469 ]),

    PCGroup(\[ 10, 2, 2, 2, 2, 2, 2, 2, 2, 2, 2, 242, 7752, 142, 163, 10413, 
    113, 51845, 3865, 515, 1015, 67206, 12906, 316, 1316, 626, 20487, 18587, 
    8677, 1657, 397, 11528, 748, 8318, 2218, 268 ]),

    PCGroup(\[ 10, 2, 2, 2, 2, 2, 2, 2, 2, 2, 2, 521, 29882, 333, 10023, 214, 
    12624, 3845, 16335, 11545, 995, 2445, 2246, 2266, 2276, 3406, 1316, 20487, 
    1307, 357, 2767, 11528, 34578, 12268, 758, 3288, 618 ]),

    PCGroup(\[ 10, 2, 2, 2, 2, 2, 2, 2, 2, 2, 2, 640, 9481, 2571, 17642, 5472, 
    82, 4163, 2593, 40804, 8024, 3334, 844, 32645, 16335, 8665, 4115, 586, 5076,
    2566, 35847, 347, 6437, 3247, 1657, 237 ]),

    PCGroup(\[ 10, 2, 2, 2, 2, 2, 2, 2, 2, 2, 2, 3931, 14952, 382, 5293, 7783, 
    22214, 424, 4934, 1244, 24975, 265, 6035, 775, 1136, 11086, 1446, 1316, 206,
    15377, 17947, 4527, 2297, 11548, 2928, 1498, 788, 6429, 1649, 859, 469 ]),

    PCGroup(\[ 10, 2, 2, 2, 2, 2, 2, 2, 2, 2, 2, 9001, 7051, 7802, 13032, 1822, 
    30403, 4973, 2663, 2593, 1604, 814, 1624, 3334, 844, 965, 15855, 985, 535, 
    8966, 22416, 9546, 1316, 346, 5127, 23057, 10587, 6437, 3247, 237 ]),

    PCGroup(\[ 10, 2, 2, 2, 2, 2, 2, 2, 2, 2, 2, 15401, 6571, 7562, 9192, 82, 
    31043, 6893, 2593, 5214, 2824, 1734, 48005, 28335, 9625, 4115, 2085, 1495, 
    4496, 12066, 2836, 3686, 756, 906, 33297, 667, 6437, 4527, 1657, 557 ]),

    PCGroup(\[ 10, 2, 2, 2, 2, 2, 2, 2, 2, 2, 2, 6731, 16922, 15312, 82, 16963, 
    15533, 3393, 21604, 24414, 12424, 2734, 2444, 7685, 1935, 5545, 4835, 2085, 
    535, 33606, 1136, 306, 8716, 2566, 346, 2567, 19217, 19547, 5477, 3247, 237,
    17308 ]),

    PCGroup(\[ 10, 2, 2, 2, 2, 2, 2, 2, 2, 2, 2, 4000, 20441, 24962, 132, 142, 
    1283, 93, 113, 6404, 485, 1935, 8185, 2195, 3045, 295, 54046, 1136, 5626, 
    5076, 3686, 206, 1287, 17947, 8997, 11548, 5798, 1498, 788, 6429, 3239, 859,
    469 ]),

    PCGroup(\[ 10, 2, 2, 2, 2, 2, 2, 2, 2, 2, 2, 3851, 26762, 7632, 3862, 643, 
    1293, 2663, 673, 404, 814, 6624, 444, 3845, 495, 4345, 4115, 1125, 295, 
    2246, 296, 10106, 2836, 2566, 206 ]),

    PCGroup(\[ 10, 2, 2, 2, 2, 2, 2, 2, 2, 2, 2, 81, 2571, 62, 1942, 31043, 
    10093, 5063, 2513, 20014, 424, 5634, 1644, 48005, 23535, 265, 515, 2085, 
    1015, 58246, 31376, 2266, 7036, 1446, 626, 33297, 1307, 197, 1017, 867, 397 
    ]),

    PCGroup(\[ 10, 2, 2, 2, 2, 2, 2, 2, 2, 2, 2, 5782, 20333, 7783, 3793, 814, 
    1624, 1834, 2444, 495, 985, 3995, 1495, 4496, 586, 5636, 2566, 756, 906, 
    2577, 347, 3237, 1967, 1657, 557 ]),

    PCGroup(\[ 10, 2, 2, 2, 2, 2, 2, 2, 2, 2, 2, 8640, 10281, 6091, 242, 10692, 
    3022, 163, 18653, 6183, 753, 2814, 2224, 2934, 3845, 1935, 7225, 6755, 3165,
    1495, 2246, 1136, 11226, 1996, 3546, 906, 30727, 35857, 16027, 677, 1167, 
    1657, 867, 237, 17308, 8678 ]),

    PCGroup(\[ 10, 2, 2, 2, 2, 2, 2, 2, 2, 2, 2, 5280, 16521, 4011, 22202, 
    20803, 653, 7463, 113, 16014, 17285, 255, 4825, 2195, 2085, 1255, 22406, 
    35016, 5066, 2836, 2566, 1316, 206, 51207, 21137, 6437, 69128, 8678, 2218, 
    1148 ]),

    PCGroup(\[ 10, 2, 2, 2, 2, 2, 2, 2, 2, 2, 2, 15482, 742, 31043, 12333, 2663,
    4353, 10014, 424, 1734, 1544, 48005, 1935, 265, 4115, 1125, 295, 58246, 
    1136, 7026, 2836, 2566, 206, 9627, 8997, 4527, 2928, 1498, 788, 1649, 859, 
    469 ]),

    PCGroup(\[ 10, 2, 2, 2, 2, 2, 2, 2, 2, 2, 2, 583, 833, 8414, 424, 4834, 
    10575, 265, 995, 8976, 7866, 2976, 1316, 17937, 5147, 357, 3247, 2898, 2908,
    218, 2218 ]),

    PCGroup(\[ 10, 2, 2, 2, 2, 2, 2, 2, 2, 2, 2, 21002, 10512, 1102, 643, 18893,
    9943, 1313, 404, 23414, 1624, 844, 3845, 29775, 6505, 4115, 535, 2246, 
    22416, 7446, 2566, 346, 38407, 23057, 347, 6437, 237 ]),

    PCGroup(\[ 10, 2, 2, 2, 2, 2, 2, 2, 2, 2, 2, 4841, 2571, 14282, 15192, 3322,
    32963, 333, 6023, 40004, 214, 7224, 47045, 24735, 5785, 8966, 29976, 13746, 
    5076, 2566, 756, 5127, 6097, 16027, 3877, 1967, 1657 ]),

    PCGroup(\[ 10, 2, 2, 2, 2, 2, 2, 2, 2, 2, 2, 18362, 5352, 5422, 31363, 
    13133, 1623, 673, 38804, 16214, 12024, 444, 3845, 13455, 5905, 4115, 1125, 
    295, 2246, 14576, 7026, 2836, 2566, 206 ]),

    PCGroup(\[ 10, 2, 2, 2, 2, 2, 2, 2, 2, 2, 2, 15213, 5063, 1313, 814, 10024, 
    3634, 495, 11785, 6755, 4496, 15706, 4656, 2566, 1876, 2577, 16667, 8037, 
    4527, 1657 ]),

    PCGroup(\[ 10, 2, 2, 2, 2, 2, 2, 2, 2, 2, 2, 12681, 2571, 29882, 14712, 
    6382, 643, 5773, 2903, 673, 404, 1614, 4024, 444, 3845, 7935, 7825, 4115, 
    3045, 295, 2246, 576, 13746, 7316, 2566, 206 ]),

    PCGroup(\[ 10, 2, 2, 2, 2, 2, 2, 2, 2, 2, 2, 2782, 7623, 1873, 45604, 22814,
    6824, 3634, 55685, 27855, 265, 5795, 67206, 33616, 4506, 176, 1316, 61447, 
    30737, 19227, 4197, 3247, 57608, 28818, 12988, 398, 4368 ]),

    PCGroup(\[ 10, 2, 2, 2, 2, 2, 2, 2, 2, 2, 2, 10682, 6792, 82, 23683, 37204, 
    11614, 7224, 3334, 844, 7685, 14415, 4465, 2085, 535, 33606, 4496, 306, 
    5076, 346, 2567, 2577, 9307, 6437, 237 ]),

    PCGroup(\[ 10, 2, 2, 2, 2, 2, 2, 2, 2, 2, 2, 5443, 12653, 9063, 7204, 814, 
    5024, 5334, 1844, 9605, 495, 6265, 755, 2085, 175, 20176, 14586, 1716, 3686,
    206, 5798, 2928, 1498, 3239, 1649, 859 ]),

    PCGroup(\[ 10, 2, 2, 2, 2, 2, 2, 2, 2, 2, 2, 18842, 1992, 5002, 9923, 2733, 
    183, 2273, 1604, 3614, 124, 4934, 1844, 965, 4815, 7585, 4115, 2085, 175, 
    40326, 3386, 7316, 3686, 206, 11548, 5798, 2928, 1498, 6429, 3239, 1649, 859
    ]),

    PCGroup(\[ 10, 2, 2, 2, 2, 2, 2, 2, 2, 2, 2, 14472, 1942, 8003, 333, 1303, 
    10404, 214, 424, 13445, 3855, 265, 4115, 1125, 8966, 7856, 3526, 2836, 2566,
    5127, 1297, 187, 3877, 3247 ]),

    PCGroup(\[ 10, 2, 2, 2, 2, 2, 2, 2, 2, 2, 2, 4201, 491, 4992, 1942, 8643, 
    18093, 8023, 2193, 3204, 814, 4924, 3334, 444, 14405, 495, 145, 2195, 295, 
    1126, 8416, 6046, 5076, 206, 8667, 8997, 23058, 5798, 2928, 1498, 788, 
    12819, 3239, 1649, 859, 469 ]),

    PCGroup(\[ 10, 2, 2, 2, 2, 2, 2, 2, 2, 2, 2, 6602, 3312, 1642, 10103, 2433, 
    50404, 25214, 124, 3144, 3845, 1935, 8665, 4835, 525, 2246, 1136, 586, 6756,
    3406, 20487, 10257, 5147, 357, 2767, 1657, 11528, 5778, 2908, 758, 408, 1148
    ]),

    PCGroup(\[ 10, 2, 2, 2, 2, 2, 2, 2, 2, 2, 2, 29882, 132, 142, 40003, 93, 
    113, 3845, 17295, 11545, 5795, 2246, 19056, 2266, 1156, 20487, 10257, 1307, 
    677, 867, 11528, 5778, 12268, 6158, 2218 ]),

    PCGroup(\[ 10, 2, 2, 2, 2, 2, 2, 2, 2, 2, 2, 242, 163, 2424, 1234, 16815, 
    985, 515, 1015, 4496, 586, 316, 3686, 756, 626, 2577, 11227, 5637, 4527, 
    1657, 397 ]),

    PCGroup(\[ 10, 2, 2, 2, 2, 2, 2, 2, 2, 2, 2, 81, 5131, 62, 3862, 31043, 
    4013, 5223, 2593, 39204, 9214, 5424, 234, 3044, 48005, 1935, 1945, 155, 
    1855, 1136, 14026, 3256, 2566, 1316, 346, 32017, 667, 4357, 3247, 1657, 237,
    43218, 21628 ]),

    PCGroup(\[ 10, 2, 2, 2, 2, 2, 2, 2, 2, 2, 2, 10872, 11203, 17773, 9703, 913,
    24014, 1234, 18245, 3855, 8425, 4355, 1015, 8966, 10656, 2266, 316, 3686, 
    756, 626, 5127, 1297, 1307, 3077, 4527, 1657, 397 ]),

    PCGroup(\[ 10, 2, 2, 2, 2, 2, 2, 2, 2, 2, 2, 242, 132, 3862, 163, 93, 2593, 
    1604, 13614, 8024, 5934, 244, 965, 15855, 14185, 4835, 175, 4506, 2276, 
    25617, 10587, 5477, 3247, 1657, 237, 1468, 758 ]),

    PCGroup(\[ 10, 2, 2, 2, 2, 2, 2, 2, 2, 2, 2, 35523, 8813, 1604, 9224, 6034, 
    965, 10825, 995, 17926, 20176, 7866, 1996, 2566, 35847, 25617, 5147, 357, 
    3247, 5768, 34578, 2908, 8138, 2218 ]),

    PCGroup(\[ 10, 2, 2, 2, 2, 2, 2, 2, 2, 2, 2, 7802, 3912, 9923, 11053, 663, 
    1953, 43204, 1614, 3724, 1734, 444, 6985, 6035, 57126, 576, 166, 5076, 206, 
    7707, 8997, 5798, 2928, 788, 3239, 1649, 469 ]),

    PCGroup(\[ 10, 2, 2, 2, 2, 2, 2, 2, 2, 2, 2, 16963, 3373, 2593, 45604, 
    19614, 11424, 434, 995, 2085, 24646, 11216, 15146, 176, 1446, 357, 867 ]),

    PCGroup(\[ 10, 2, 2, 2, 2, 2, 2, 2, 2, 2, 2, 9001, 4971, 13562, 8352, 3862, 
    18243, 19053, 6103, 673, 23204, 12014, 12724, 4934, 244, 28805, 13935, 9745,
    2195, 175, 2266, 5076, 25617, 1307, 3247, 1657, 34578, 8678, 4368, 2218 ]),

    PCGroup(\[ 10, 2, 2, 2, 2, 2, 2, 2, 2, 2, 2, 15043, 17773, 26404, 814, 9224,
    6034, 32645, 495, 10825, 995, 8976, 7866, 1996, 2566, 17937, 5147, 357, 
    3247, 2898, 2908, 8138, 2218 ]),

    PCGroup(\[ 10, 2, 2, 2, 2, 2, 2, 2, 2, 2, 2, 12842, 7752, 9303, 26804, 
    11614, 824, 2444, 38405, 14415, 14785, 4115, 2085, 535, 69446, 4496, 306, 
    5076, 346, 43527, 2577, 9307, 6437, 237, 17308 ]),

    PCGroup(\[ 10, 2, 2, 2, 2, 2, 2, 2, 2, 2, 2, 20, 6362, 4152, 3862, 6723, 
    9453, 343, 39204, 4934, 53765, 22575, 145, 3045, 2246, 31376, 15286, 2836, 
    3686, 756, 39687, 33297, 3387, 6437, 4527, 1657, 46088, 25609 ]),

    PCGroup(\[ 10, 2, 2, 2, 2, 2, 2, 2, 2, 2, 2, 20, 1562, 3672, 3862, 26563, 
    6253, 183, 1313, 6404, 814, 124, 844, 3845, 495, 8545, 535, 1126, 4496, 
    10526, 5076, 2566, 756, 626, 2567, 2577, 8187, 3877, 1967, 1657, 397, 46088,
    25609 ]),

    PCGroup(\[ 10, 2, 2, 2, 2, 2, 2, 2, 2, 2, 2, 15002, 11592, 1822, 30403, 
    10183, 1233, 1604, 6814, 4024, 3434, 965, 8655, 13465, 2075, 26886, 11216, 
    9266, 7876, 2566, 756, 25607, 15377, 667, 677, 1967, 1657 ]),

    PCGroup(\[ 10, 2, 2, 2, 2, 2, 2, 2, 2, 2, 2, 7691, 11592, 4042, 333, 2663, 
    214, 3424, 32645, 1935, 12265, 2195, 775, 40326, 1136, 14726, 1446, 1316, 
    206, 15377 ]),

    PCGroup(\[ 10, 2, 2, 2, 2, 2, 2, 2, 2, 2, 2, 1562, 6612, 5062, 2243, 8733, 
    9543, 3953, 1604, 21614, 9624, 4834, 965, 25455, 9625, 4835, 67206, 4496, 
    5906, 7456, 1316, 61447, 2577, 10907, 357, 3247, 57608, 20178, 388, 5978, 
    2218 ]),

    PCGroup(\[ 10, 2, 2, 2, 2, 2, 2, 2, 2, 2, 2, 9242, 792, 1942, 39363, 8813, 
    8343, 1953, 3204, 814, 2724, 3334, 444, 14405, 495, 7345, 2195, 295, 1126, 
    8416, 166, 5076, 206, 7707, 8997, 5798, 2928, 1498, 788, 3239, 1649, 859, 
    469 ]),

    PCGroup(\[ 10, 2, 2, 2, 2, 2, 2, 2, 2, 2, 2, 2560, 20201, 4682, 5232, 82, 
    20333, 1313, 814, 4824, 1734, 48005, 495, 4825, 4115, 58246, 4496, 14026, 
    5076, 2566, 756, 2577, 347, 3877, 1967, 1657 ]),

    PCGroup(\[ 10, 2, 2, 2, 2, 2, 2, 2, 2, 2, 2, 2000, 16041, 9482, 13512, 1582,
    18883, 333, 7383, 193, 28804, 214, 7924, 144, 53765, 1945, 1126, 7576, 
    16406, 2836, 2566, 1876, 206, 2567, 16027, 8997, 4527, 46088, 11548, 5798, 
    2928, 788, 25609, 6429, 3239, 1649, 469 ]),

    PCGroup(\[ 10, 2, 2, 2, 2, 2, 2, 2, 2, 2, 2, 5882, 6312, 6322, 643, 17613, 
    663, 404, 21814, 1624, 13445, 26895, 9265, 4115, 1125, 8966, 34736, 9126, 
    5076, 1446, 5127, 32017, 5467, 3877, 3247 ]),

    PCGroup(\[ 10, 2, 2, 2, 2, 2, 2, 2, 2, 2, 2, 14522, 13512, 4402, 40003, 
    7853, 3223, 3633, 12004, 1614, 4924, 1734, 444, 3845, 7215, 15025, 4115, 
    295, 2246, 576, 13606, 5076, 206, 14427, 8997, 11548, 5798, 2928, 1498, 788,
    6429, 3239, 1649, 859, 469 ]),

    PCGroup(\[ 10, 2, 2, 2, 2, 2, 2, 2, 2, 2, 2, 5040, 5001, 22442, 3792, 142, 
    29123, 8813, 2903, 4934, 60485, 3855, 7825, 4115, 3045, 8966, 35296, 11086, 
    3686, 756, 5127, 1297, 19067, 3877, 4527, 867 ]),

    PCGroup(\[ 10, 2, 2, 2, 2, 2, 2, 2, 2, 2, 2, 5131, 8472, 382, 14083, 2413, 
    183, 2913, 41204, 814, 124, 1334, 1444, 19685, 495, 1825, 3155, 1855, 31366,
    20176, 16826, 1166, 616, 626, 61447, 25617, 5147, 9637, 397, 57608, 34578, 
    2908, 408, 238, 268 ]),

    PCGroup(\[ 10, 2, 2, 2, 2, 2, 2, 2, 2, 2, 2, 81, 62, 15683, 9933, 183, 
    20004, 12214, 124, 40325, 3855, 3865, 49286, 8976, 2266, 71687, 1297, 1307, 
    46088, 2898, 748, 25609, 33619, 17629 ]),

    PCGroup(\[ 10, 2, 2, 2, 2, 2, 2, 2, 2, 2, 2, 3722, 2952, 38723, 333, 663, 
    1313, 48804, 214, 424, 844, 28805, 1935, 265, 4115, 535, 8966, 1136, 166, 
    2566, 346, 5127, 19217, 9147, 3247, 237 ]),

    PCGroup(\[ 10, 2, 2, 2, 2, 2, 2, 2, 2, 2, 2, 5120, 3881, 5131, 5162, 13032, 
    82, 40643, 10413, 1313, 1604, 13214, 8024, 1734, 965, 24015, 12505, 4115, 
    2085, 8966, 20176, 5066, 5076, 756, 5127, 15707, 3877, 1967, 867 ]),

    PCGroup(\[ 10, 2, 2, 2, 2, 2, 2, 2, 2, 2, 2, 20201, 6571, 4442, 7512, 1942, 
    35523, 1293, 10023, 113, 3214, 9824, 3845, 3615, 14665, 2195, 3045, 295, 
    2246, 296, 3106, 5076, 3686, 206, 657, 17947, 8997, 5798, 1498, 788, 3239, 
    859, 469 ]),

    PCGroup(\[ 10, 2, 2, 2, 2, 2, 2, 2, 2, 2, 2, 5131, 2832, 5242, 8003, 333, 
    663, 10404, 214, 10024, 3334, 13445, 1935, 265, 1125, 8966, 1136, 13606, 
    2836, 1316, 5127, 8977, 19387, 3877, 1657 ]),

    PCGroup(\[ 10, 2, 2, 2, 2, 2, 2, 2, 2, 2, 2, 4841, 7531, 4442, 5352, 1942, 
    35523, 653, 9063, 113, 3214, 9824, 3845, 255, 12265, 2195, 3045, 295, 2246, 
    4216, 1426, 5076, 3686, 206, 657, 17947, 8997, 5798, 1498, 788, 3239, 859, 
    469 ]),

    PCGroup(\[ 10, 2, 2, 2, 2, 2, 2, 2, 2, 2, 2, 5642, 132, 6022, 643, 93, 9063,
    3393, 404, 4714, 11424, 2144, 22095, 11545, 4835, 2445, 1015, 8976, 7306, 
    6476, 3266, 1316, 626, 38417, 7067, 357, 207, 1657, 397, 2898, 748, 3998, 
    2028, 2218, 268 ]),

    PCGroup(\[ 10, 2, 2, 2, 2, 2, 2, 2, 2, 2, 2, 2560, 17001, 8952, 3862, 14403,
    7853, 663, 2353, 1604, 1614, 4924, 1734, 444, 31685, 22575, 11185, 2195, 
    2085, 1255, 16806, 576, 166, 7316, 1316, 206, 51207, 9307, 6437, 8678, 4368,
    2218, 1148 ]),

    PCGroup(\[ 10, 2, 2, 2, 2, 2, 2, 2, 2, 2, 2, 7462, 20013, 10023, 2814, 2224,
    234, 1935, 9625, 155, 1136, 13466, 5496, 10257, 667, 1797, 867, 5778, 1468, 
    9218, 4368, 2218 ]),

    PCGroup(\[ 10, 2, 2, 2, 2, 2, 2, 2, 2, 2, 2, 19082, 9552, 922, 643, 19533, 
    4823, 3873, 404, 24214, 8024, 2444, 3845, 3855, 6865, 2085, 535, 2246, 
    16816, 17106, 5076, 346, 38407, 1297, 347, 6437, 237, 17308 ]),

    PCGroup(\[ 10, 2, 2, 2, 2, 2, 2, 2, 2, 2, 2, 20, 21482, 2472, 5062, 25283, 
    1293, 4503, 673, 404, 15814, 1124, 1734, 144, 7685, 12025, 6035, 1126, 296, 
    11366, 2566, 1876, 206, 2567, 17947, 4527, 46088, 5798, 2928, 788, 25609, 
    3239, 1649, 469 ]),

    PCGroup(\[ 10, 2, 2, 2, 2, 2, 2, 2, 2, 2, 2, 960, 1801, 3571, 22682, 2232, 
    19523, 11213, 3623, 113, 39204, 3214, 3845, 30015, 5065, 4115, 3045, 295, 
    2246, 296, 5346, 5076, 3686, 206, 657, 8997, 46088, 23058, 5798, 1498, 788, 
    25609, 12819, 3239, 859, 469 ]),

    PCGroup(\[ 10, 2, 2, 2, 2, 2, 2, 2, 2, 2, 2, 4201, 51, 8762, 11843, 2733, 
    1703, 1313, 28004, 15214, 8224, 3534, 144, 48005, 3855, 6035, 13446, 576, 
    10666, 6196, 2566, 1876, 206, 1297, 8997, 4527, 46088, 23058, 2928, 788, 
    25609, 12819, 1649, 469 ]),

    PCGroup(\[ 10, 2, 2, 2, 2, 2, 2, 2, 2, 2, 2, 20, 10922, 2472, 3142, 25283, 
    1293, 9383, 673, 404, 15814, 11824, 1734, 144, 7685, 12025, 6035, 1126, 296,
    17386, 2566, 1876, 206, 2567, 17947, 4527, 46088, 5798, 2928, 788, 25609, 
    3239, 1649, 469 ]),

    PCGroup(\[ 10, 2, 2, 2, 2, 2, 2, 2, 2, 2, 2, 2560, 7802, 11352, 7582, 30403,
    5063, 1604, 1614, 12324, 965, 3855, 385, 6035, 2085, 8966, 576, 6606, 756, 
    5127, 1297, 16827, 8997, 1967, 867 ]),

    PCGroup(\[ 10, 2, 2, 2, 2, 2, 2, 2, 2, 2, 2, 2441, 3771, 643, 9613, 7223, 
    1313, 404, 22414, 8924, 844, 3845, 13695, 13465, 4115, 1125, 535, 2246, 
    25216, 12906, 2836, 2566, 346, 38407, 657, 16027, 3877, 3247, 237 ]),

    PCGroup(\[ 10, 2, 2, 2, 2, 2, 2, 2, 2, 2, 2, 21242, 3792, 2902, 12163, 333, 
    2743, 3713, 14804, 214, 3324, 4534, 144, 51845, 22095, 5305, 17926, 4496, 
    3956, 2006, 1316, 626, 76807, 2577, 7717, 3887, 1657, 397, 5768, 43218, 
    1478, 768, 2218, 268 ]),

    PCGroup(\[ 10, 2, 2, 2, 2, 2, 2, 2, 2, 2, 2, 4480, 9001, 12182, 312, 82, 
    35523, 4013, 2593, 36004, 2624, 3334, 44165, 6735, 13465, 2195, 2085, 1495, 
    13456, 8426, 7316, 2566, 1316, 346, 12817, 667, 8997, 3247, 1657, 237, 17308
    ]),

    PCGroup(\[ 10, 2, 2, 2, 2, 2, 2, 2, 2, 2, 2, 19241, 1611, 242, 6612, 3502, 
    163, 7453, 4583, 113, 23204, 5214, 3044, 28805, 19215, 985, 515, 885, 1495, 
    8966, 16816, 3946, 1996, 3966, 1316, 346, 5127, 1297, 5787, 2917, 4207, 
    1657, 237, 34578, 17308, 8678 ]),

    PCGroup(\[ 10, 2, 2, 2, 2, 2, 2, 2, 2, 2, 2, 7700, 10281, 16262, 312, 82, 
    963, 9133, 2273, 23204, 5824, 7685, 14415, 8665, 5555, 1495, 2246, 4496, 
    3946, 3396, 1316, 346, 38407, 2577, 5787, 3237, 1657, 237, 69128, 17308 ]),

    PCGroup(\[ 10, 2, 2, 2, 2, 2, 2, 2, 2, 2, 2, 1920, 6441, 29882, 432, 922, 
    22723, 333, 1303, 1604, 214, 12024, 965, 1695, 11545, 8966, 8976, 1006, 
    2566, 1316, 5127, 17937, 187, 3247, 1657, 40328, 2898, 748, 8678 ]),

    PCGroup(\[ 10, 2, 2, 2, 2, 2, 2, 2, 2, 2, 2, 6761, 8491, 17882, 1272, 1942, 
    22723, 1293, 9863, 3233, 50404, 18214, 7224, 1734, 444, 49925, 17055, 11305,
    2195, 295, 56006, 296, 4786, 5076, 206, 25617, 17947, 8997, 5798, 2928, 
    1498, 788, 3239, 1649, 859, 469 ]),

    PCGroup(\[ 10, 2, 2, 2, 2, 2, 2, 2, 2, 2, 2, 5161, 7531, 7802, 7512, 5782, 
    38723, 17453, 183, 1604, 3214, 124, 3334, 965, 24975, 14545, 2195, 62726, 
    1136, 1566, 2566, 756, 66567, 31377, 2107, 1967, 1657 ]),

    PCGroup(\[ 10, 2, 2, 2, 2, 2, 2, 2, 2, 2, 2, 7691, 16922, 5352, 82, 10413, 
    1604, 3214, 6724, 1644, 965, 1935, 8305, 1015, 8966, 1136, 5766, 2566, 756, 
    626, 5127, 657, 12987, 1967, 1657, 397 ]),

    PCGroup(\[ 10, 2, 2, 2, 2, 2, 2, 2, 2, 2, 2, 242, 14232, 163, 19053, 1604, 
    21214, 5624, 4034, 965, 25935, 8665, 1955, 8966, 8976, 9546, 3116, 2566, 
    5127, 17937, 6747, 5317, 1657, 40328, 2898, 19468, 398, 4368 ]),

    PCGroup(\[ 10, 2, 2, 2, 2, 2, 2, 2, 2, 2, 2, 81, 62, 643, 13453, 8583, 673, 
    404, 20614, 8824, 444, 3845, 27135, 13225, 4115, 1125, 775, 2246, 30536, 
    15986, 2836, 2566, 486, 15377, 7707, 2297, 1187, 5798, 2928, 1498, 788, 
    3239, 1649, 859, 469 ]),

    PCGroup(\[ 10, 2, 2, 2, 2, 2, 2, 2, 2, 2, 2, 7760, 14201, 51, 29402, 3442, 
    333, 214, 48965, 11775, 11185, 1495, 8966, 1136, 6886, 1316, 346, 5127, 
    20177, 6587, 1657, 237, 34578 ]),

    PCGroup(\[ 10, 2, 2, 2, 2, 2, 2, 2, 2, 2, 2, 23222, 982, 1283, 4973, 6983, 
    2913, 12404, 814, 2624, 3334, 244, 485, 495, 3385, 4115, 175, 40326, 3386, 
    7316, 206, 5798, 2928, 1498, 3239, 1649, 859 ]),

    PCGroup(\[ 10, 2, 2, 2, 2, 2, 2, 2, 2, 2, 2, 842, 7512, 2122, 12483, 10413, 
    903, 1313, 14404, 13214, 824, 1734, 16325, 16335, 5785, 2195, 26886, 11216, 
    4786, 7316, 2566, 756, 25607, 15377, 667, 1967, 1657 ]),

    PCGroup(\[ 10, 2, 2, 2, 2, 2, 2, 2, 2, 2, 2, 18521, 131, 14522, 6912, 6742, 
    19523, 16653, 9223, 113, 16014, 3845, 22335, 2665, 6035, 2085, 295, 2246, 
    5336, 12626, 2836, 2566, 206, 21137, 12827, 6437, 17308, 8678, 2218, 1148 
    ]),

    PCGroup(\[ 10, 2, 2, 2, 2, 2, 2, 2, 2, 2, 2, 9283, 333, 7783, 3233, 12004, 
    214, 9824, 3334, 444, 3845, 1935, 12025, 1125, 1255, 2246, 1136, 14586, 
    2836, 1316, 206, 51207, 25617, 8997, 2297, 5798, 2928, 1498, 788, 3239, 
    1649, 859, 469 ]),

    PCGroup(\[ 10, 2, 2, 2, 2, 2, 2, 2, 2, 2, 2, 6400, 15401, 19562, 5952, 82, 
    39204, 7214, 5124, 1044, 17285, 8175, 14065, 1125, 175, 40326, 29136, 10106,
    2566, 206, 4368, 2218 ]),

    PCGroup(\[ 10, 2, 2, 2, 2, 2, 2, 2, 2, 2, 2, 131, 132, 982, 93, 673, 1604, 
    7214, 1844, 965, 8175, 2085, 175, 40326, 11216, 3686, 206, 2928, 1498, 1649,
    859 ]),

    PCGroup(\[ 10, 2, 2, 2, 2, 2, 2, 2, 2, 2, 2, 132, 142, 93, 113, 3845, 16335,
    4825, 2435, 1255, 2246, 20176, 5066, 2556, 1316, 206, 51207, 35857, 7707, 
    3877, 2297, 557, 1498, 788, 859, 469 ]),

    PCGroup(\[ 10, 2, 2, 2, 2, 2, 2, 2, 2, 2, 2, 14522, 132, 4222, 19523, 93, 
    2663, 4113, 24804, 6014, 6824, 5034, 1244, 3845, 9615, 4105, 155, 3045, 
    1255, 2246, 10096, 13186, 8856, 1446, 1316, 206, 51207, 15377, 17947, 4527, 
    2297, 11548, 5798, 2928, 1498, 788, 6429, 3239, 1649, 859, 469 ]),

    PCGroup(\[ 10, 2, 2, 2, 2, 2, 2, 2, 2, 2, 2, 6411, 19562, 9792, 82, 20014, 
    6924, 4934, 1844, 495, 4225, 6035, 2085, 175, 20176, 10106, 3686, 206, 2928,
    1498, 1649, 859 ]),

    PCGroup(\[ 10, 2, 2, 2, 2, 2, 2, 2, 2, 2, 2, 10761, 51, 5882, 3862, 8003, 
    8013, 2023, 3553, 10404, 214, 5024, 5334, 2844, 27855, 12985, 515, 285, 
    1015, 33616, 4506, 316, 186, 626, 2577, 19227, 7397, 3727, 397, 5778, 1468, 
    9758, 4908, 268 ]),

    PCGroup(\[ 10, 2, 2, 2, 2, 2, 2, 2, 2, 2, 2, 14761, 131, 29882, 132, 4582, 
    40003, 93, 3073, 37604, 7214, 424, 234, 2844, 3845, 495, 7945, 3995, 1125, 
    1255, 2246, 8416, 8706, 4376, 3686, 1316, 206, 51207, 25617, 7707, 3877, 
    2297, 557, 23058, 11548, 5798, 2928, 1498, 788, 12819, 6429, 3239, 1649, 
    859, 469 ]),

    PCGroup(\[ 10, 2, 2, 2, 2, 2, 2, 2, 2, 2, 2, 7475, 1156, 1176, 677, 697, 
    5798, 418, 3239, 259 ]),

    PCGroup(\[ 10, 2, 2, 2, 2, 2, 2, 2, 2, 2, 2, 424, 5834, 1044, 265, 6875, 
    3525, 415, 8436, 3406, 1456, 626, 5147, 4847, 217, 867, 397, 2908, 408, 
    2758, 1148, 268 ]),

    PCGroup(\[ 10, 2, 2, 2, 2, 2, 2, 2, 2, 2, 2, 971, 11592, 15533, 4224, 2134, 
    144, 9145, 4595, 175, 19217, 17947, 8997, 5007, 1657, 237, 37458, 4728 ]),

    PCGroup(\[ 10, 2, 2, 2, 2, 2, 2, 2, 2, 2, 2, 5131, 3862, 10413, 5223, 13214,
    6624, 28805, 20175, 10105, 6515, 3285, 1255, 26886, 24656, 12346, 2276, 
    1166, 476, 51207, 25617, 12827, 867, 397, 63368, 17298, 8668, 758, 408, 
    1138, 1148, 618 ]),

    PCGroup(\[ 10, 2, 2, 2, 2, 2, 2, 2, 2, 2, 2, 5131, 3862, 5293, 2663, 19614, 
    9824, 3334, 8655, 4345, 6995, 3165, 775, 29136, 14586, 1716, 3546, 756, 206,
    25617, 12827, 4527, 1657, 2218, 1148 ]),

    PCGroup(\[ 10, 2, 2, 2, 2, 2, 2, 2, 2, 2, 2, 3531, 2662, 17133, 8583, 1793, 
    22814, 11424, 234, 2344, 1935, 985, 155, 1125, 1255, 1136, 586, 5776, 1446, 
    1316, 206, 25617, 12827, 2277, 3247, 34578, 17308, 4368, 2218, 1148 ]),

    PCGroup(\[ 10, 2, 2, 2, 2, 2, 2, 2, 2, 2, 2, 31043, 4934, 40325, 12025, 
    6275, 1605, 1255, 13446, 14586, 7036, 4246, 1316, 206, 6437, 2297, 1498, 
    788, 859, 469 ]),

    PCGroup(\[ 10, 2, 2, 2, 2, 2, 2, 2, 2, 2, 2, 5131, 7392, 6022, 4903, 6324, 
    1644, 1935, 6745, 1715, 285, 1015, 1136, 2266, 7596, 186, 1316, 626, 10257, 
    1307, 9317, 1327, 1657, 397, 5778, 5068, 5078, 768, 1148, 618, 268 ]),

    PCGroup(\[ 10, 2, 2, 2, 2, 2, 2, 2, 2, 2, 2, 26404, 6814, 3334, 2444, 19205,
    16335, 2435, 765, 1255, 20166, 20176, 2556, 2986, 1316, 206, 30727, 35857, 
    3877, 1967, 2297, 557, 1498, 788, 859, 469 ]),

    PCGroup(\[ 10, 2, 2, 2, 2, 2, 2, 2, 2, 2, 2, 31043, 10413, 2663, 3233, 
    14404, 6814, 424, 1434, 1844, 16325, 8655, 265, 3515, 2085, 175, 22406, 
    29136, 10106, 6196, 3686, 206, 2928, 1498, 1649, 859 ]),

    PCGroup(\[ 10, 2, 2, 2, 2, 2, 2, 2, 2, 2, 2, 26042, 8813, 5604, 814, 6424, 
    3234, 3845, 495, 13465, 6755, 2246, 3936, 2266, 1156, 71687, 10257, 1307, 
    677, 46088, 5778, 2548, 1298, 25609, 44819, 429, 239 ]),

    PCGroup(\[ 10, 2, 2, 2, 2, 2, 2, 2, 2, 2, 2, 3200, 14121, 5131, 9722, 2952, 
    5302, 8003, 4013, 2023, 13604, 814, 1924, 1334, 444, 9605, 495, 7345, 1715, 
    1605, 535, 40326, 33616, 2266, 626, 51207, 10257, 1307, 397, 69128, 5778, 
    21628, 268 ]),

    PCGroup(\[ 10, 2, 2, 2, 2, 2, 2, 2, 2, 2, 2, 5120, 5131, 27002, 7752, 15683,
    7853, 3943, 13214, 3334, 32645, 4815, 985, 5435, 2085, 295, 40326, 11216, 
    586, 7176, 2566, 2156, 346, 25617, 5147, 2597, 397, 34578, 2908, 1478, 268 
    ]),

    PCGroup(\[ 10, 2, 2, 2, 2, 2, 2, 2, 2, 2, 2, 5161, 1291, 7802, 3912, 2902, 
    30403, 4493, 2023, 1633, 1604, 11014, 12224, 4934, 1844, 965, 13695, 7225, 
    2195, 2085, 175, 40326, 15696, 3386, 206 ]),

    PCGroup(\[ 10, 2, 2, 2, 2, 2, 2, 2, 2, 2, 2, 242, 13272, 163, 17773, 1604, 
    13614, 12024, 4834, 965, 15855, 9625, 4355, 31366, 8976, 3946, 4796, 2566, 
    20487, 17937, 10907, 2277, 3247, 11528, 2898, 4708, 5978, 2218 ]),

    PCGroup(\[ 10, 2, 2, 2, 2, 2, 2, 2, 2, 2, 2, 842, 132, 643, 93, 404, 714, 
    13445, 1935, 7705, 2675, 1605, 8966, 1136, 10666, 2276, 2006, 5127, 8977, 
    13467, 4517, 1327, 23058, 20188, 758, 768, 12819, 829, 12439, 5049 ]),

    PCGroup(\[ 10, 2, 2, 2, 2, 2, 2, 2, 2, 2, 2, 842, 132, 643, 93, 404, 714, 
    1935, 9625, 2675, 3285, 1015, 1136, 3946, 6756, 1166, 626, 51207, 10257, 
    10907, 9317, 2127, 1657, 867, 397, 69128, 5778, 21628, 6518, 408, 2218, 
    1148, 268 ]),

    PCGroup(\[ 10, 2, 2, 2, 2, 2, 2, 2, 2, 2, 2, 432, 183, 124, 14415, 5785, 
    5555, 285, 535, 4496, 3396, 186, 1316, 906, 2577, 5787, 8357, 2447, 867, 
    237, 34578, 8678, 4368 ]),

    PCGroup(\[ 10, 2, 2, 2, 2, 2, 2, 2, 2, 2, 2, 9001, 5131, 483, 10413, 4033, 
    12414, 5824, 434, 144, 1955, 8966, 13456, 2266, 176, 2566, 346, 5127, 12817,
    1307, 4677, 3247, 237, 398 ]),

    PCGroup(\[ 10, 2, 2, 2, 2, 2, 2, 2, 2, 2, 2, 192, 82, 5824, 3855, 9625, 
    6995, 3765, 175, 17936, 8986, 1297, 19867, 2597, 3887, 397, 41778, 2188, 
    1478, 3648, 268, 3219, 1629 ]),

    PCGroup(\[ 10, 2, 2, 2, 2, 2, 2, 2, 2, 2, 2, 22202, 132, 4702, 29763, 93, 
    4903, 3313, 37604, 1224, 834, 144, 3865, 1955, 44806, 5616, 13746, 6616, 
    2566, 346, 46087, 3857, 20187, 5317, 3247, 237, 748, 398 ]),

    PCGroup(\[ 10, 2, 2, 2, 2, 2, 2, 2, 2, 2, 2, 931, 23162, 132, 6382, 31043, 
    93, 4273, 23204, 22014, 7224, 3334, 844, 44165, 495, 8185, 2795, 2085, 535, 
    8966, 1136, 9266, 5076, 1316, 346, 5127, 29457, 19547, 6437, 1657, 237 ]),

    PCGroup(\[ 10, 2, 2, 2, 2, 2, 2, 2, 2, 2, 2, 3192, 28483, 493, 7303, 113, 
    51845, 8665, 515, 885, 31366, 4496, 9546, 1996, 606, 1316, 20487, 2577, 
    14747, 357, 367, 1657, 11528, 20178, 9388, 9758, 2568, 2218 ]),

    PCGroup(\[ 10, 2, 2, 2, 2, 2, 2, 2, 2, 2, 2, 2540, 10161, 9451, 62, 7632, 
    562, 36483, 8973, 663, 4513, 404, 4014, 10024, 3334, 1244, 42245, 4335, 265,
    2195, 3045, 1255, 2246, 13736, 13606, 7316, 1446, 1316, 206, 51207, 35857, 
    17947 ]),

    PCGroup(\[ 10, 2, 2, 2, 2, 2, 2, 2, 2, 2, 2, 960, 13721, 51, 19322, 3862, 
    21123, 16013, 3943, 4513, 404, 17614, 11424, 3334, 1244, 3845, 19455, 2425, 
    2195, 3045, 1255, 38086, 576, 12346, 7316, 1446, 1316, 206, 51207, 15377 ]),

    PCGroup(\[ 10, 2, 2, 2, 2, 2, 2, 2, 2, 2, 2, 240, 15281, 2491, 62, 5722, 
    21123, 10893, 6743, 4513, 404, 17614, 824, 3334, 1244, 3845, 15615, 13585, 
    2195, 3045, 1255, 38086, 31936, 306, 7316, 1446, 1316, 206, 51207, 15377, 
    7707 ]),

    PCGroup(\[ 10, 2, 2, 2, 2, 2, 2, 2, 2, 2, 2, 242, 7752, 163, 10413, 20004, 
    19214, 424, 2634, 1935, 265, 3035, 1136, 13466, 5636, 2566, 20487, 36497, 
    19227, 5797, 1657, 11528, 23778, 12988, 10838, 2218 ]),

    PCGroup(\[ 10, 2, 2, 2, 2, 2, 2, 2, 2, 2, 2, 491, 242, 10152, 163, 18733, 
    814, 10424, 3634, 844, 495, 9625, 6755, 535, 22406, 31376, 13746, 4656, 
    2566, 756, 346, 30727, 2577, 10907, 8037, 1967, 1657, 237 ]),

    PCGroup(\[ 10, 2, 2, 2, 2, 2, 2, 2, 2, 2, 2, 242, 13812, 163, 18333, 4824, 
    2434, 3845, 17775, 9625, 5675, 2246, 19616, 15426, 6756, 20487, 10907, 5957,
    3247, 1657, 11528, 12628, 6518, 4368, 1148 ]),

    PCGroup(\[ 10, 2, 2, 2, 2, 2, 2, 2, 2, 2, 2, 26522, 11232, 6622, 15043, 653,
    4423, 993, 1604, 9414, 12424, 4134, 1844, 965, 255, 14665, 1235, 2085, 175, 
    40326, 6736, 5626, 3686, 11548, 5798, 2928, 1498, 6429, 3239, 1649, 859 ]),

    PCGroup(\[ 10, 2, 2, 2, 2, 2, 2, 2, 2, 2, 2, 15482, 11592, 3862, 35523, 653,
    5863, 993, 33604, 12614, 2624, 4134, 1844, 39365, 255, 11065, 1235, 2085, 
    175, 22406, 6736, 16826, 3686, 206, 5798, 2928, 1498, 3239, 1649, 859 ]),

    PCGroup(\[ 10, 2, 2, 2, 2, 2, 2, 2, 2, 2, 2, 3881, 1931, 242, 132, 163, 
    10333, 50404, 7614, 5224, 434, 144, 3865, 1955, 22406, 4496, 17106, 176, 
    2566, 346, 30727, 2577, 6107, 7557, 3247, 237, 748, 398 ]),

    PCGroup(\[ 10, 2, 2, 2, 2, 2, 2, 2, 2, 2, 2, 9440, 10281, 20042, 82, 38083, 
    1604, 5214, 12024, 5134, 965, 22095, 5305, 1355, 2085, 67206, 4496, 586, 
    3116, 1316, 20487, 2577, 14747, 4197, 1657, 11528, 43218, 22708, 10298, 
    4368, 1148, 618 ]),

    PCGroup(\[ 10, 2, 2, 2, 2, 2, 2, 2, 2, 2, 2, 3801, 242, 2712, 6862, 163, 
    8173, 9063, 113, 45604, 20414, 10224, 55685, 28815, 5305, 4355, 2085, 1015, 
    67206, 4496, 4506, 316, 2566, 626, 20487, 2577, 4507, 4517, 3247, 397, 
    11528, 33138, 12988, 3998, 4368, 268 ]),

    PCGroup(\[ 10, 2, 2, 2, 2, 2, 2, 2, 2, 2, 2, 14761, 7371, 242, 9012, 5902, 
    163, 3613, 7783, 113, 39204, 19614, 6224, 2044, 48005, 24015, 9145, 6755, 
    2565, 58246, 29136, 17386, 4516, 3126, 71687, 10257, 8347, 677, 2607, 46088,
    5778, 10108, 398, 5088, 25609, 44819, 20029, 8839, 849 ]),

    PCGroup(\[ 10, 2, 2, 2, 2, 2, 2, 2, 2, 2, 2, 5832, 3862, 643, 11053, 1703, 
    193, 404, 14014, 1424, 144, 13945, 8966, 33616, 16826, 8436, 4246, 1316, 
    626, 5127, 10257, 5147, 2597, 1327, 1657, 397, 86408, 5778, 2908, 7238, 
    3648, 2218, 268 ]),

    PCGroup(\[ 10, 2, 2, 2, 2, 2, 2, 2, 2, 2, 2, 9722, 13512, 2902, 2243, 333, 
    4583, 1604, 214, 1024, 965, 1695, 14905, 67206, 4496, 4506, 2276, 2566, 616,
    626, 20487, 2577, 19227, 6437, 4847, 1657, 397, 11528, 43218, 1468, 758, 
    4368, 238, 268 ]),

    PCGroup(\[ 10, 2, 2, 2, 2, 2, 2, 2, 2, 2, 2, 20013, 5223, 13604, 25214, 424,
    4134, 1244, 17285, 1935, 265, 5075, 775, 22406, 1136, 17666, 1716, 1446, 
    756, 206, 51207, 15377, 3247, 1657, 8678, 4368, 2218, 1148 ]),

    PCGroup(\[ 10, 2, 2, 2, 2, 2, 2, 2, 2, 2, 2, 15722, 15192, 82, 814, 11224, 
    844, 495, 985, 535, 4496, 586, 2566, 756, 346, 2577, 15707, 1967, 1657, 237 
    ]),

    PCGroup(\[ 10, 2, 2, 2, 2, 2, 2, 2, 2, 2, 2, 18842, 11592, 5002, 30403, 
    12973, 9143, 4193, 1604, 16414, 124, 934, 1844, 965, 20175, 15265, 3155, 
    2085, 175, 40326, 10106, 3686, 766, 17947, 8997, 4527, 2297, 11548, 5798, 
    2928, 1498, 6429, 3239, 1649, 859 ]),

    PCGroup(\[ 10, 2, 2, 2, 2, 2, 2, 2, 2, 2, 2, 7561, 2051, 11402, 9732, 1702, 
    21123, 93, 3943, 2753, 26004, 9514, 1824, 3334, 144, 17285, 14415, 6035, 
    175, 23058, 11548, 5798, 2928, 12819, 6429, 3239, 1649 ]),

    PCGroup(\[ 10, 2, 2, 2, 2, 2, 2, 2, 2, 2, 2, 6602, 5832, 25283, 8333, 983, 
    993, 1604, 25414, 3924, 4134, 1844, 965, 11775, 3025, 1235, 2085, 175, 
    40326, 6736, 16826, 7316, 3686, 906, 8997, 4527, 2297, 5798, 2928, 1498, 
    3239, 1649, 859 ]),

    PCGroup(\[ 10, 2, 2, 2, 2, 2, 2, 2, 2, 2, 2, 26282, 5472, 10563, 15213, 
    2663, 1313, 814, 1624, 4934, 495, 985, 22406, 13456, 586, 2566, 756, 30727, 
    12817, 347, 8997, 1967, 1657 ]),

    PCGroup(\[ 10, 2, 2, 2, 2, 2, 2, 2, 2, 2, 2, 382, 583, 424, 1434, 265, 1595,
    606, 336, 367, 217, 23058, 5798, 2928, 1498, 12819, 3239, 1649, 859 ]),

    PCGroup(\[ 10, 2, 2, 2, 2, 2, 2, 2, 2, 2, 2, 3200, 11642, 5302, 28483, 7143,
    20004, 8624, 3934, 1944, 55685, 16335, 985, 4835, 2205, 1015, 67206, 20176, 
    586, 1996, 2426, 626, 20487, 25617, 14747, 5477, 1167, 397, 11528, 34578, 
    19468, 4718, 2028, 268 ]),

    PCGroup(\[ 10, 2, 2, 2, 2, 2, 2, 2, 2, 2, 2, 20201, 40643, 19614, 2534, 
    1935, 14185, 515, 1136, 17106, 316, 35857, 2597, 23058, 1478, 12819, 11239 
    ]),

    PCGroup(\[ 10, 2, 2, 2, 2, 2, 2, 2, 2, 2, 2, 3482, 11592, 4803, 7853, 3873, 
    1604, 18414, 424, 5334, 244, 965, 21615, 265, 6515, 175, 35857, 17947, 2597,
    1327, 697, 23058, 11548, 1478, 768, 418, 12819, 6429, 11239, 5649, 2859 ]),

    PCGroup(\[ 10, 2, 2, 2, 2, 2, 2, 2, 2, 2, 2, 17961, 8971, 10413, 3943, 
    21214, 9024, 734, 344, 55685, 22095, 11065, 6515, 285, 1015, 67206, 4496, 
    2266, 2276, 186, 626, 20487, 2577, 1307, 9637, 3727, 397, 11528, 43218, 
    21628, 758, 4908, 268 ]),

    PCGroup(\[ 10, 2, 2, 2, 2, 2, 2, 2, 2, 2, 2, 7680, 19562, 5832, 82, 39204, 
    2444, 3385, 885, 58246, 15696, 12346, 3686, 336, 71687, 10257, 10267, 4527, 
    217, 46088, 5778, 20188, 2928, 1318, 25609, 44819, 3229, 1649, 2259 ]),

    PCGroup(\[ 10, 2, 2, 2, 2, 2, 2, 2, 2, 2, 2, 10281, 38083, 19053, 9543, 
    1604, 21614, 424, 1334, 644, 965, 25455, 265, 1715, 415, 40326, 20176, 8436,
    606, 336, 626, 51207, 25617, 2597, 367, 217, 397, 69128, 34578, 1478, 5448, 
    2758, 268 ]),

    PCGroup(\[ 10, 2, 2, 2, 2, 2, 2, 2, 2, 2, 2, 4320, 792, 20803, 4753, 424, 
    265, 16826, 5076, 606, 336, 626, 5147, 6437, 367, 217, 397, 2908, 8678, 
    5448, 2758, 268 ]),

    PCGroup(\[ 10, 2, 2, 2, 2, 2, 2, 2, 2, 2, 2, 5120, 3881, 21242, 28483, 4013,
    993, 10404, 234, 13445, 155, 33616, 2266, 1156, 4246, 2156, 626, 10257, 
    1307, 677, 1327, 697, 397, 5778, 21628, 10838, 768, 418, 268 ]),

    PCGroup(\[ 10, 2, 2, 2, 2, 2, 2, 2, 2, 2, 2, 17961, 5131, 5832, 10413, 2593,
    13214, 1424, 734, 1944, 55685, 11065, 515, 285, 1015, 67206, 2266, 316, 186,
    626, 20487, 1307, 7397, 3727, 397, 11528, 21628, 9758, 4908, 268 ]),

    PCGroup(\[ 10, 2, 2, 2, 2, 2, 2, 2, 2, 2, 2, 3851, 903, 1953, 2814, 424, 
    734, 1935, 265, 515, 1136, 1986, 316, 20487, 5147, 397, 11528, 2908, 268 ]),

    PCGroup(\[ 10, 2, 2, 2, 2, 2, 2, 2, 2, 2, 2, 8331, 7853, 583, 1233, 21214, 
    424, 5434, 25935, 265, 6395, 67206, 20176, 1156, 626, 20487, 25617, 677, 
    397, 11528, 34578, 10838, 268 ]),

    PCGroup(\[ 10, 2, 2, 2, 2, 2, 2, 2, 2, 2, 2, 640, 19241, 8971, 2042, 5832, 
    3382, 36163, 18093, 48804, 24414, 424, 3034, 59525, 29775, 265, 3515, 20487,
    30737, 3867, 2597, 3247, 1657, 397, 11528, 28818, 7228, 1478, 4368, 2218, 
    268 ]),

    PCGroup(\[ 10, 2, 2, 2, 2, 2, 2, 2, 2, 2, 2, 17961, 8971, 4872, 18093, 2023,
    993, 25214, 2624, 6334, 2544, 55685, 12495, 11065, 4115, 285, 1015, 67206, 
    15696, 2266, 5076, 186, 626, 20487, 30737, 1307, 6437, 3727, 397, 11528, 
    28818, 21628, 8678, 4908, 268 ]),

    PCGroup(\[ 10, 2, 2, 2, 2, 2, 2, 2, 2, 2, 2, 17961, 3851, 13512, 18093, 183,
    1953, 22814, 124, 1244, 27855, 6515, 3285, 67206, 33616, 16826, 8436, 4246, 
    336, 626, 20487, 10257, 5147, 2597, 1327, 217, 397, 11528, 5778, 2908, 1478,
    768, 2758, 268 ]),

    PCGroup(\[ 10, 2, 2, 2, 2, 2, 2, 2, 2, 2, 2, 17961, 8331, 16813, 3553, 
    22814, 4224, 1134, 55685, 22095, 5305, 6515, 285, 1015, 67206, 4496, 13466, 
    2276, 186, 626, 20487, 2577, 8987, 9637, 3727, 397, 11528, 43218, 12988, 
    758, 4908, 268 ]),

    PCGroup(\[ 10, 2, 2, 2, 2, 2, 2, 2, 2, 2, 2, 2601, 1291, 142, 2733, 113, 
    9605, 985, 1475, 295, 13446, 586, 1436, 206, 34568, 8678, 268 ]),

    PCGroup(\[ 10, 2, 2, 2, 2, 2, 2, 2, 2, 2, 2, 3840, 10281, 5131, 27002, 
    20004, 13214, 11424, 3934, 344, 24965, 22095, 13945, 1715, 285, 1015, 31366,
    4496, 16826, 5636, 186, 626, 61447, 2577, 5147, 5797, 3727, 397, 57608, 
    43218, 2908, 5078, 4908, 268 ]),

    PCGroup(\[ 10, 2, 2, 2, 2, 2, 2, 2, 2, 2, 2, 10632, 3943, 18014, 9024, 1934,
    2244, 55685, 22095, 285, 1015, 67206, 4496, 186, 626, 20487, 2577, 3727, 
    397, 11528, 43218, 4908, 268 ]),

    PCGroup(\[ 10, 2, 2, 2, 2, 2, 2, 2, 2, 2, 2, 7752, 142, 263, 113, 12985, 
    2675, 67206, 15696, 7866, 336, 626, 20487, 30737, 15387, 217, 397, 11528, 
    28818, 14428, 2758, 268 ]),

    PCGroup(\[ 10, 2, 2, 2, 2, 2, 2, 2, 2, 2, 2, 40, 121, 51, 22083, 2093, 4903,
    10404, 24414, 11024, 42245, 26895, 10105, 2246, 17936, 12346, 71687, 2577, 
    10267, 11528, 1458, 20188, 25609, 35219, 3229 ]),

    PCGroup(\[ 10, 2, 2, 2, 2, 2, 2, 2, 2, 2, 2, 40, 12441, 2371, 15683, 5933, 
    6503, 8804, 10014, 6224, 42245, 26895, 10105, 2246, 17936, 12346, 71687, 
    2577, 10267, 11528, 1458, 20188, 25609, 35219, 3229 ]),

    PCGroup(\[ 10, 2, 2, 2, 2, 2, 2, 2, 2, 2, 2, 20361, 30602, 13512, 2182, 643,
    20013, 3943, 4993, 404, 25214, 5024, 3144, 1935, 3865, 515, 285, 1136, 
    11226, 4796, 2426, 1316, 10257, 1307, 7717, 3887, 5778, 748, 1478, 768, 618 
    ]),

    PCGroup(\[ 10, 2, 2, 2, 2, 2, 2, 2, 2, 2, 2, 10921, 8491, 15482, 11652, 
    20803, 93, 40804, 8014, 3424, 3334, 2044, 8655, 12025, 6035, 24646, 576, 
    5626, 5076, 2566, 1876, 206, 25617, 17947, 8997, 4527, 23058, 2928, 788, 
    12819, 1649, 469 ]),

    PCGroup(\[ 10, 2, 2, 2, 2, 2, 2, 2, 2, 2, 2, 1961, 171, 432, 82, 10413, 
    50404, 6624, 3845, 3855, 9625, 4115, 2246, 26896, 13466, 5076, 2566, 20487, 
    1297, 667, 6437, 867, 11528, 2898, 1468, 8678, 4368, 2218 ]),

    PCGroup(\[ 10, 2, 2, 2, 2, 2, 2, 2, 2, 2, 2, 281, 4291, 7802, 132, 10563, 
    93, 2404, 20814, 3424, 3334, 1244, 8655, 12025, 6035, 24646, 576, 10106, 
    2836, 2566, 1876, 206, 15377, 17947, 8997, 4527, 2928, 788, 1649, 469 ]),

    PCGroup(\[ 10, 2, 2, 2, 2, 2, 2, 2, 2, 2, 2, 51, 16253, 8903, 20004, 6414, 
    824, 3434, 24965, 495, 3865, 3995, 2085, 31366, 1136, 306, 6756, 1316, 
    20487, 17937, 8347, 9637, 3247, 867, 11528, 2898, 748, 6518, 4368, 1148 ]),

    PCGroup(\[ 10, 2, 2, 2, 2, 2, 2, 2, 2, 2, 2, 320, 4281, 51, 15482, 36163, 
    19693, 5223, 4673, 8014, 6624, 5734, 144, 19215, 58246, 27456, 10106, 5356, 
    1446, 1316, 206, 51207, 21777, 6437, 3247, 69128, 8678, 4368, 1148 ]),

    PCGroup(\[ 10, 2, 2, 2, 2, 2, 2, 2, 2, 2, 2, 40, 15081, 37603, 7623, 6404, 
    20814, 824, 3434, 844, 965, 26895, 1945, 3995, 2085, 535, 2246, 27456, 306, 
    5636, 1316, 346, 5127, 32017, 667, 5797, 3247, 867, 237 ]),

    PCGroup(\[ 10, 2, 2, 2, 2, 2, 2, 2, 2, 2, 2, 10201, 7811, 23162, 10212, 
    3142, 93, 6823, 2113, 14414, 1824, 4134, 2544, 3855, 12025, 58246, 576, 
    10666, 7596, 2566, 1876, 206, 32017, 8997, 4527, 23058, 11548, 5798, 2928, 
    788, 12819, 6429, 3239, 1649, 469 ]),

    PCGroup(\[ 10, 2, 2, 2, 2, 2, 2, 2, 2, 2, 2, 12201, 4922, 9192, 1222, 22723,
    6183, 26404, 15614, 4224, 234, 1644, 32645, 1935, 1945, 155, 1015, 40326, 
    1136, 13466, 5496, 626, 51207, 10257, 667, 8517, 3247, 867, 397, 5778, 1468,
    8138, 2218, 268 ]),

    PCGroup(\[ 10, 2, 2, 2, 2, 2, 2, 2, 2, 2, 2, 960, 13801, 811, 27722, 3432, 
    9283, 14573, 183, 1953, 50404, 8014, 124, 1244, 3845, 14895, 14305, 4115, 
    1125, 295, 2246, 576, 17246, 2836, 2566, 206, 15377, 8997, 4527, 46088, 
    23058, 5798, 2928, 1498, 788, 25609, 12819, 3239, 1649, 859, 469 ]),

    PCGroup(\[ 10, 2, 2, 2, 2, 2, 2, 2, 2, 2, 2, 10000, 13481, 1691, 29882, 
    4872, 82, 20803, 20013, 2593, 40804, 10014, 424, 46085, 17295, 265, 2085, 
    8966, 19056, 7026, 5076, 5127, 30737, 16987, 6437, 867, 2888, 5778, 18388, 
    2218 ]),

    PCGroup(\[ 10, 2, 2, 2, 2, 2, 2, 2, 2, 2, 2, 9641, 6891, 6842, 3432, 1582, 
    9283, 19693, 2743, 673, 24804, 14414, 124, 1734, 1244, 3845, 14895, 14305, 
    1125, 295, 2246, 576, 8286, 2566, 206, 15377, 12827, 4527, 23058, 11548, 
    5798, 2928, 1498, 788, 12819, 6429, 3239, 1649, 859, 469 ]),

    PCGroup(\[ 10, 2, 2, 2, 2, 2, 2, 2, 2, 2, 2, 160, 6921, 4171, 1802, 12912, 
    322, 963, 17773, 343, 17614, 2885, 11535, 145, 8966, 19616, 3246, 5076, 
    3686, 756, 66567, 32017, 17787, 3877, 4527, 1657 ]),

    PCGroup(\[ 10, 2, 2, 2, 2, 2, 2, 2, 2, 2, 2, 15881, 3771, 23162, 3912, 1942,
    5763, 3693, 7863, 2433, 6804, 814, 124, 4934, 2344, 28325, 495, 14305, 2195,
    1125, 295, 30806, 22976, 3806, 5076, 2566, 206, 29457, 17947, 8997, 4527, 
    5798, 2928, 1498, 788, 3239, 1649, 859, 469 ]),

    PCGroup(\[ 10, 2, 2, 2, 2, 2, 2, 2, 2, 2, 2, 2601, 6411, 7752, 7642, 5443, 
    333, 1623, 673, 7204, 214, 10424, 3334, 444, 9605, 28815, 13585, 1125, 295, 
    13446, 32496, 306, 2836, 1316, 206 ]),

    PCGroup(\[ 10, 2, 2, 2, 2, 2, 2, 2, 2, 2, 2, 12841, 4331, 19322, 10392, 82, 
    32804, 14414, 9524, 2344, 3845, 19695, 10225, 1125, 295, 2246, 576, 8006, 
    2566, 206, 29457, 17947, 4527, 23058, 11548, 2928, 1498, 788, 12819, 6429, 
    1649, 859, 469 ]),

    PCGroup(\[ 10, 2, 2, 2, 2, 2, 2, 2, 2, 2, 2, 13201, 2942, 30403, 14404, 
    3214, 11224, 4934, 844, 47045, 24975, 985, 6035, 2085, 1495, 26886, 28016, 
    586, 7316, 906, 66567, 657, 15707, 8997, 867, 237, 69128 ]),

    PCGroup(\[ 10, 2, 2, 2, 2, 2, 2, 2, 2, 2, 2, 4420, 281, 242, 163, 1604, 
    14414, 8024, 434, 965, 7695, 14425, 5795, 67206, 18496, 12626, 176, 1316, 
    20487, 28817, 10587, 2117, 1657, 11528, 1458, 16588, 6158, 4368 ]),

    PCGroup(\[ 10, 2, 2, 2, 2, 2, 2, 2, 2, 2, 2, 1200, 3761, 62, 21123, 9613, 
    6423, 1313, 404, 1614, 424, 3334, 2444, 28805, 26415, 265, 1495, 8966, 576, 
    15426, 906, 5127, 14417, 10427, 1657, 867, 237, 69128 ]),

    PCGroup(\[ 10, 2, 2, 2, 2, 2, 2, 2, 2, 2, 2, 7680, 11121, 2462, 15192, 5662,
    643, 4013, 3223, 404, 814, 11724, 1734, 3845, 495, 13825, 4115, 2246, 4496, 
    9126, 2566, 756, 53127, 2577, 9147, 1967, 1657 ]),

    PCGroup(\[ 10, 2, 2, 2, 2, 2, 2, 2, 2, 2, 2, 3280, 17641, 11222, 3622, 
    23043, 4653, 1383, 113, 44804, 9824, 60005, 1935, 12745, 4115, 3045, 295, 
    566, 1136, 14306, 5076, 3686, 206, 1287, 17947, 8997, 46088, 5798, 1498, 
    788, 25609, 3239, 859, 469 ]),

    PCGroup(\[ 10, 2, 2, 2, 2, 2, 2, 2, 2, 2, 2, 3180, 19441, 3611, 62, 10152, 
    4642, 29123, 7053, 8103, 673, 404, 22814, 1124, 3334, 144, 7685, 24015, 
    6035, 1126, 19336, 1706, 2566, 1876, 206, 2567, 17947, 4527, 23058, 11548, 
    5798, 2928, 788, 12819, 6429, 3239, 1649, 469 ]),

    PCGroup(\[ 10, 2, 2, 2, 2, 2, 2, 2, 2, 2, 2, 424, 834, 265, 515, 2266, 316, 
    1307, 197, 46088, 23058, 25609, 12819 ]),

    PCGroup(\[ 10, 2, 2, 2, 2, 2, 2, 2, 2, 2, 2, 10682, 11352, 622, 22723, 
    15213, 5703, 2833, 13604, 11614, 4624, 3434, 844, 17285, 14415, 985, 155, 
    2085, 1495, 22406, 4496, 586, 7736, 1316, 346, 30727, 2577, 19867, 4357, 
    1657, 237, 17308, 8678 ]),

    PCGroup(\[ 10, 2, 2, 2, 2, 2, 2, 2, 2, 2, 2, 521, 14522, 10632, 333, 4903, 
    214, 3845, 22095, 4355, 1605, 1015, 2246, 4496, 4796, 2006, 626, 20487, 
    2577, 7717, 1167, 397, 11528, 43218, 7238, 2028, 268 ]),

    PCGroup(\[ 10, 2, 2, 2, 2, 2, 2, 2, 2, 2, 2, 13032, 27843, 3693, 8743, 3553,
    28805, 3855, 3385, 395, 2085, 535, 8966, 16816, 6746, 736, 2566, 346, 5127, 
    1297, 6427, 6597, 3247, 237, 8678 ]),

    PCGroup(\[ 10, 2, 2, 2, 2, 2, 2, 2, 2, 2, 2, 643, 1293, 183, 404, 814, 124, 
    3845, 495, 985, 2246, 296, 586, 25617, 5147, 397, 34578, 2908, 268 ]),

    PCGroup(\[ 10, 2, 2, 2, 2, 2, 2, 2, 2, 2, 2, 7051, 6312, 4582, 32963, 4013, 
    6023, 48804, 11024, 234, 2444, 59525, 8665, 155, 2085, 535, 44806, 9546, 
    7736, 2566, 346, 46087, 19867, 4357, 3247, 237, 8678 ]),

    PCGroup(\[ 10, 2, 2, 2, 2, 2, 2, 2, 2, 2, 2, 120, 15641, 242, 4822, 163, 
    12973, 3233, 48005, 6735, 5075, 285, 58246, 4496, 6196, 186, 71687, 2577, 
    5157, 1167, 11528, 37458, 20188, 2028, 25609, 35219, 1639, 3849 ]),

    PCGroup(\[ 10, 2, 2, 2, 2, 2, 2, 2, 2, 2, 2, 27962, 13992, 742, 31683, 
    18733, 513, 3334, 3845, 3855, 1945, 3755, 2085, 535, 2246, 16816, 8426, 
    5776, 2566, 346, 38407, 1297, 667, 837, 3247, 237, 8678 ]),

    PCGroup(\[ 10, 2, 2, 2, 2, 2, 2, 2, 2, 2, 2, 480, 12041, 13082, 432, 17603, 
    333, 1604, 214, 965, 1695, 31366, 29136, 2266, 2006, 1036, 20487, 35857, 
    1307, 1327, 697, 11528, 23058, 10108, 768, 418, 12819, 20829, 11239 ]),

    PCGroup(\[ 10, 2, 2, 2, 2, 2, 2, 2, 2, 2, 2, 6792, 13763, 9133, 6823, 47204,
    11614, 2224, 434, 2444, 38405, 14415, 5785, 6635, 2085, 535, 69446, 4496, 
    3946, 176, 2566, 346, 43527, 2577, 5787, 4677, 3247, 237, 8678 ]),

    PCGroup(\[ 10, 2, 2, 2, 2, 2, 2, 2, 2, 2, 2, 7811, 11652, 2013, 5214, 6224, 
    3134, 24965, 26895, 985, 515, 31366, 4496, 586, 316, 20487, 2577, 17947, 
    8997, 11528, 20178, 11548, 5798, 89609, 20819, 6429, 3239 ]),

    PCGroup(\[ 10, 2, 2, 2, 2, 2, 2, 2, 2, 2, 2, 12602, 6312, 37443, 15853, 
    7943, 513, 3334, 38405, 1935, 12025, 7595, 2085, 535, 69446, 1136, 14586, 
    1296, 2566, 346, 43527, 19217, 17947, 5957, 3247, 237, 8678 ]),

    PCGroup(\[ 10, 2, 2, 2, 2, 2, 2, 2, 2, 2, 2, 5801, 23162, 432, 38723, 333, 
    39204, 214, 48005, 12495, 3385, 995, 285, 58246, 15696, 2266, 1996, 186, 
    71687, 10257, 1307, 357, 1167, 46088, 5778, 3998, 2388, 25609, 44819, 7639, 
    4249 ]),

    PCGroup(\[ 10, 2, 2, 2, 2, 2, 2, 2, 2, 2, 2, 1611, 14472, 4582, 13763, 9703,
    21604, 5824, 434, 2444, 7685, 7225, 6635, 2085, 535, 33606, 2266, 176, 2566,
    346, 2567, 1307, 4677, 3247, 237, 8678 ]),

    PCGroup(\[ 10, 2, 2, 2, 2, 2, 2, 2, 2, 2, 2, 15401, 6411, 9672, 643, 2253, 
    183, 404, 12214, 124, 48005, 5305, 3395, 285, 49286, 15696, 2266, 3676, 186,
    40967, 10257, 1307, 3557, 1167, 80648, 5778, 10108, 2558, 2028, 12809, 
    44819, 17629, 12439, 3849 ]),

    PCGroup(\[ 10, 2, 2, 2, 2, 2, 2, 2, 2, 2, 2, 6312, 12653, 9383, 2353, 6624, 
    28805, 1935, 1945, 1115, 2085, 535, 8966, 1136, 8426, 8856, 2566, 346, 5127,
    19217, 667, 5637, 3247, 237, 8678 ]),

    PCGroup(\[ 10, 2, 2, 2, 2, 2, 2, 2, 2, 2, 2, 13032, 643, 17613, 404, 21814, 
    48005, 12495, 1715, 1005, 58246, 15696, 3116, 606, 71687, 10257, 4197, 367, 
    46088, 5778, 5078, 228, 25609, 44819, 10039, 4449 ]),

    PCGroup(\[ 10, 2, 2, 2, 2, 2, 2, 2, 2, 2, 2, 14952, 5933, 7223, 18014, 3724,
    24965, 27855, 14425, 5795, 2805, 1015, 31366, 33616, 16266, 3116, 606, 626, 
    61447, 10257, 12827, 4197, 367, 397, 57608, 5778, 17308, 6158, 5448, 268 ]),

    PCGroup(\[ 10, 2, 2, 2, 2, 2, 2, 2, 2, 2, 2, 3881, 7051, 7752, 21443, 14893,
    5703, 113, 13214, 16335, 58246, 22416, 2266, 3676, 2566, 1316, 346, 71687, 
    23057, 1307, 3557, 3247, 1657, 237, 8678 ]),

    PCGroup(\[ 10, 2, 2, 2, 2, 2, 2, 2, 2, 2, 2, 13992, 1462, 6083, 8493, 8583, 
    34404, 10814, 5824, 434, 2444, 53765, 3855, 7225, 6635, 2085, 535, 51526, 
    16816, 2266, 176, 2566, 346, 64007, 1297, 1307, 9797, 3247, 237, 8678 ]),

    PCGroup(\[ 10, 2, 2, 2, 2, 2, 2, 2, 2, 2, 2, 6091, 10632, 3142, 18883, 4013,
    2113, 3334, 59525, 3855, 4825, 3755, 2085, 535, 44806, 16816, 5066, 5776, 
    2566, 346, 46087, 1297, 4507, 837, 3247, 237, 8678 ]),

    PCGroup(\[ 10, 2, 2, 2, 2, 2, 2, 2, 2, 2, 2, 521, 24842, 7272, 643, 4903, 
    404, 44165, 1935, 13945, 3645, 1015, 8966, 1136, 16826, 4106, 626, 5127, 
    10257, 14747, 8677, 397, 86408, 5778, 19468, 8318, 268 ]),

    PCGroup(\[ 10, 2, 2, 2, 2, 2, 2, 2, 2, 2, 2, 14472, 7222, 18563, 333, 9463, 
    22804, 214, 11724, 44165, 8655, 4355, 285, 1495, 62726, 11216, 4796, 186, 
    1316, 346, 66567, 15377, 9957, 2447, 1657, 237, 8678, 4368 ]),

    PCGroup(\[ 10, 2, 2, 2, 2, 2, 2, 2, 2, 2, 2, 5920, 5931, 17402, 13992, 
    23363, 11693, 5863, 113, 36485, 3855, 12025, 6755, 2085, 1495, 1316, 15367, 
    1297, 17947, 8037, 3247, 1657, 867, 237, 69128, 34578, 8678 ]),

    PCGroup(\[ 10, 2, 2, 2, 2, 2, 2, 2, 2, 2, 2, 3002, 5832, 643, 333, 8423, 
    404, 214, 8624, 3845, 28815, 8185, 1955, 2805, 1015, 2246, 32496, 10106, 
    7596, 606, 626, 20487, 12827, 9317, 367, 397, 11528, 17308, 398, 5448, 268 
    ]),

    PCGroup(\[ 10, 2, 2, 2, 2, 2, 2, 2, 2, 2, 2, 1512, 1462, 12483, 1773, 18404,
    19614, 5424, 834, 2444, 3845, 24015, 1945, 3275, 2085, 535, 2246, 29136, 
    8426, 8576, 2566, 346, 38407, 35857, 667, 197, 3247, 237, 8678 ]),

    PCGroup(\[ 10, 2, 2, 2, 2, 2, 2, 2, 2, 2, 2, 16681, 11642, 432, 40003, 333, 
    20004, 214, 55685, 22095, 8665, 3155, 1725, 1015, 67206, 4496, 9546, 3956, 
    1866, 626, 20487, 2577, 12827, 3557, 3887, 397, 11528, 43218, 17308, 2558, 
    3648, 268 ]),

    PCGroup(\[ 10, 2, 2, 2, 2, 2, 2, 2, 2, 2, 2, 9001, 9611, 13562, 6312, 963, 
    19693, 9703, 1873, 13214, 6624, 28805, 22095, 1945, 7595, 2085, 535, 8966, 
    31376, 8426, 5776, 2566, 346, 5127, 33297, 667, 837, 3247, 237, 8678 ]),

    PCGroup(\[ 10, 2, 2, 2, 2, 2, 2, 2, 2, 2, 2, 13992, 16323, 6253, 5223, 
    18404, 11614, 6624, 4034, 2444, 3845, 14415, 8185, 7115, 2085, 535, 2246, 
    4496, 10106, 4096, 2566, 346, 38407, 2577, 12827, 5317, 3247, 237, 8678 ]),

    PCGroup(\[ 10, 2, 2, 2, 2, 2, 2, 2, 2, 2, 2, 26042, 29123, 14573, 3783, 
    4433, 59525, 19215, 1945, 7595, 2085, 535, 44806, 34736, 8426, 5776, 2566, 
    346, 46087, 21777, 667, 837, 3247, 237, 8678 ]),

    PCGroup(\[ 10, 2, 2, 2, 2, 2, 2, 2, 2, 2, 2, 4491, 5352, 3142, 12483, 19373,
    4263, 10404, 11614, 5424, 234, 2444, 13445, 14415, 1945, 155, 2085, 535, 
    26886, 4496, 8426, 3256, 2566, 346, 25607, 2577, 667, 4357, 3247, 237, 8678 
    ]),

    PCGroup(\[ 10, 2, 2, 2, 2, 2, 2, 2, 2, 2, 2, 15722, 4992, 82, 7614, 3924, 
    1644, 55685, 22095, 3385, 4355, 3525, 1015, 67206, 4496, 11226, 4796, 4246, 
    626, 20487, 2577, 667, 2277, 1327, 397, 11528, 43218, 10108, 3998, 768, 268 
    ]),

    PCGroup(\[ 10, 2, 2, 2, 2, 2, 2, 2, 2, 2, 2, 6312, 12483, 8493, 903, 44004, 
    10814, 4624, 234, 2444, 34565, 3855, 985, 155, 2085, 535, 38086, 16816, 586,
    7736, 2566, 346, 79367, 1297, 9627, 4357, 3247, 237, 8678 ]),

    PCGroup(\[ 10, 2, 2, 2, 2, 2, 2, 2, 2, 2, 2, 28922, 14472, 11203, 19373, 
    9703, 513, 3334, 3845, 29775, 8185, 4955, 2085, 535, 2246, 22416, 10106, 
    4376, 2566, 346, 38407, 23057, 12827, 517, 3247, 237, 8678 ]),

    PCGroup(\[ 10, 2, 2, 2, 2, 2, 2, 2, 2, 2, 2, 4480, 20282, 4582, 6253, 6663, 
    23204, 5214, 5424, 234, 2444, 28805, 6735, 1945, 155, 2085, 535, 8966, 
    13456, 8426, 7736, 2566, 346, 5127, 12817, 667, 9477, 3247, 237, 8678 ]),

    PCGroup(\[ 10, 2, 2, 2, 2, 2, 2, 2, 2, 2, 2, 18362, 9192, 7222, 11203, 
    12333, 1703, 4833, 3334, 44165, 24975, 7225, 1115, 2085, 535, 62726, 28016, 
    2266, 8856, 2566, 346, 66567, 29457, 1307, 5637, 3247, 237, 8678 ]),

    PCGroup(\[ 10, 2, 2, 2, 2, 2, 2, 2, 2, 2, 2, 12602, 37443, 18413, 21604, 
    4414, 5824, 434, 2444, 7685, 11535, 7225, 2795, 2085, 535, 33606, 7856, 
    2266, 176, 2566, 346, 2567, 11537, 1307, 4677, 3247, 237, 8678 ]),

    PCGroup(\[ 10, 2, 2, 2, 2, 2, 2, 2, 2, 2, 2, 10921, 5931, 16442, 4102, 813, 
    4103, 23204, 12414, 7224, 3834, 2444, 2085, 8966, 5616, 306, 456, 2566, 
    1316, 346, 5127, 24337, 19547, 4997, 3247, 1657, 237, 34578, 17308 ]),

    PCGroup(\[ 10, 2, 2, 2, 2, 2, 2, 2, 2, 2, 2, 2952, 963, 1703, 833, 59525, 
    6735, 985, 4235, 2085, 535, 44806, 13456, 586, 5216, 2566, 346, 46087, 
    12817, 9627, 1477, 3247, 237, 8678 ]),

    PCGroup(\[ 10, 2, 2, 2, 2, 2, 2, 2, 2, 2, 2, 2952, 4762, 21123, 4173, 2103, 
    26004, 5014, 2524, 28805, 24015, 14905, 2435, 3165, 1495, 8966, 29136, 
    11226, 7036, 1306, 1316, 346, 5127, 35857, 11547, 2277, 3727, 1657, 237, 
    8678, 4368 ]),

    PCGroup(\[ 10, 2, 2, 2, 2, 2, 2, 2, 2, 2, 2, 8712, 10093, 5703, 113, 19614, 
    12224, 644, 9145, 4595, 29136, 7866, 3956, 606, 35857, 5147, 2597, 367, 
    23058, 2908, 758, 2568, 12819, 22429, 11239, 4449 ]),

    PCGroup(\[ 10, 2, 2, 2, 2, 2, 2, 2, 2, 2, 2, 7081, 51, 10202, 622, 16323, 
    10413, 23204, 9214, 824, 844, 28805, 495, 5545, 2085, 1495, 8966, 1136, 306,
    1316, 346, 5127, 39697, 9307, 1657, 237, 34578 ]),

    PCGroup(\[ 10, 2, 2, 2, 2, 2, 2, 2, 2, 2, 2, 16521, 51, 19322, 7462, 13133, 
    3943, 193, 214, 8224, 144, 49286, 4496, 4516, 1166, 40967, 2577, 7077, 2287,
    80648, 31698, 9398, 408, 12809, 22419, 839, 5249 ]),

    PCGroup(\[ 10, 2, 2, 2, 2, 2, 2, 2, 2, 2, 2, 18601, 51, 25562, 6253, 8583, 
    993, 28804, 9214, 824, 6134, 844, 22085, 495, 5545, 7475, 2085, 1495, 36966,
    1136, 306, 5636, 1316, 346, 78087, 39697, 9307, 5797, 1657, 237, 34578 ]),

    PCGroup(\[ 10, 2, 2, 2, 2, 2, 2, 2, 2, 2, 2, 10321, 9691, 15422, 14472, 82, 
    38723, 10413, 2593, 4414, 2224, 6134, 59525, 3855, 9625, 3635, 3045, 1495, 
    44806, 19056, 586, 5636, 3686, 1316, 346, 46087, 19217, 19867, 5797, 4527, 
    1657, 237, 34578, 17308 ]),

    PCGroup(\[ 10, 2, 2, 2, 2, 2, 2, 2, 2, 2, 2, 12681, 51, 27002, 2422, 18253, 
    10023, 214, 11424, 55685, 1935, 4835, 2805, 1015, 67206, 1136, 1996, 606, 
    626, 20487, 25617, 5477, 367, 397, 11528, 38898, 4718, 5448, 268 ]),

    PCGroup(\[ 10, 2, 2, 2, 2, 2, 2, 2, 2, 2, 2, 10841, 5291, 2162, 552, 382, 
    2723, 1453, 423, 113, 2404, 1024, 1844, 2895, 1465, 755, 25617, 5147, 2597, 
    397, 34578, 2908, 1478, 268 ]),

    PCGroup(\[ 10, 2, 2, 2, 2, 2, 2, 2, 2, 2, 2, 4922, 132, 4462, 6723, 93, 
    7143, 3313, 45604, 8624, 4334, 2544, 55685, 22095, 6265, 995, 1015, 67206, 
    4496, 12906, 3956, 626, 20487, 2577, 15387, 357, 397, 11528, 43218, 14428, 
    10478, 268 ]),

    PCGroup(\[ 10, 2, 2, 2, 2, 2, 2, 2, 2, 2, 2, 15213, 7623, 20004, 814, 5224, 
    4034, 24965, 495, 6025, 515, 31366, 4496, 4506, 316, 2566, 20487, 2577, 
    8987, 5317, 1657, 11528, 20178, 1468, 10298, 2218 ]),

    PCGroup(\[ 10, 2, 2, 2, 2, 2, 2, 2, 2, 2, 2, 5161, 2571, 7802, 11592, 5293, 
    7783, 37604, 20014, 12724, 1244, 3845, 495, 1105, 6035, 1125, 295, 2246, 
    17376, 14166, 7316, 2566, 206, 15377, 17947, 4527, 2928, 1498, 788, 1649, 
    859, 469 ]),

    PCGroup(\[ 10, 2, 2, 2, 2, 2, 2, 2, 2, 2, 2, 13641, 20522, 14112, 7042, 
    13453, 7783, 14004, 1614, 11124, 7685, 3375, 11065, 6035, 1125, 15686, 576, 
    11226, 7316, 1446, 2567, 25297, 6427, 8997, 3247 ]),

    PCGroup(\[ 10, 2, 2, 2, 2, 2, 2, 2, 2, 2, 2, 22682, 2832, 262, 18883, 333, 
    4263, 673, 3204, 214, 5024, 3334, 1344, 1126, 16536, 8426, 2566, 206, 33287,
    16657, 17947, 4527, 11548, 5798, 2928, 788, 6429, 3239, 1649, 469 ]),

    PCGroup(\[ 10, 2, 2, 2, 2, 2, 2, 2, 2, 2, 2, 51, 40003, 9773, 5604, 17214, 
    6624, 234, 3845, 19215, 8185, 155, 2246, 26896, 10106, 5496, 20487, 1297, 
    12827, 6917, 3247, 1657, 11528, 2898, 17308, 3458, 1148 ]),

    PCGroup(\[ 10, 2, 2, 2, 2, 2, 2, 2, 2, 2, 2, 6731, 3912, 6982, 11843, 9453, 
    7863, 673, 2404, 1614, 124, 3334, 1244, 8655, 4345, 6035, 42566, 576, 12766,
    2566, 1876, 206, 15377, 7707, 4527, 5798, 2928, 788, 3239, 1649, 469 ]),

    PCGroup(\[ 10, 2, 2, 2, 2, 2, 2, 2, 2, 2, 2, 521, 7691, 7802, 7752, 5962, 
    333, 2663, 214, 3424, 7685, 1935, 625, 1125, 69446, 1136, 1426, 2836, 1316, 
    2567, 29457, 2747, 1967, 867 ]),

    PCGroup(\[ 10, 2, 2, 2, 2, 2, 2, 2, 2, 2, 2, 2571, 6362, 13872, 262, 8643, 
    15693, 6023, 3153, 3204, 214, 8624, 3334, 444, 1126, 7576, 12906, 5076, 206,
    24977, 17947, 8997, 11548, 5798, 2928, 788, 6429, 3239, 1649, 469 ]),

    PCGroup(\[ 10, 2, 2, 2, 2, 2, 2, 2, 2, 2, 2, 40, 51, 3862, 22403, 11213, 
    6183, 513, 404, 214, 7024, 534, 144, 5765, 2895, 12025, 3155, 58246, 29136, 
    7866, 3956, 2006, 20487, 10257, 5157, 4527, 11528, 5778, 10118, 2928, 1639, 
    1649 ]),

    PCGroup(\[ 10, 2, 2, 2, 2, 2, 2, 2, 2, 2, 2, 8020, 7721, 4851, 28922, 382, 
    7363, 4013, 9703, 39204, 16414, 7024, 48005, 20175, 7705, 2246, 28016, 
    10666, 5127, 1297, 13467, 11528, 2898, 18028, 25609, 6419, 829 ]),

    PCGroup(\[ 10, 2, 2, 2, 2, 2, 2, 2, 2, 2, 2, 5882, 40643, 15533, 183, 1604, 
    19614, 124, 965, 24015, 3745, 6035, 2266, 7316, 1307, 4527, 2297, 5798, 
    2928, 1498, 3239, 1649, 859 ]),

    PCGroup(\[ 10, 2, 2, 2, 2, 2, 2, 2, 2, 2, 2, 681, 9291, 11352, 11843, 10413,
    7623, 4673, 2404, 14014, 10824, 5134, 1244, 4345, 4115, 60486, 21296, 866, 
    3116, 1446, 1316, 206, 25617, 7707, 3247, 34578, 8678, 4368, 1148 ]),

    PCGroup(\[ 10, 2, 2, 2, 2, 2, 2, 2, 2, 2, 2, 2480, 4441, 5882, 2952, 32643, 
    4253, 404, 19514, 9824, 334, 62726, 4496, 7316, 5127, 2577, 4527, 46088, 
    5798, 2928, 25609, 3239, 1649 ]),

    PCGroup(\[ 10, 2, 2, 2, 2, 2, 2, 2, 2, 2, 2, 9923, 4973, 7783, 593, 1604, 
    7214, 6624, 3834, 1844, 965, 8175, 8185, 4475, 2085, 175, 40326, 11216, 
    14586, 6196, 3686, 206, 5798, 2928, 1498, 3239, 1649, 859 ]),

    PCGroup(\[ 10, 2, 2, 2, 2, 2, 2, 2, 2, 2, 2, 2040, 9641, 8131, 18362, 10632,
    3862, 15683, 4013, 2593, 50404, 13214, 3845, 7695, 4115, 2085, 2246, 22416, 
    10106, 5076, 1316, 20487, 2577, 12827, 6437, 11528, 24498, 17308, 4368, 618 
    ]),

    PCGroup(\[ 10, 2, 2, 2, 2, 2, 2, 2, 2, 2, 2, 7051, 19562, 7632, 6322, 12973,
    3943, 39204, 8424, 4934, 244, 20175, 265, 5075, 175, 71687, 20497, 10267, 
    2597, 46088, 40338, 20188, 1478, 25609, 6419, 6429, 11239 ]),

    PCGroup(\[ 10, 2, 2, 2, 2, 2, 2, 2, 2, 2, 2, 2571, 15962, 1512, 18883, 5293,
    263, 1073, 17614, 4934, 33605, 1935, 395, 8966, 1136, 5626, 5636, 3686, 756,
    5127, 22417, 12827, 3237, 4527, 1657 ]),

    PCGroup(\[ 10, 2, 2, 2, 2, 2, 2, 2, 2, 2, 2, 7051, 3002, 9552, 3142, 4663, 
    3553, 23204, 19614, 124, 4534, 2244, 28805, 24015, 8665, 5555, 3045, 1495, 
    8966, 13456, 586, 2836, 3966, 1316, 346, 5127, 12817, 19867, 3877, 4207, 
    1657, 237, 17308 ]),

    PCGroup(\[ 10, 2, 2, 2, 2, 2, 2, 2, 2, 2, 2, 814, 8224, 495, 10105, 24656, 
    14586, 1166, 336, 35857, 5147, 4207, 217, 23058, 2908, 408, 2398, 12819, 
    22429, 2849, 2259 ]),

    PCGroup(\[ 10, 2, 2, 2, 2, 2, 2, 2, 2, 2, 2, 5131, 15192, 4973, 10183, 3793,
    814, 9824, 5234, 1644, 495, 995, 2085, 1015, 4496, 176, 1446, 626, 2577, 
    17947, 8037, 1017, 867, 397 ]),

    PCGroup(\[ 10, 2, 2, 2, 2, 2, 2, 2, 2, 2, 2, 18093, 4033, 25214, 1935, 5795,
    1136, 5636, 2566, 10257, 677, 3247, 1657, 5778, 6158, 1148 ]),

    PCGroup(\[ 10, 2, 2, 2, 2, 2, 2, 2, 2, 2, 2, 14472, 5782, 4973, 8583, 13614,
    6624, 3634, 844, 15855, 995, 535, 22416, 10106, 4656, 1316, 346, 23057, 
    12827, 357, 3247, 237 ]),

    PCGroup(\[ 10, 2, 2, 2, 2, 2, 2, 2, 2, 2, 2, 5293, 673, 814, 2934, 1844, 
    495, 1715, 2085, 175, 20176, 1716, 3686, 206, 2928, 1498, 1649, 859 ]),

    PCGroup(\[ 10, 2, 2, 2, 2, 2, 2, 2, 2, 2, 2, 23162, 13752, 3022, 4803, 2413,
    8023, 113, 1624, 3845, 24975, 11665, 2195, 3045, 295, 2246, 28016, 15566, 
    5076, 3686, 206, 347, 8997, 5798, 1498, 788, 3239, 859, 469 ]),

    PCGroup(\[ 10, 2, 2, 2, 2, 2, 2, 2, 2, 2, 2, 3672, 1942, 15533, 2663, 1313, 
    814, 11224, 4034, 495, 985, 4355, 4496, 586, 4796, 2566, 756, 2577, 15707, 
    5317, 1967, 1657 ]),

    PCGroup(\[ 10, 2, 2, 2, 2, 2, 2, 2, 2, 2, 2, 183, 124, 3385, 3395, 1965, 
    2266, 4516, 2006, 1307, 7077, 1327, 11548, 2558, 768, 6429, 839, 249 ]),

    PCGroup(\[ 10, 2, 2, 2, 2, 2, 2, 2, 2, 2, 2, 20333, 3303, 2513, 19614, 534, 
    1644, 8655, 1475, 1125, 175, 2276, 25617, 5477, 1007, 1657, 237, 758 ]),

    PCGroup(\[ 10, 2, 2, 2, 2, 2, 2, 2, 2, 2, 2, 7520, 14361, 5731, 1562, 852, 
    5302, 93, 583, 3793, 1604, 3214, 2824, 234, 844, 965, 12975, 3145, 155, 535,
    8966, 1136, 6466, 1156, 2566, 1316, 346, 5127, 8337, 8667, 677, 3247, 1657, 
    237 ]),

    PCGroup(\[ 10, 2, 2, 2, 2, 2, 2, 2, 2, 2, 2, 9824, 3934, 1144, 10105, 515, 
    765, 1735, 12346, 316, 746, 1036, 626, 17947, 2597, 2607, 1187, 11548, 1478,
    768, 1498, 6429, 11239, 5649, 859 ]),

    PCGroup(\[ 10, 2, 2, 2, 2, 2, 2, 2, 2, 2, 2, 27002, 13512, 2422, 643, 333, 
    4983, 4993, 404, 214, 10124, 5734, 344, 12985, 6515, 3285, 67206, 33616, 
    7866, 1166, 626, 20487, 10257, 15387, 9637, 397, 11528, 5778, 14428, 408, 
    268 ]),

    PCGroup(\[ 10, 2, 2, 2, 2, 2, 2, 2, 2, 2, 2, 8531, 24643, 2813, 1063, 113, 
    48804, 22014, 12224, 844, 59525, 19215, 14905, 3635, 2085, 1495, 44806, 
    1136, 11226, 5076, 1316, 346, 46087, 19217, 11547, 1657, 237, 34578 ]),

    PCGroup(\[ 10, 2, 2, 2, 2, 2, 2, 2, 2, 2, 2, 17961, 27002, 36163, 493, 7303,
    113, 24804, 7824, 8185, 995, 285, 1015, 10106, 2276, 186, 626, 10257, 15387,
    677, 1327, 397, 5778, 14428, 398, 768, 268 ]),

    PCGroup(\[ 10, 2, 2, 2, 2, 2, 2, 2, 2, 2, 2, 9001, 5131, 8493, 5383, 113, 
    6814, 28805, 6735, 515, 1125, 1375, 8966, 11216, 15706, 2556, 3966, 1316, 
    346, 5127, 15377, 16667, 2277, 4207, 1657, 237, 7958 ]),

    PCGroup(\[ 10, 2, 2, 2, 2, 2, 2, 2, 2, 2, 2, 242, 3862, 163, 2593, 23614, 
    6024, 834, 844, 3845, 19215, 10825, 3275, 2085, 535, 2246, 34736, 7586, 
    6336, 2566, 346, 38407, 21777, 12507, 197, 3247, 237 ]),

    PCGroup(\[ 10, 2, 2, 2, 2, 2, 2, 2, 2, 2, 2, 7783, 6014, 824, 3934, 2044, 
    1935, 3625, 1475, 2085, 295, 1136, 306, 1436, 2566, 206, 12827, 4527, 2928, 
    1498, 788, 1649, 859, 469 ]),

    PCGroup(\[ 10, 2, 2, 2, 2, 2, 2, 2, 2, 2, 2, 15081, 2411, 22682, 3672, 
    18243, 8173, 183, 1313, 27204, 16014, 124, 844, 31685, 17295, 6865, 4115, 
    535, 8966, 1136, 16406, 2566, 346, 5127, 657, 8187, 1657, 237 ]),

    PCGroup(\[ 10, 2, 2, 2, 2, 2, 2, 2, 2, 2, 2, 5063, 1313, 6814, 424, 4034, 
    8655, 265, 515, 11216, 6746, 316, 2566, 756, 15377, 6427, 5317, 1967, 1657 
    ]),

    PCGroup(\[ 10, 2, 2, 2, 2, 2, 2, 2, 2, 2, 2, 14042, 10872, 7342, 39363, 
    14893, 663, 1713, 3204, 814, 2724, 3334, 444, 14405, 495, 6625, 2195, 295, 
    1126, 8416, 166, 5076, 206, 6747, 8997, 5798, 2928, 1498, 788, 3239, 1649, 
    859, 469 ]),

    PCGroup(\[ 10, 2, 2, 2, 2, 2, 2, 2, 2, 2, 2, 11592, 982, 9923, 333, 5703, 
    2913, 1604, 214, 1224, 3334, 244, 965, 7455, 1225, 4115, 175, 20176, 3386, 
    7316, 206, 5798, 2928, 1498, 3239, 1649, 859 ]),

    PCGroup(\[ 10, 2, 2, 2, 2, 2, 2, 2, 2, 2, 2, 3081, 811, 11402, 1512, 922, 
    31363, 16013, 9143, 673, 38804, 14414, 1724, 444, 19205, 15615, 10585, 4115,
    1125, 295, 20166, 576, 7306, 2836, 2566, 206 ]),

    PCGroup(\[ 10, 2, 2, 2, 2, 2, 2, 2, 2, 2, 2, 33603, 8423, 20004, 5024, 5334,
    1244, 32645, 16335, 8185, 4115, 2085, 40326, 20176, 10106, 8436, 606, 1316, 
    626, 51207, 25617, 12827, 2597, 367, 1657, 397, 69128, 34578, 17308, 1478, 
    5448, 2218, 268 ]),

    PCGroup(\[ 10, 2, 2, 2, 2, 2, 2, 2, 2, 2, 2, 8173, 2343, 1393, 39204, 19614,
    9824, 1935, 6985, 1475, 295, 1136, 7586, 1436, 206, 46088, 23058, 11548, 
    25609, 12819, 6429 ]),

    PCGroup(\[ 10, 2, 2, 2, 2, 2, 2, 2, 2, 2, 2, 11642, 7752, 6262, 9063, 1633, 
    45604, 10014, 9024, 734, 1044, 55685, 12495, 11065, 285, 1015, 67206, 15696,
    2266, 186, 626, 20487, 30737, 1307, 3727, 397, 11528, 28818, 21628, 4908, 
    268 ]),

    PCGroup(\[ 10, 2, 2, 2, 2, 2, 2, 2, 2, 2, 2, 5131, 25082, 28483, 18093, 
    9063, 4193, 15614, 10624, 4534, 13945, 5555, 285, 1015, 16826, 1156, 186, 
    626, 5147, 677, 3727, 397, 2908, 10838, 4908, 268 ]),

    PCGroup(\[ 10, 2, 2, 2, 2, 2, 2, 2, 2, 2, 2, 19241, 23162, 13123, 10404, 
    14814, 12224, 1334, 1244, 13445, 12495, 3385, 3155, 885, 655, 58246, 15696, 
    1156, 2286, 616, 71687, 10257, 677, 3567, 1177, 46088, 5778, 5078, 4728, 
    238, 25609, 44819, 8839, 449, 2659 ]),

    PCGroup(\[ 10, 2, 2, 2, 2, 2, 2, 2, 2, 2, 2, 5832, 502, 10093, 583, 2273, 
    814, 1024, 3034, 244, 495, 1465, 3515, 175, 71687, 35857, 5147, 5157, 46088,
    23058, 2908, 10118, 25609, 12819, 22429, 1639 ]),

    PCGroup(\[ 10, 2, 2, 2, 2, 2, 2, 2, 2, 2, 2, 5120, 25082, 12552, 2902, 
    36163, 18093, 2023, 2593, 31204, 9024, 5334, 13945, 5555, 285, 1015, 16826, 
    1156, 186, 626, 5147, 677, 3727, 397, 2908, 10838, 4908, 268 ]),

    PCGroup(\[ 10, 2, 2, 2, 2, 2, 2, 2, 2, 2, 2, 3211, 25082, 7143, 1633, 45604,
    12414, 11424, 4334, 2244, 55685, 11065, 6515, 285, 1015, 67206, 2266, 2276, 
    186, 626, 20487, 1307, 9637, 3727, 397, 11528, 21628, 758, 4908, 268 ]),

    PCGroup(\[ 10, 2, 2, 2, 2, 2, 2, 2, 2, 2, 2, 81, 62, 15683, 5933, 2023, 
    20004, 11214, 424, 3845, 7695, 265, 2246, 14016, 2266, 20487, 16657, 1307, 
    11528, 1458, 10108 ]),

    PCGroup(\[ 10, 2, 2, 2, 2, 2, 2, 2, 2, 2, 2, 10521, 7491, 242, 7332, 163, 
    18653, 13604, 25214, 5424, 6334, 244, 17285, 21135, 1945, 5315, 175, 8976, 
    4506, 2276, 51207, 21777, 667, 8037, 3247, 1657, 237, 2898, 1468, 758 ]),

    PCGroup(\[ 10, 2, 2, 2, 2, 2, 2, 2, 2, 2, 2, 2281, 491, 1562, 6432, 3082, 
    20163, 10093, 5303, 353, 1604, 814, 124, 244, 965, 495, 15265, 4115, 175, 
    20487, 10257, 15387, 6437, 1657, 397, 11528, 28818, 2908, 4368, 268 ]),

    PCGroup(\[ 10, 2, 2, 2, 2, 2, 2, 2, 2, 2, 2, 7360, 14761, 3211, 26762, 
    14352, 6262, 14893, 183, 2113, 36004, 10814, 124, 5734, 144, 51845, 16335, 
    6265, 6515, 655, 67206, 26896, 10106, 1156, 606, 616, 626, 5127, 25617, 
    12827, 2597, 1327, 2457, 397, 11528, 25938, 17308, 10838, 5448, 238, 268 ]),

    PCGroup(\[ 10, 2, 2, 2, 2, 2, 2, 2, 2, 2, 2, 15482, 7752, 3622, 19523, 9773,
    10023, 20004, 10014, 10224, 234, 3845, 1935, 3865, 155, 2246, 1136, 2266, 
    8016, 2566, 20487, 10257, 11547, 3397, 1657, 11528, 5778, 12268, 3458, 1148 
    ]),

    PCGroup(\[ 10, 2, 2, 2, 2, 2, 2, 2, 2, 2, 2, 3912, 5782, 8643, 8813, 343, 
    3233, 3204, 814, 8724, 3334, 444, 14405, 495, 145, 2195, 295, 1126, 8416, 
    13046, 5076, 206, 12827, 8997, 5798, 2928, 1498, 788, 3239, 1649, 859, 469 
    ]),

    PCGroup(\[ 10, 2, 2, 2, 2, 2, 2, 2, 2, 2, 2, 5600, 8681, 25802, 14832, 4822,
    30403, 9133, 7863, 2273, 27204, 14814, 124, 4934, 1844, 965, 10575, 15265, 
    4115, 2085, 175, 40326, 33616, 16826, 7316, 3686, 206, 46088, 23058, 5798, 
    2928, 1498, 25609, 12819, 3239, 1649, 859 ]),

    PCGroup(\[ 10, 2, 2, 2, 2, 2, 2, 2, 2, 2, 2, 160, 9801, 5162, 11592, 6742, 
    24003, 653, 2263, 1633, 6725, 255, 14545, 2195, 175, 13446, 11216, 7866, 
    5076, 206, 69128, 8678, 2218 ]),

    PCGroup(\[ 10, 2, 2, 2, 2, 2, 2, 2, 2, 2, 2, 281, 132, 93, 5604, 5214, 424, 
    234, 3845, 23055, 265, 155, 2246, 4496, 1986, 1016, 61447, 2577, 16987, 
    8517, 1657, 57608, 24498, 16228, 8138, 4368, 1148 ]),

    PCGroup(\[ 10, 2, 2, 2, 2, 2, 2, 2, 2, 2, 2, 5592, 963, 9773, 663, 3233, 
    2885, 1935, 11185, 2195, 295, 5606, 1136, 166, 5076, 206, 12827, 8997, 5798,
    1498, 788, 3239, 859, 469 ]),

    PCGroup(\[ 10, 2, 2, 2, 2, 2, 2, 2, 2, 2, 2, 11402, 13392, 5782, 643, 18733,
    4823, 404, 23614, 8024, 3845, 3855, 10345, 2195, 2085, 2246, 7856, 7446, 
    5076, 1446, 17927, 1297, 10587, 3877, 3247 ]),

    PCGroup(\[ 10, 2, 2, 2, 2, 2, 2, 2, 2, 2, 2, 5131, 9552, 28483, 333, 8343, 
    2593, 36004, 214, 424, 3334, 1644, 44165, 1935, 265, 2195, 1015, 8966, 1136,
    13606, 1446, 1316, 626, 5127, 29457, 9147, 1967, 1657, 397 ]),

    PCGroup(\[ 10, 2, 2, 2, 2, 2, 2, 2, 2, 2, 2, 14472, 22014, 5024, 734, 6735, 
    9145, 285, 4496, 8986, 186, 2577, 5147, 1167, 23058, 2908, 2028, 12819, 
    1629, 3849 ]),

    PCGroup(\[ 10, 2, 2, 2, 2, 2, 2, 2, 2, 2, 2, 10921, 4171, 25082, 10632, 
    3862, 22083, 7853, 8823, 193, 28004, 10014, 2924, 144, 6265, 17926, 26896, 
    6756, 606, 1036, 626, 76807, 2577, 677, 2287, 1977, 397, 5768, 43218, 10838,
    3288, 1858, 268 ]),

    PCGroup(\[ 10, 2, 2, 2, 2, 2, 2, 2, 2, 2, 2, 5131, 242, 163, 15614, 55685, 
    5555, 285, 1015, 67206, 1156, 186, 626, 20487, 677, 3727, 397, 11528, 21628,
    4908, 268 ]),

    PCGroup(\[ 10, 2, 2, 2, 2, 2, 2, 2, 2, 2, 2, 1082, 13032, 262, 8643, 14253, 
    583, 113, 9024, 5555, 67206, 4496, 2826, 6756, 606, 626, 20487, 2577, 1947, 
    4517, 367, 397, 11528, 43218, 22348, 7238, 5448, 268 ]),

    PCGroup(\[ 10, 2, 2, 2, 2, 2, 2, 2, 2, 2, 2, 13123, 7533, 29604, 814, 36485,
    495, 58246, 15696, 2266, 71687, 10257, 1307, 46088, 5778, 10108, 25609, 
    44819, 17629 ]),

    PCGroup(\[ 10, 2, 2, 2, 2, 2, 2, 2, 2, 2, 2, 11642, 13992, 2902, 36163, 
    18733, 8743, 3713, 36004, 21214, 624, 4534, 144, 40326, 16826, 8436, 606, 
    626, 51207, 5147, 2597, 367, 397, 69128, 2908, 1478, 5448, 268 ]),

    PCGroup(\[ 10, 2, 2, 2, 2, 2, 2, 2, 2, 2, 2, 7051, 5302, 33603, 10413, 9063,
    1953, 15614, 7824, 32645, 27855, 11065, 6995, 285, 1015, 40326, 33616, 2266,
    8436, 186, 626, 51207, 10257, 1307, 2597, 3727, 397, 69128, 5778, 21628, 
    1478, 4908, 268 ]),

    PCGroup(\[ 10, 2, 2, 2, 2, 2, 2, 2, 2, 2, 2, 27002, 2952, 1462, 28483, 6573,
    9063, 1633, 11424, 4534, 13945, 5555, 285, 1015, 16826, 1156, 186, 626, 
    5147, 677, 3727, 397, 2908, 10838, 4908, 268 ]),

    PCGroup(\[ 10, 2, 2, 2, 2, 2, 2, 2, 2, 2, 2, 27002, 10632, 6742, 7853, 2983,
    3073, 8414, 9024, 2134, 2244, 55685, 22095, 6265, 285, 1015, 67206, 4496, 
    7866, 186, 626, 20487, 2577, 15387, 3727, 397, 11528, 43218, 14428, 4908, 
    268 ]),

    PCGroup(\[ 10, 2, 2, 2, 2, 2, 2, 2, 2, 2, 2, 4013, 5223, 833, 18014, 7824, 
    734, 1644, 55685, 22095, 985, 7235, 3525, 1015, 67206, 4496, 586, 8156, 
    4246, 626, 20487, 2577, 14747, 8677, 1327, 397, 11528, 43218, 19468, 8318, 
    768, 268 ]),

    PCGroup(\[ 10, 2, 2, 2, 2, 2, 2, 2, 2, 2, 2, 11642, 12552, 3862, 2023, 1633,
    5024, 3134, 55685, 12495, 11065, 285, 1015, 67206, 15696, 2266, 186, 626, 
    20487, 30737, 1307, 3727, 397, 11528, 28818, 21628, 4908, 268 ]),

    PCGroup(\[ 10, 2, 2, 2, 2, 2, 2, 2, 2, 2, 2, 25082, 4872, 5302, 7143, 993, 
    36004, 10014, 11424, 1134, 644, 55685, 22095, 5305, 4115, 285, 1015, 67206, 
    4496, 13466, 5076, 186, 626, 20487, 2577, 8987, 6437, 3727, 397, 11528, 
    43218, 12988, 8678, 4908, 268 ]),

    PCGroup(\[ 10, 2, 2, 2, 2, 2, 2, 2, 2, 2, 2, 27002, 10632, 14253, 9063, 
    10014, 424, 12495, 265, 67206, 4496, 10106, 5076, 2006, 1036, 626, 20487, 
    2577, 12827, 6437, 3887, 1977, 397, 11528, 43218, 17308, 8678, 3648, 1858, 
    268 ]),

    PCGroup(\[ 10, 2, 2, 2, 2, 2, 2, 2, 2, 2, 2, 5882, 4872, 15683, 14253, 2023,
    1953, 42404, 10014, 11424, 3334, 644, 13945, 5555, 285, 1015, 16826, 1156, 
    186, 626, 5147, 677, 3727, 397, 2908, 10838, 4908, 268 ]),

    PCGroup(\[ 10, 2, 2, 2, 2, 2, 2, 2, 2, 2, 2, 11843, 18093, 513, 45604, 
    18014, 734, 344, 55685, 22095, 985, 4115, 1015, 67206, 4496, 586, 5076, 626,
    20487, 2577, 14747, 6437, 397, 11528, 43218, 19468, 8678, 268 ]),

    PCGroup(\[ 10, 2, 2, 2, 2, 2, 2, 2, 2, 2, 2, 331, 15482, 7752, 9383, 193, 
    45604, 8414, 3024, 5334, 144, 67206, 33616, 7866, 3956, 606, 626, 20487, 
    10257, 15387, 7717, 367, 397, 11528, 5778, 14428, 7238, 5448, 268 ]),

    PCGroup(\[ 10, 2, 2, 2, 2, 2, 2, 2, 2, 2, 2, 4752, 2362, 333, 3383, 2433, 
    214, 6124, 3134, 1544, 1935, 3865, 3395, 525, 1136, 7866, 2276, 1866, 10257,
    1307, 3557, 207, 5778, 7948, 758, 1308 ]),

    PCGroup(\[ 10, 2, 2, 2, 2, 2, 2, 2, 2, 2, 2, 9600, 19721, 251, 13562, 1872, 
    5782, 38723, 19533, 2023, 4833, 214, 5824, 6134, 3044, 17285, 24975, 12025, 
    3635, 1125, 1495, 8966, 16816, 2266, 7316, 606, 1316, 346, 5127, 1297, 1307,
    8997, 367, 1657, 237, 34578 ]),

    PCGroup(\[ 10, 2, 2, 2, 2, 2, 2, 2, 2, 2, 2, 2601, 2091, 27002, 5592, 36163,
    7533, 2404, 11214, 7024, 3534, 144, 26895, 12025, 6035, 67206, 28576, 3386, 
    1716, 2566, 1876, 206, 1297, 4527, 23058, 11548, 5798, 2928, 788, 12819, 
    6429, 3239, 1649, 469 ]),

    PCGroup(\[ 10, 2, 2, 2, 2, 2, 2, 2, 2, 2, 2, 240, 1161, 331, 25082, 4872, 
    982, 643, 6573, 8423, 1793, 404, 21214, 12224, 1144, 8185, 4115, 645, 17926,
    26896, 7876, 3406, 1316, 206, 40967, 20497, 5157, 2607, 5768, 31698, 2198, 
    4008, 1138, 268, 12809, 6419, 1639, 849 ]),

    PCGroup(\[ 10, 2, 2, 2, 2, 2, 2, 2, 2, 2, 2, 960, 2601, 3002, 19523, 18093, 
    6183, 4513, 19614, 9824, 19205, 20175, 10585, 2195, 1255, 2246, 33616, 
    16266, 7316, 1316, 206, 51207, 35857, 12827, 2297, 557, 46088, 5798, 1498, 
    788, 25609, 3239, 859, 469 ]),

    PCGroup(\[ 10, 2, 2, 2, 2, 2, 2, 2, 2, 2, 2, 2663, 3024, 234, 444, 985, 155,
    1125, 775, 586, 8856, 1316, 206, 7707, 3877, 2297, 2928, 1498, 788, 1649, 
    859, 469 ]),

    PCGroup(\[ 10, 2, 2, 2, 2, 2, 2, 2, 2, 2, 2, 1162, 15683, 7853, 1463, 2433, 
    7204, 3614, 124, 934, 144, 32645, 16335, 7225, 4115, 175, 14586, 7707, 3877,
    3247, 2297, 5798, 2928, 3239, 1649 ]),

    PCGroup(\[ 10, 2, 2, 2, 2, 2, 2, 2, 2, 2, 2, 40, 14521, 4331, 2472, 19043, 
    2093, 6183, 113, 18404, 11614, 5824, 2444, 3845, 29775, 7225, 4115, 1495, 
    33606, 2266, 5636, 2566, 1316, 346, 2567, 25617, 1307, 677, 3247, 1657, 237,
    69128 ]),

    PCGroup(\[ 10, 2, 2, 2, 2, 2, 2, 2, 2, 2, 2, 11592, 5782, 20803, 5223, 2593,
    24804, 3614, 11024, 5034, 444, 3845, 20175, 2905, 155, 2085, 1255, 2246, 
    6736, 11786, 6616, 1316, 206, 51207, 12827, 6437, 2297, 2928, 1498, 788, 
    1649, 859, 469 ]),

    PCGroup(\[ 10, 2, 2, 2, 2, 2, 2, 2, 2, 2, 2, 3912, 1942, 9283, 9453, 7863, 
    673, 24804, 1614, 124, 3334, 2044, 3845, 14895, 14305, 1125, 295, 2246, 576,
    12766, 2566, 206, 25617, 12827, 4527, 5798, 2928, 1498, 788, 3239, 1649, 
    859, 469 ]),

    PCGroup(\[ 10, 2, 2, 2, 2, 2, 2, 2, 2, 2, 2, 840, 11881, 51, 15002, 28483, 
    1293, 1703, 3873, 6404, 214, 824, 1734, 2444, 965, 19935, 13465, 2085, 1495,
    2246, 5896, 306, 5076, 756, 906, 5127, 28497, 16027, 1967, 867, 557, 46088, 
    23058, 25609, 12819 ]),

    PCGroup(\[ 10, 2, 2, 2, 2, 2, 2, 2, 2, 2, 2, 2160, 21002, 132, 4582, 36483, 
    93, 6503, 1153, 404, 7914, 3424, 3334, 144, 13445, 20175, 12025, 5075, 895, 
    31366, 71687, 10267, 5157, 4527, 697, 46088, 20188, 10118, 2928, 418, 25609,
    6429, 3239, 849, 2859 ]),

    PCGroup(\[ 10, 2, 2, 2, 2, 2, 2, 2, 2, 2, 2, 22814, 6624, 27855, 8185, 2675,
    1365, 40326, 33616, 16826, 4246, 336, 626, 51207, 10257, 5147, 1327, 217, 
    397, 69128, 5778, 2908, 768, 2758, 268 ]),

    PCGroup(\[ 10, 2, 2, 2, 2, 2, 2, 2, 2, 2, 2, 20, 3722, 252, 262, 163, 2493, 
    743, 513, 404, 114, 534, 144, 5765, 438, 279 ]),

    PCGroup(\[ 10, 2, 2, 2, 2, 2, 2, 2, 2, 2, 2, 13214, 11424, 55685, 16335, 
    3385, 6515, 1735, 67206, 5076, 336, 626, 20487, 6437, 217, 397, 11528, 8678,
    2758, 268 ]),

    PCGroup(\[ 10, 2, 2, 2, 2, 2, 2, 2, 2, 2, 2, 51, 16323, 6253, 26404, 11614, 
    11824, 234, 844, 32645, 14415, 9625, 155, 535, 40326, 1136, 8426, 3256, 
    2566, 1316, 906, 51207, 23057, 10907, 4357, 867, 237, 34578 ]),

    PCGroup(\[ 10, 2, 2, 2, 2, 2, 2, 2, 2, 2, 2, 132, 93, 4224, 1334, 1844, 
    5305, 1715, 2325, 4506, 1156, 2286, 10257, 10267, 677, 1327, 5778, 1468, 
    5798, 768, 3229, 3239, 449 ]),

    PCGroup(\[ 10, 2, 2, 2, 2, 2, 2, 2, 2, 2, 2, 4822, 10183, 1873, 10624, 1434,
    3044, 14905, 635, 1125, 175, 12346, 2836, 2566, 206, 17308, 8678, 4368, 2218
    ]),

    PCGroup(\[ 10, 2, 2, 2, 2, 2, 2, 2, 2, 2, 2, 263, 113, 624, 144, 2276, 606, 
    5157, 367, 11548, 1478, 2928, 6429, 839, 1649 ]),

    PCGroup(\[ 10, 2, 2, 2, 2, 2, 2, 2, 2, 2, 2, 7040, 17641, 26522, 192, 82, 
    25923, 32804, 814, 8424, 2534, 2644, 40325, 495, 265, 5075, 3045, 175, 
    29136, 14586, 10267, 8997, 4527, 2297, 23058, 2908, 5798, 2928, 1498, 12819,
    22429, 3239, 1649, 859 ]),

    PCGroup(\[ 10, 2, 2, 2, 2, 2, 2, 2, 2, 2, 2, 10761, 11642, 333, 3943, 214, 
    11424, 25935, 6265, 7235, 285, 8976, 7866, 8156, 186, 20487, 38417, 15387, 
    7397, 4367, 1657, 867, 11528, 2898, 14428, 9758, 4188, 2218, 1148 ]),

    PCGroup(\[ 10, 2, 2, 2, 2, 2, 2, 2, 2, 2, 2, 19881, 15482, 14952, 1942, 
    40003, 13933, 7863, 673, 50404, 814, 124, 3334, 2044, 3845, 495, 14305, 
    4115, 3045, 1255, 2246, 17376, 17246, 7316, 2566, 1316, 206, 51207, 35857, 
    12827, 4527, 2297, 557, 23058, 5798, 2928, 1498, 788, 12819, 3239, 1649, 
    859, 469 ]),

    PCGroup(\[ 10, 2, 2, 2, 2, 2, 2, 2, 2, 2, 2, 9641, 9931, 11642, 132, 4163, 
    93, 10023, 20004, 17214, 1634, 3845, 3855, 10825, 2085, 2246, 8976, 12066, 
    2566, 20487, 1297, 4037, 1657, 867, 11528, 2898, 218, 2218, 1148 ]),

    PCGroup(\[ 10, 2, 2, 2, 2, 2, 2, 2, 2, 2, 2, 20121, 1611, 3972, 382, 31043, 
    93, 5223, 273, 39204, 23614, 3624, 234, 244, 48005, 19215, 4105, 155, 175, 
    8976, 1297, 8667, 4997, 3247, 1657, 237, 2898 ]),

    PCGroup(\[ 10, 2, 2, 2, 2, 2, 2, 2, 2, 2, 2, 12601, 51, 17402, 2902, 38723, 
    4973, 29604, 24814, 7424, 495, 14905, 7475, 24656, 15706, 4516, 2286, 20487,
    2577, 14107, 2137, 11528, 20178, 18748, 2038, 12819, 11229, 839, 449 ]),

    PCGroup(\[ 10, 2, 2, 2, 2, 2, 2, 2, 2, 2, 2, 17443, 10573, 5223, 193, 21404,
    13014, 6624, 144, 20176, 7866, 2276, 2846, 1316, 51207, 10257, 15387, 4517, 
    367, 1657, 867, 69128, 5778, 14428, 6518, 5448, 2218, 1148 ]),

    PCGroup(\[ 10, 2, 2, 2, 2, 2, 2, 2, 2, 2, 2, 6120, 12281, 35203, 10413, 
    3623, 3873, 404, 9214, 11024, 3934, 844, 59525, 1935, 8185, 6035, 3165, 
    1495, 44806, 1136, 10106, 7316, 3546, 906, 5127, 39697, 12827, 2277, 1967, 
    1657, 867, 237, 69128 ]),

    PCGroup(\[ 10, 2, 2, 2, 2, 2, 2, 2, 2, 2, 2, 3520, 11801, 1411, 3312, 2662, 
    20803, 5453, 5223, 4353, 18404, 214, 3424, 2334, 2744, 3845, 19215, 12025, 
    4355, 3045, 1495, 2246, 16816, 14586, 4796, 3686, 906, 71687, 12817, 19867, 
    3877, 2447, 1657, 867, 237, 34578 ]),

    PCGroup(\[ 10, 2, 2, 2, 2, 2, 2, 2, 2, 2, 2, 242, 8952, 163, 12013, 12004, 
    13214, 11424, 434, 444, 3845, 8655, 3625, 3155, 1125, 1255, 2246, 11216, 
    16826, 176, 1316, 206, 51207, 35857, 2297, 2928, 1498, 788, 1649, 859, 469 
    ]),

    PCGroup(\[ 10, 2, 2, 2, 2, 2, 2, 2, 2, 2, 2, 81, 62, 38723, 17133, 183, 
    1313, 1604, 14414, 124, 844, 965, 29055, 1945, 4115, 535, 44806, 18496, 
    6046, 1316, 346, 46087, 14417, 667, 3247, 237 ]),

    PCGroup(\[ 10, 2, 2, 2, 2, 2, 2, 2, 2, 2, 2, 81, 2571, 62, 1942, 1604, 3414,
    1624, 965, 1935, 1105, 8966, 1136, 726, 2566, 756, 5127, 977, 347, 1967, 
    1657 ]),

    PCGroup(\[ 10, 2, 2, 2, 2, 2, 2, 2, 2, 2, 2, 30422, 982, 643, 4973, 6983, 
    2913, 404, 814, 2624, 3334, 244, 14885, 495, 3385, 4115, 175, 40326, 3386, 
    7316, 206, 5798, 2928, 1498, 3239, 1649, 859 ]),

    PCGroup(\[ 10, 2, 2, 2, 2, 2, 2, 2, 2, 2, 2, 7533, 814, 2624, 6034, 495, 
    3385, 995, 8976, 2266, 1996, 2566, 17937, 1307, 357, 3247, 2898, 10108, 
    8138, 2218 ]),

    PCGroup(\[ 10, 2, 2, 2, 2, 2, 2, 2, 2, 2, 2, 4841, 7752, 12483, 8493, 183, 
    1313, 1604, 14414, 124, 844, 965, 3855, 4705, 535, 8966, 18496, 16406, 5076,
    1316, 346, 5127, 1297, 17467, 3247, 237 ]),

    PCGroup(\[ 10, 2, 2, 2, 2, 2, 2, 2, 2, 2, 2, 5120, 15401, 11592, 3862, 
    22723, 2093, 183, 1604, 3214, 124, 3334, 965, 1935, 8545, 2085, 8966, 1136, 
    2966, 1446, 5127, 657, 2107, 3877, 1017, 867 ]),

    PCGroup(\[ 10, 2, 2, 2, 2, 2, 2, 2, 2, 2, 2, 15401, 1291, 23162, 982, 9923, 
    333, 5863, 3553, 1604, 214, 9024, 1844, 965, 7455, 3385, 2195, 2085, 175, 
    40326, 6736, 3386, 7316, 3686, 206, 5798, 2928, 1498, 3239, 1649, 859 ]),

    PCGroup(\[ 10, 2, 2, 2, 2, 2, 2, 2, 2, 2, 2, 1280, 4521, 27843, 4333, 2183, 
    12414, 234, 444, 17285, 1935, 155, 2085, 1255, 1136, 4376, 1316, 206, 25617,
    6437, 2297, 46088, 2928, 1498, 788, 25609, 1649, 859, 469 ]),

    PCGroup(\[ 10, 2, 2, 2, 2, 2, 2, 2, 2, 2, 2, 242, 132, 622, 163, 93, 743, 
    113, 4004, 2014, 1424, 985, 515, 586, 316, 10257, 12827, 6437, 397, 5778, 
    17308, 8678, 268 ]),

    PCGroup(\[ 10, 2, 2, 2, 2, 2, 2, 2, 2, 2, 2, 242, 3012, 1102, 163, 3933, 
    1383, 113, 7204, 3614, 2624, 144, 2266, 1156, 1307, 677, 23058, 12819 ]),

    PCGroup(\[ 10, 2, 2, 2, 2, 2, 2, 2, 2, 2, 2, 1280, 10281, 6411, 3312, 20163,
    7533, 183, 2913, 14404, 10414, 124, 1844, 31685, 12015, 3745, 4115, 2085, 
    175, 22406, 20176, 7316, 3686, 486, 8997, 4527, 2297, 5798, 2928, 1498, 
    3239, 1649, 859 ]),

    PCGroup(\[ 10, 2, 2, 2, 2, 2, 2, 2, 2, 2, 2, 132, 382, 93, 423, 113, 1214, 
    4224, 5305, 2675, 58246, 29136, 7866, 3956, 1166, 71687, 35857, 1307, 677, 
    2287, 46088, 23058, 2908, 1478, 408, 25609, 12819, 22429, 11239, 5249 ]),

    PCGroup(\[ 10, 2, 2, 2, 2, 2, 2, 2, 2, 2, 2, 242, 10212, 4702, 163, 13533, 
    6183, 113, 31204, 15614, 8624, 27855, 11065, 5555, 525, 1015, 33616, 586, 
    316, 3266, 626, 10257, 1307, 677, 207, 397, 5778, 21628, 10838, 5268, 268 
    ]),

    PCGroup(\[ 10, 2, 2, 2, 2, 2, 2, 2, 2, 2, 2, 681, 1931, 242, 132, 382, 163, 
    15453, 423, 113, 2404, 1214, 9824, 744, 12025, 6035, 15696, 15706, 7876, 
    3686, 10257, 1307, 677, 4527, 5778, 10108, 5078, 2928, 44819, 17629, 8839, 
    1649 ]),

    PCGroup(\[ 10, 2, 2, 2, 2, 2, 2, 2, 2, 2, 2, 8971, 3552, 6562, 34243, 15533,
    343, 353, 26404, 3334, 444, 22085, 24015, 145, 2085, 175, 40326, 3686, 1046,
    5798, 1498, 3239, 859 ]),

    PCGroup(\[ 10, 2, 2, 2, 2, 2, 2, 2, 2, 2, 2, 7783, 234, 10105, 155, 7316, 
    1596, 8997, 1337, 5798, 5088, 3239, 459 ]),

    PCGroup(\[ 10, 2, 2, 2, 2, 2, 2, 2, 2, 2, 2, 11424, 1334, 2844, 6265, 1715, 
    3525, 16826, 1156, 4246, 1316, 5147, 677, 3887, 867, 2908, 10838, 3648, 1148
    ]),

    PCGroup(\[ 10, 2, 2, 2, 2, 2, 2, 2, 2, 2, 2, 29604, 16414, 9824, 40325, 
    29775, 6265, 58246, 15696, 2266, 71687, 10257, 1307, 46088, 5778, 10108, 
    25609, 44819, 17629 ]),

    PCGroup(\[ 10, 2, 2, 2, 2, 2, 2, 2, 2, 2, 2, 13214, 2624, 2134, 22095, 6265,
    1715, 2805, 415, 33616, 2266, 5076, 4246, 626, 10257, 1307, 6437, 1327, 397,
    5778, 21628, 8678, 768, 268 ]),

    PCGroup(\[ 10, 2, 2, 2, 2, 2, 2, 2, 2, 2, 2, 7783, 234, 10105, 155, 8997, 
    1337, 5798, 5088, 3239, 459 ]),

    PCGroup(\[ 10, 2, 2, 2, 2, 2, 2, 2, 2, 2, 2, 27002, 13512, 3862, 2243, 1133,
    7143, 1873, 5834, 13945, 155, 10106, 6756, 4246, 626, 20487, 10257, 677, 
    697, 867, 397, 11528, 5778, 10838, 418, 1148, 268 ]),

    PCGroup(\[ 10, 2, 2, 2, 2, 2, 2, 2, 2, 2, 2, 1462, 15533, 3623, 513, 18014, 
    6624, 644, 24015, 985, 4355, 2085, 1855, 4496, 586, 316, 2566, 1316, 346, 
    2577, 16027, 8037, 3247, 1657, 237, 21628, 10838 ]),

    PCGroup(\[ 10, 2, 2, 2, 2, 2, 2, 2, 2, 2, 2, 29882, 14952, 10023, 5604, 
    15614, 6224, 734, 344, 3845, 17295, 515, 285, 2246, 19056, 10106, 316, 2426,
    1316, 20487, 30737, 2597, 1327, 1657, 867, 397, 11528, 28818, 17308, 1478, 
    768, 2218, 1148, 618, 268 ]),

    PCGroup(\[ 10, 2, 2, 2, 2, 2, 2, 2, 2, 2, 2, 5832, 2902, 6573, 8423, 5024, 
    2134, 16335, 8665, 4835, 2085, 586, 2276, 5147, 5477, 867, 2908, 758, 2218 
    ]),

    PCGroup(\[ 10, 2, 2, 2, 2, 2, 2, 2, 2, 2, 2, 183, 2593, 124, 1644, 11065, 
    6755, 285, 415, 2266, 7036, 186, 1316, 346, 1307, 7397, 2447, 1657, 237, 
    2198, 1128 ]),

    PCGroup(\[ 10, 2, 2, 2, 2, 2, 2, 2, 2, 2, 2, 7752, 12333, 3303, 3073, 22814,
    8624, 2534, 1644, 1935, 1945, 4355, 1015, 1136, 4506, 4796, 2566, 626, 
    10257, 667, 7717, 867, 397, 5778, 1468, 1478, 2218, 268 ]),

    PCGroup(\[ 10, 2, 2, 2, 2, 2, 2, 2, 2, 2, 2, 4841, 2571, 13562, 2232, 7222, 
    22723, 2093, 903, 1793, 1604, 22414, 6824, 5634, 844, 965, 1935, 4105, 515, 
    535, 8966, 1136, 15706, 2556, 2566, 756, 346, 5127, 31377, 16667, 2757, 
    1967, 1657, 237 ]),

    PCGroup(\[ 10, 2, 2, 2, 2, 2, 2, 2, 2, 2, 2, 27002, 2902, 30403, 10413, 
    4423, 273, 1604, 13214, 10824, 234, 644, 965, 16335, 10825, 3035, 1605, 
    1615, 40326, 10106, 6756, 2846, 616, 626, 20487, 5147, 677, 2927, 1177, 397,
    11528, 2908, 5078, 5448, 238, 268 ]),

    PCGroup(\[ 10, 2, 2, 2, 2, 2, 2, 2, 2, 2, 2, 12201, 8651, 9722, 2232, 5182, 
    11843, 15213, 1863, 3873, 42404, 16014, 11624, 4934, 2444, 1935, 8665, 2085,
    1136, 586, 5076, 33287, 657, 11867, 1967, 867, 557 ]),

    PCGroup(\[ 10, 2, 2, 2, 2, 2, 2, 2, 2, 2, 2, 1604, 814, 424, 5034, 2044, 
    965, 495, 265, 5915, 2805, 175, 44806, 22416, 11226, 7316, 1726, 46087, 
    23057, 11547, 2607, 697, 5798, 3288, 418, 3239, 849, 1859 ]),

    PCGroup(\[ 10, 2, 2, 2, 2, 2, 2, 2, 2, 2, 2, 14121, 7752, 18093, 16804, 
    18014, 4224, 2534, 2644, 24965, 12985, 4115, 3525, 67206, 4496, 7866, 2276, 
    3406, 2156, 626, 20487, 2577, 15387, 9637, 2287, 697, 397, 11528, 43218, 
    14428, 758, 3288, 418, 268 ]),

    PCGroup(\[ 10, 2, 2, 2, 2, 2, 2, 2, 2, 2, 2, 3881, 23162, 23363, 39204, 
    14814, 4224, 2534, 1844, 48005, 20175, 9145, 7475, 1365, 1495, 58246, 15696,
    2266, 6196, 606, 616, 71687, 10257, 1307, 5157, 367, 1177, 46088, 5778, 
    10108, 10118, 2568, 238, 25609, 44819, 17629, 1639, 4449, 2659 ]),

    PCGroup(\[ 10, 2, 2, 2, 2, 2, 2, 2, 2, 2, 2, 26404, 18014, 6624, 2134, 1244,
    32645, 6735, 13945, 4115, 415, 67206, 33616, 2266, 3956, 3406, 1036, 626, 
    20487, 10257, 1307, 7717, 2287, 1977, 397, 11528, 5778, 21628, 7238, 3288, 
    1858, 268 ]),

    PCGroup(\[ 10, 2, 2, 2, 2, 2, 2, 2, 2, 2, 2, 11642, 5832, 33603, 16813, 
    42404, 10014, 9024, 1334, 2644, 55685, 27855, 6265, 6515, 2805, 1735, 40326,
    33616, 16826, 5076, 2566, 336, 626, 51207, 10257, 5147, 6437, 3247, 217, 
    397, 69128, 5778, 2908, 8678, 4368, 2758, 268 ]),

    PCGroup(\[ 10, 2, 2, 2, 2, 2, 2, 2, 2, 2, 2, 15043, 12653, 5863, 29604, 814,
    5224, 36485, 495, 6025, 58246, 15696, 2266, 71687, 10257, 1307, 46088, 5778,
    10108, 25609, 44819, 17629 ]),

    PCGroup(\[ 10, 2, 2, 2, 2, 2, 2, 2, 2, 2, 2, 15482, 5832, 7462, 20803, 7853,
    2023, 4033, 34404, 22814, 8624, 1134, 344, 55685, 22095, 985, 525, 1015, 
    67206, 4496, 586, 3266, 626, 20487, 2577, 14747, 207, 397, 11528, 43218, 
    19468, 5268, 268 ]),

    PCGroup(\[ 10, 2, 2, 2, 2, 2, 2, 2, 2, 2, 2, 13082, 10632, 36163, 1133, 
    3303, 1604, 18014, 5024, 2534, 1244, 965, 22095, 6265, 3155, 775, 40326, 
    33616, 16826, 3956, 606, 336, 626, 51207, 10257, 5147, 7717, 367, 217, 397, 
    69128, 5778, 2908, 7238, 5448, 2758, 268 ]),

    PCGroup(\[ 10, 2, 2, 2, 2, 2, 2, 2, 2, 2, 2, 13481, 1931, 12072, 27203, 
    7853, 8103, 4193, 24804, 7614, 5024, 1134, 2244, 55685, 12495, 11065, 515, 
    1005, 1015, 67206, 15696, 2266, 316, 3826, 626, 20487, 30737, 1307, 7397, 
    4687, 397, 11528, 28818, 21628, 9758, 228, 268 ]),

    PCGroup(\[ 10, 2, 2, 2, 2, 2, 2, 2, 2, 2, 2, 1133, 183, 814, 124, 495, 865, 
    15696, 12346, 2276, 2286, 336, 35857, 5147, 4517, 3567, 217, 23058, 2908, 
    758, 4728, 1318, 12819, 22429, 10439, 449, 2259 ]),

    PCGroup(\[ 10, 2, 2, 2, 2, 2, 2, 2, 2, 2, 2, 7322, 15072, 982, 30403, 16013,
    7143, 1633, 1604, 12614, 9024, 4934, 1844, 965, 23295, 11065, 2195, 2085, 
    175, 40326, 11216, 3386, 206 ]),

    PCGroup(\[ 10, 2, 2, 2, 2, 2, 2, 2, 2, 2, 2, 13481, 11592, 27203, 813, 6503,
    2113, 40804, 1214, 8224, 2534, 144, 24965, 6265, 29136, 6196, 3126, 1036, 
    20487, 35857, 8997, 4527, 697, 11528, 23058, 5798, 2928, 418, 12819, 1639, 
    849, 2859 ]),

    PCGroup(\[ 10, 2, 2, 2, 2, 2, 2, 2, 2, 2, 2, 4521, 1291, 6842, 1512, 1702, 
    6014, 3024, 3845, 8655, 2905, 285, 775, 2246, 2826, 186, 756, 206, 30727, 
    1967, 237 ]),

    PCGroup(\[ 10, 2, 2, 2, 2, 2, 2, 2, 2, 2, 2, 234, 155, 1166, 1176, 2607, 
    697, 5798, 408, 418, 3239, 849, 259 ]),

    PCGroup(\[ 10, 2, 2, 2, 2, 2, 2, 2, 2, 2, 2, 480, 2121, 2162, 1212, 163, 
    653, 1604, 1714, 534, 965, 255, 1465 ]),

    PCGroup(\[ 10, 2, 2, 2, 2, 2, 2, 2, 2, 2, 2, 1734, 515, 1605, 1255, 316, 
    886, 1316, 206, 6437, 2297, 1498, 788, 859, 469 ]),

    PCGroup(\[ 10, 2, 2, 2, 2, 2, 2, 2, 2, 2, 2, 15001, 242, 13032, 5542, 163, 
    2093, 6503, 513, 20004, 2814, 6224, 734, 48005, 1935, 10585, 515, 31366, 
    1136, 7306, 316, 10267, 5157, 2607, 697, 707, 23058, 2908, 1478, 5088, 418, 
    1328, 12819, 22429, 11239, 849, 2859, 269 ]),

    PCGroup(\[ 10, 2, 2, 2, 2, 2, 2, 2, 2, 2, 2, 5161, 7691, 27002, 14952, 7462,
    31043, 2343, 3873, 20004, 25214, 3024, 1534, 24965, 1935, 6745, 4355, 2565, 
    1255, 13446, 1136, 7306, 4796, 3126, 1316, 206, 25617, 12827, 3877, 4527, 
    2297, 11548, 2928, 1498, 788, 6429, 1649, 859, 469 ]),

    PCGroup(\[ 10, 2, 2, 2, 2, 2, 2, 2, 2, 2, 2, 7475, 2266, 1176, 1307, 697, 
    11548, 418, 6429, 259 ]),

    PCGroup(\[ 10, 2, 2, 2, 2, 2, 2, 2, 2, 2, 2, 320, 2601, 2571, 7752, 2404, 
    3614, 2444, 16335, 15686, 33616, 10106, 2006, 1316, 206, 71687, 15377, 1967,
    237 ]),

    PCGroup(\[ 10, -2, 2, 2, 2, 2, 2, 2, -2, 2, -2, 15696, 7866, 2006, 1876, 
    206, 25617, 12827, 3247, 397, 34578, 17308, 4368, 2218, 1148, 268 ]),

    PCGroup(\[ 10, 2, 2, 2, 2, 2, 2, 2, 2, 2, 2, 320, 144, 8966, 16816, 1166, 
    626, 5127, 10257, 2447, 867, 397, 43208, 5778, 408, 1148, 268 ]),

    PCGroup(\[ 10, 2, 2, 2, 2, 2, 2, 2, 2, 2, 2, 4333, 6983, 3233, 18814, 824, 
    5734, 1244, 1935, 11305, 5075, 3045, 1255, 1136, 306, 3956, 1446, 1316, 206,
    25617, 7707 ]),

    PCGroup(\[ 10, 2, 2, 2, 2, 2, 2, 2, 2, 2, 2, 14893, 6023, 113, 12224, 2344, 
    24015, 12025, 6275, 1005, 29136, 2266, 4516, 3966, 35857, 1307, 357, 4207, 
    23058, 11548, 1478, 228, 12819, 6429, 11239, 5049 ]),

    PCGroup(\[ 10, 2, 2, 2, 2, 2, 2, 2, 2, 2, 2, 40, 13241, 8803, 11453, 113, 
    22014, 2944, 21125, 1935, 2675, 885, 17926, 1136, 2276, 606, 48647, 8977, 
    6117, 367, 5768, 23058, 1478, 3468, 22409, 12819, 439, 2249 ]),

    PCGroup(\[ 10, 2, 2, 2, 2, 2, 2, 2, 2, 2, 2, 9001, 331, 11652, 1702, 14813, 
    4903, 1313, 23204, 3214, 3424, 3334, 744, 8966, 16256, 10106, 3676, 2566, 
    346, 5127, 657, 12827, 3557, 3247, 237, 10098 ]),

    PCGroup(\[ 10, 2, 2, 2, 2, 2, 2, 2, 2, 2, 2, 4521, 5131, 1812, 2333, 7783, 
    1313, 23204, 1614, 9824, 3334, 144, 7695, 8966, 576, 876, 2566, 346, 5127, 
    18577, 1637, 3247, 237, 1458 ]),

    PCGroup(\[ 10, 2, 2, 2, 2, 2, 2, 2, 2, 2, 2, 19523, 333, 4903, 24804, 214, 
    6224, 48005, 12025, 995, 285, 58246, 4496, 14586, 2276, 186, 71687, 2577, 
    17947, 357, 1327, 46088, 11548, 758, 768, 25609, 6429, 10439, 5649 ]),

    PCGroup(\[ 10, 2, 2, 2, 2, 2, 2, 2, 2, 2, 2, 601, 242, 3432, 142, 163, 4653,
    113, 1935, 2665, 1355, 1125, 1255, 1136, 3666, 1856, 1446, 1316, 206, 25617,
    7707, 3877, 4527, 2297, 11548, 5798, 1498, 788, 6429, 3239, 859, 469 ]),

    PCGroup(\[ 10, 2, 2, 2, 2, 2, 2, 2, 2, 2, 2, 7322, 20163, 333, 743, 2913, 
    1604, 214, 1024, 1844, 965, 15135, 1465, 4115, 2085, 175, 40326, 3386, 7316,
    3686, 206, 11548, 5798, 2928, 1498, 6429, 3239, 1649, 859 ]),

    PCGroup(\[ 10, 2, 2, 2, 2, 2, 2, 2, 2, 2, 2, 8000, 17001, 8011, 24362, 1752,
    82, 1603, 813, 193, 49604, 22814, 7224, 3334, 1344, 45926, 34736, 13746, 
    2836, 2566, 206, 33287, 8347, 8997, 4527, 23058, 11548, 2928, 788, 12819, 
    6429, 1649, 469 ]),

    PCGroup(\[ 10, 2, 2, 2, 2, 2, 2, 2, 2, 2, 2, 10404, 814, 9824, 13445, 495, 
    12025, 8966, 5127, 11548, 6429 ]),

    PCGroup(\[ 10, 2, 2, 2, 2, 2, 2, 2, 2, 2, 2, 36163, 333, 6183, 45604, 214, 
    7824, 985, 1015, 586, 626, 20487, 1657, 867, 397, 11528, 2218, 1148, 268 ]),

    PCGroup(\[ 10, 2, 2, 2, 2, 2, 2, 2, 2, 2, 2, 643, 333, 404, 214, 1935, 3155,
    1605, 1136, 3956, 2006, 71687, 35857, 17947, 2597, 1327, 697, 387, 46088, 
    23058, 11548, 1478, 768, 418, 248, 25609, 12819, 6429, 11239, 5649, 2859, 
    1469 ]),

    PCGroup(\[ 10, 2, 2, 2, 2, 2, 2, 2, 2, 2, 2, 643, 9933, 9143, 2593, 404, 
    12214, 11324, 1644, 1935, 1015, 1136, 626, 20487, 397, 11528, 268 ]),

    PCGroup(\[ 10, 2, 2, 2, 2, 2, 2, 2, 2, 2, 2, 81, 62, 2243, 2253, 1303, 1604,
    3214, 1424, 965, 5295, 985, 8966, 1976, 586, 5127, 657, 187 ]),

    PCGroup(\[ 10, 2, 2, 2, 2, 2, 2, 2, 2, 2, 2, 4121, 5131, 242, 2472, 6262, 
    163, 3373, 4903, 3393, 45604, 17214, 3824, 4334, 1644, 3845, 22095, 11545, 
    1715, 2085, 1015, 2246, 4496, 6186, 5636, 2566, 626, 20487, 2577, 8987, 677,
    1657, 867, 397, 11528, 18738, 748, 4718, 2218, 1148, 268 ]),

    PCGroup(\[ 10, 2, 2, 2, 2, 2, 2, 2, 2, 2, 2, 11592, 5782, 333, 4023, 214, 
    12124, 24656, 12346, 3956, 2286, 35857, 17947, 8357, 1327, 23058, 11548, 
    7958, 768, 12819, 6429, 11239, 449 ]),

    PCGroup(\[ 10, 2, 2, 2, 2, 2, 2, 2, 2, 2, 2, 10563, 5293, 7783, 673, 1604, 
    20014, 6824, 2934, 1844, 965, 23535, 7945, 1715, 2085, 175, 40326, 20176, 
    5626, 1716, 3686, 206, 2928, 1498, 1649, 859 ]),

    PCGroup(\[ 10, 2, 2, 2, 2, 2, 2, 2, 2, 2, 2, 7721, 11642, 1512, 742, 28483, 
    7143, 6624, 6334, 1935, 985, 1955, 2085, 40326, 1136, 586, 1156, 2566, 
    10257, 5147, 677, 867, 5778, 14428, 398, 2218 ]),

    PCGroup(\[ 10, 2, 2, 2, 2, 2, 2, 2, 2, 2, 2, 7342, 4183, 113, 824, 145, 
    4115, 2565, 175, 306, 7316, 5147, 5157, 2297, 2908, 10118, 1498, 1639, 859 
    ]),

    PCGroup(\[ 10, 2, 2, 2, 2, 2, 2, 2, 2, 2, 2, 23162, 9672, 7783, 20004, 
    19614, 2534, 24965, 24015, 1715, 14586, 2006, 336, 17947, 1327, 217, 11548, 
    768, 1318, 6429, 5649, 2259 ]),

    PCGroup(\[ 10, 2, 2, 2, 2, 2, 2, 2, 2, 2, 2, 14121, 1931, 13512, 33603, 
    10413, 7143, 1953, 18014, 5334, 27855, 5555, 285, 1015, 33616, 1156, 186, 
    626, 10257, 677, 3727, 397, 5778, 10838, 4908, 268 ]),

    PCGroup(\[ 10, 2, 2, 2, 2, 2, 2, 2, 2, 2, 2, 5120, 14121, 33603, 18014, 
    1424, 5334, 1644, 32645, 27855, 5555, 285, 1015, 40326, 33616, 1156, 186, 
    626, 51207, 10257, 677, 3727, 397, 69128, 5778, 10838, 4908, 268 ]),

    PCGroup(\[ 10, 2, 2, 2, 2, 2, 2, 2, 2, 2, 2, 27002, 10632, 28483, 16813, 
    8423, 4513, 36004, 21214, 5734, 13945, 5555, 285, 1015, 16826, 1156, 186, 
    626, 5147, 677, 3727, 397, 2908, 10838, 4908, 268 ]),

    PCGroup(\[ 10, 2, 2, 2, 2, 2, 2, 2, 2, 2, 2, 242, 132, 163, 93, 5604, 4414, 
    1624, 234, 13445, 1935, 3145, 155, 8966, 1136, 3106, 1016, 5127, 8977, 347, 
    2117 ]),

    PCGroup(\[ 10, 2, 2, 2, 2, 2, 2, 2, 2, 2, 2, 6121, 491, 15482, 6312, 3862, 
    6253, 5223, 1604, 814, 824, 234, 844, 965, 495, 1945, 155, 535, 8966, 22416,
    306, 1156, 2566, 346, 5127, 2577, 667, 677, 1657, 237 ]),

    PCGroup(\[ 10, 2, 2, 2, 2, 2, 2, 2, 2, 2, 2, 5120, 7721, 14522, 132, 28483, 
    93, 26404, 13214, 10224, 3134, 1644, 32645, 10575, 11065, 1955, 2085, 1015, 
    33616, 7306, 1156, 2566, 1316, 626, 10257, 7067, 677, 3247, 1657, 397, 
    69128, 5778, 21628, 398, 4368, 1148, 618, 268 ]),

    PCGroup(\[ 10, 2, 2, 2, 2, 2, 2, 2, 2, 2, 2, 9242, 8472, 382, 9923, 15533, 
    8743, 1313, 1604, 20014, 424, 5634, 844, 965, 23535, 265, 515, 535, 8966, 
    4496, 6746, 316, 2566, 756, 346, 5127, 2577, 11547, 7877, 1967, 1657, 237 
    ]),

    PCGroup(\[ 10, 2, 2, 2, 2, 2, 2, 2, 2, 2, 2, 15481, 51, 5443, 18093, 2023, 
    993, 1604, 20014, 9824, 965, 495, 12025, 6035, 4496, 3686, 1876, 2577, 4527,
    2297, 23058, 5798, 12819, 3239 ]),

    PCGroup(\[ 10, 2, 2, 2, 2, 2, 2, 2, 2, 2, 2, 8681, 91, 7752, 82, 1604, 5414,
    12024, 1644, 965, 6975, 985, 1015, 67206, 4496, 586, 2566, 1316, 626, 20487,
    2577, 4667, 3247, 1657, 397, 11528, 43218, 4888, 4368, 2218, 268 ]),

    PCGroup(\[ 10, 2, 2, 2, 2, 2, 2, 2, 2, 2, 2, 7752, 2814, 2224, 234, 1935, 
    1945, 155, 1136, 4506, 1016, 10257, 667, 1797, 867, 5778, 1468, 3458, 4368, 
    2218 ]),

    PCGroup(\[ 10, 2, 2, 2, 2, 2, 2, 2, 2, 2, 2, 7040, 6761, 7531, 8522, 3672, 
    28483, 1773, 183, 2593, 14404, 8014, 124, 1644, 965, 26895, 3025, 2195, 
    2085, 1015, 8966, 18496, 10526, 756, 626, 46087, 1297, 7227, 6437, 1967, 
    867, 397 ]),

    PCGroup(\[ 10, 2, 2, 2, 2, 2, 2, 2, 2, 2, 2, 1291, 11592, 9923, 11373, 343, 
    2913, 1604, 2414, 3124, 3334, 244, 965, 2415, 145, 4115, 175, 6736, 10106, 
    7316, 206, 5798, 2928, 1498, 3239, 1649, 859 ]),

    PCGroup(\[ 10, 2, 2, 2, 2, 2, 2, 2, 2, 2, 2, 10281, 24602, 13752, 2722, 
    5223, 1604, 16014, 7924, 3334, 844, 965, 1935, 10465, 4115, 535, 44806, 
    1136, 12766, 5076, 2566, 346, 46087, 21137, 4667, 6437, 1657, 237 ]),

    PCGroup(\[ 10, 2, 2, 2, 2, 2, 2, 2, 2, 2, 2, 1424, 4734, 3155, 285, 186, 
    5147, 2597, 4527, 387, 2908, 1478, 2928, 248, 1649, 2859 ]),

    PCGroup(\[ 10, 2, 2, 2, 2, 2, 2, 2, 2, 2, 2, 3862, 5223, 9024, 3934, 1944, 
    11065, 515, 2205, 2266, 316, 2426, 1307, 7397, 3727, 1657, 867, 17308, 8678,
    2218, 1148, 618, 268 ]),

    PCGroup(\[ 10, 2, 2, 2, 2, 2, 2, 2, 2, 2, 2, 7752, 18093, 8414, 10624, 2134,
    1244, 10575, 8185, 6995, 2805, 655, 33616, 2266, 5076, 2566, 336, 626, 
    10257, 1307, 6437, 3247, 217, 397, 5778, 21628, 8678, 4368, 2758, 268 ]),

    PCGroup(\[ 10, 2, 2, 2, 2, 2, 2, 2, 2, 2, 2, 16804, 21214, 5024, 3334, 2244,
    44165, 10575, 12985, 3155, 2085, 415, 67206, 4496, 13466, 2276, 2006, 626, 
    20487, 2577, 8987, 9637, 3887, 397, 11528, 43218, 12988, 758, 3648, 268 ]),

    PCGroup(\[ 10, 2, 2, 2, 2, 2, 2, 2, 2, 2, 2, 9641, 11642, 5223, 12414, 
    10224, 3845, 16335, 8185, 4115, 1005, 1015, 2246, 10106, 5076, 606, 1316, 
    626, 20487, 25617, 6437, 367, 397, 11528, 17308, 8678, 228, 618, 268 ]),

    PCGroup(\[ 10, 2, 2, 2, 2, 2, 2, 2, 2, 2, 2, 23363, 6573, 3783, 20004, 814, 
    9824, 24965, 495, 12025, 58246, 15696, 2266, 71687, 10257, 1307, 46088, 
    5778, 10108, 25609, 44819, 17629 ]),

    PCGroup(\[ 10, 2, 2, 2, 2, 2, 2, 2, 2, 2, 2, 13123, 7853, 5223, 833, 26404, 
    4414, 6224, 2134, 2544, 55685, 22095, 985, 5795, 3525, 1015, 67206, 4496, 
    586, 3116, 4246, 626, 20487, 2577, 14747, 4197, 1327, 397, 11528, 43218, 
    19468, 6158, 768, 268 ]),

    PCGroup(\[ 10, 2, 2, 2, 2, 2, 2, 2, 2, 2, 2, 21242, 12552, 1462, 28483, 
    14253, 3303, 20004, 10014, 5024, 4534, 1244, 55685, 10575, 13945, 6515, 885,
    1735, 67206, 2266, 6756, 2846, 1036, 626, 20487, 1307, 4517, 2927, 1977, 
    397, 11528, 21628, 6518, 2568, 1858, 268 ]),

    PCGroup(\[ 10, 2, 2, 2, 2, 2, 2, 2, 2, 2, 2, 10404, 8414, 5024, 5734, 1044, 
    13445, 22095, 12985, 1715, 885, 1615, 67206, 33616, 13466, 5076, 1166, 336, 
    626, 20487, 10257, 8987, 6437, 4847, 217, 397, 11528, 5778, 12988, 8678, 
    408, 2758, 268 ]),

    PCGroup(\[ 10, 2, 2, 2, 2, 2, 2, 2, 2, 2, 2, 7783, 3424, 1734, 1644, 10105, 
    515, 3525, 1255, 3386, 316, 3126, 1316, 206, 6437, 4527, 2297, 1498, 788, 
    859, 469 ]),

    PCGroup(\[ 10, 2, 2, 2, 2, 2, 2, 2, 2, 2, 2, 23162, 982, 20163, 4423, 673, 
    1604, 12424, 4534, 1844, 965, 6985, 3635, 2085, 175, 40326, 7866, 1716, 
    3686, 1046, 5798, 2928, 1498, 3239, 1649, 859 ]),

    PCGroup(\[ 10, 2, 2, 2, 2, 2, 2, 2, 2, 2, 2, 15401, 11642, 9072, 4522, 
    13123, 333, 4023, 2913, 32804, 214, 8124, 6134, 1244, 24015, 6265, 2675, 
    2565, 4496, 8986, 2276, 2006, 2577, 8987, 7077, 2607, 23058, 2908, 758, 
    5088, 12819, 22429, 10439, 849 ]),

    PCGroup(\[ 10, 2, 2, 2, 2, 2, 2, 2, 2, 2, 2, 14586, 1156, 1876, 906, 7707, 
    677, 1017, 867, 237, 8678 ]),

    PCGroup(\[ 10, 2, 2, 2, 2, 2, 2, 2, 2, 2, 2, 9824, 24965, 10105, 3285, 175, 
    58246, 14586, 3686, 906, 71687, 17947, 1337, 1187, 46088, 11548, 2928, 418, 
    788, 25609, 6429, 1649, 2859, 469 ]),

    PCGroup(\[ 10, 2, 2, 2, 2, 2, 2, 2, 2, 2, 2, 7680, 6681, 17402, 132, 31043, 
    93, 39204, 10014, 7424, 4934, 48005, 12495, 9145, 6035, 49286, 15696, 15706,
    6196, 71687, 10257, 14107, 8997, 46088, 5778, 18748, 5798, 25609, 35219, 
    11229, 3239 ]),

    PCGroup(\[ 10, 2, 2, 2, 2, 2, 2, 2, 2, 2, 2, 6792, 742, 15853, 9863, 113, 
    13214, 9824, 29775, 8665, 3635, 1125, 535, 4496, 586, 7876, 3686, 1316, 906,
    2577, 9627, 5797, 1967, 867, 237, 34578, 17308, 8678 ]),

    PCGroup(\[ 10, 2, 2, 2, 2, 2, 2, 2, 2, 2, 2, 242, 132, 6022, 163, 93, 4033, 
    39204, 25214, 7624, 434, 144, 3865, 1955, 4496, 13746, 176, 2566, 346, 2577,
    20187, 2437, 3247, 237, 748, 398 ]),

    PCGroup(\[ 10, 2, 2, 2, 2, 2, 2, 2, 2, 2, 2, 2404, 2734, 144, 31366, 6196, 
    2286, 1876, 71687, 2597, 367, 1337, 46088, 1478, 2568, 2578, 25609, 11239, 
    5249, 459 ]),

    PCGroup(\[ 10, 2, 2, 2, 2, 2, 2, 2, 2, 2, 2, 424, 6134, 265, 7475, 2266, 
    1156, 1166, 1176, 1307, 677, 2607, 697, 5798, 408, 418, 3239, 849, 259 ]),

    PCGroup(\[ 10, 2, 2, 2, 2, 2, 2, 2, 2, 2, 2, 24414, 7424, 4134, 12495, 3385,
    7475, 29136, 7866, 1156, 35857, 5147, 677, 23058, 2908, 5078, 12819, 22429, 
    8839 ]),

    PCGroup(\[ 10, 2, 2, 2, 2, 2, 2, 2, 2, 2, 2, 13293, 263, 113, 10014, 6035, 
    1605, 15696, 7866, 6196, 2006, 10257, 5147, 5157, 1327, 5778, 2908, 10118, 
    768, 3239, 5649 ]),

    PCGroup(\[ 10, 2, 2, 2, 2, 2, 2, 2, 2, 2, 2, 8331, 6573, 2593, 16804, 21214,
    5334, 2644, 36485, 26895, 6755, 2085, 175, 8976, 2276, 71687, 24337, 6117, 
    3247, 1657, 237, 2898, 758 ]),

    PCGroup(\[ 10, 2, 2, 2, 2, 2, 2, 2, 2, 2, 2, 3765, 1855, 606, 2016, 906, 
    367, 2137, 867, 237, 4368, 268 ]),

    PCGroup(\[ 10, 2, 2, 2, 2, 2, 2, 2, 2, 2, 2, 3862, 183, 2593, 124, 3334, 
    1644, 12025, 10106, 5636, 3966, 1876, 346, 17947, 5797, 4207, 2297, 867, 237
    ]),

    PCGroup(\[ 10, 2, 2, 2, 2, 2, 2, 2, 2, 2, 2, 14761, 7371, 6842, 1512, 982, 
    14893, 4903, 50404, 6014, 1824, 1534, 3845, 5775, 4345, 4355, 645, 1255, 
    2246, 32496, 4796, 886, 1316, 206, 51207, 15377, 3877, 2297, 23058, 11548, 
    2928, 1498, 788, 12819, 6429, 1649, 859, 469 ]),

    PCGroup(\[ 10, 2, 2, 2, 2, 2, 2, 2, 2, 2, 2, 234, 3044, 155, 1125, 1375, 
    7316, 1726, 1456, 906, 6437, 1647, 217, 867, 237, 4368, 2218 ]),

    PCGroup(\[ 10, 2, 2, 2, 2, 2, 2, 2, 2, 2, 2, 1734, 515, 2565, 1255, 316, 
    4246, 1316, 206, 6437, 2297, 1498, 788, 859, 469 ]),

    PCGroup(\[ 10, 2, 2, 2, 2, 2, 2, 2, 2, 2, 2, 19523, 5223, 50404, 6224, 3845,
    8665, 5795, 2246, 9546, 1156, 2566, 20487, 5147, 677, 3247, 1657, 11528, 
    2908, 6158, 1148 ]),

    PCGroup(\[ 10, 2, 2, 2, 2, 2, 2, 2, 2, 2, 2, 23162, 132, 31043, 93, 19614, 
    2824, 234, 29775, 14665, 155, 14586, 7316, 3966, 336, 4207, 217, 11548, 
    5798, 6429, 3239 ]),

    PCGroup(\[ 10, 2, 2, 2, 2, 2, 2, 2, 2, 2, 2, 3801, 2251, 242, 1752, 1102, 
    163, 3693, 1383, 113, 7204, 6014, 2624, 144, 4496, 2266, 1156, 2577, 1307, 
    677 ]),

    PCGroup(\[ 10, 2, 2, 2, 2, 2, 2, 2, 2, 2, 2, 263, 113, 14905, 6035, 885, 
    2266, 4516, 3686, 1307, 7077, 4527, 11548, 1478, 4008, 6429, 10439, 2849 ]),

    PCGroup(\[ 10, 2, 2, 2, 2, 2, 2, 2, 2, 2, 2, 10014, 7424, 2134, 6735, 5305, 
    5075, 29136, 7866, 1156, 35857, 5147, 677, 23058, 2908, 5078, 12819, 22429, 
    8839 ]),

    PCGroup(\[ 10, 2, 2, 2, 2, 2, 2, 2, 2, 2, 2, 15401, 1931, 17402, 8772, 
    38723, 93, 20004, 14814, 6735, 14905, 3155, 2325, 4496, 8986, 7876, 2006, 
    2577, 16667, 2597, 3567, 23058, 15868, 1478, 4728, 12819, 1629, 5639, 5649 
    ]),

    PCGroup(\[ 10, 2, 2, 2, 2, 2, 2, 2, 2, 2, 2, 5782, 5223, 9824, 16335, 10105,
    7235, 1125, 1735, 20176, 7866, 5916, 3686, 756, 206, 12827, 3877, 3247, 
    1657, 2218, 1148 ])
]
